linux-packages	Set up job	2026-09-22T19:39:01.4030100Z Current runner version: '2.337.0'
linux-packages	Set up job	2026-09-22T19:39:01.4045164Z ##[group]Runner Image Provisioner
linux-packages	Set up job	2026-09-22T19:39:01.4045749Z Hosted Compute Agent
linux-packages	Set up job	2026-09-22T19:39:01.4046070Z Version: 20260828.587
linux-packages	Set up job	2026-09-22T19:39:01.4046412Z Commit: abac92662cab4cc7352de4f9f9d2e2419aad9c29
linux-packages	Set up job	2026-09-22T19:39:01.4046864Z Build Date: 2026-08-28T16:44:25Z
linux-packages	Set up job	2026-09-22T19:39:01.4047237Z Worker ID: {5a06aaf9-f19e-4388-be81-4c84a090c714}
linux-packages	Set up job	2026-09-22T19:39:01.4047654Z Azure Region: westus2
linux-packages	Set up job	2026-09-22T19:39:01.4048101Z ##[endgroup]
linux-packages	Set up job	2026-09-22T19:39:01.4048874Z ##[group]Operating System
linux-packages	Set up job	2026-09-22T19:39:01.4049239Z Ubuntu
linux-packages	Set up job	2026-09-22T19:39:01.4049526Z 22.04.5
linux-packages	Set up job	2026-09-22T19:39:01.4049809Z LTS
linux-packages	Set up job	2026-09-22T19:39:01.4050099Z ##[endgroup]
linux-packages	Set up job	2026-09-22T19:39:01.4050400Z ##[group]Runner Image
linux-packages	Set up job	2026-09-22T19:39:01.4050763Z Image: ubuntu-22.04
linux-packages	Set up job	2026-09-22T19:39:01.4051077Z Version: 20260920.303.1
linux-packages	Set up job	2026-09-22T19:39:01.4051663Z Included Software: https://github.com/actions/runner-images/blob/ubuntu22/20260920.303/images/ubuntu/Ubuntu2204-Readme.md
linux-packages	Set up job	2026-09-22T19:39:01.4052597Z Image Release: https://github.com/actions/runner-images/releases/tag/ubuntu22%2F20260920.303
linux-packages	Set up job	2026-09-22T19:39:01.4053148Z ##[endgroup]
linux-packages	Set up job	2026-09-22T19:39:01.4053742Z ##[group]GITHUB_TOKEN Permissions
linux-packages	Set up job	2026-09-22T19:39:01.4054849Z Contents: read
linux-packages	Set up job	2026-09-22T19:39:01.4055171Z Metadata: read
linux-packages	Set up job	2026-09-22T19:39:01.4055516Z ##[endgroup]
linux-packages	Set up job	2026-09-22T19:39:01.4056707Z Secret source: Actions
linux-packages	Set up job	2026-09-22T19:39:01.4057233Z Cache mode: write
linux-packages	Set up job	2026-09-22T19:39:01.4057628Z Prepare workflow directory
linux-packages	Set up job	2026-09-22T19:39:01.4255863Z Prepare all required actions
linux-packages	Set up job	2026-09-22T19:39:01.4286003Z Getting action download info
linux-packages	Set up job	2026-09-22T19:39:01.8786270Z Download action repository 'actions/checkout@v4' (SHA:11d5960a326750d5838078e36cf38b85af677262)
linux-packages	Set up job	2026-09-22T19:39:02.0103672Z Download action repository 'pnpm/action-setup@v4' (SHA:b906affcce14559ad1aafd4ab0e942779e9f58b1)
linux-packages	Set up job	2026-09-22T19:39:02.2690778Z Download action repository 'actions/setup-node@v4' (SHA:49933ea5288caeca8642d1e84afbd3f7d6820020)
linux-packages	Set up job	2026-09-22T19:39:02.4219519Z Download action repository 'dtolnay/rust-toolchain@stable' (SHA:6bed0761d98439e5a578e2877258200ad565ba87)
linux-packages	Set up job	2026-09-22T19:39:02.5981742Z Download action repository 'Swatinem/rust-cache@v2' (SHA:6323deb102c322ba6fcbdcafc7e3dddab59af2b6)
linux-packages	Set up job	2026-09-22T19:39:02.9021717Z Download action repository 'actions/upload-artifact@v4' (SHA:ea165f8d65b6e75b540449e92b4886f43607fa02)
linux-packages	Set up job	2026-09-22T19:39:03.2251263Z Complete job name: linux-packages
linux-packages	Run actions/checkout@v4	2026-09-22T19:39:03.2804685Z Node 20 is being deprecated. This workflow is running with Node 24 by default. If you need to temporarily use Node 20, you can set the ACTIONS_ALLOW_USE_UNSECURE_NODE_VERSION=true environment variable. For more information see: https://github.blog/changelog/2025-09-19-deprecation-of-node-20-on-github-actions-runners/
linux-packages	Run actions/checkout@v4	2026-09-22T19:39:03.2810536Z ##[group]Run actions/checkout@v4
linux-packages	Run actions/checkout@v4	2026-09-22T19:39:03.2811340Z with:
linux-packages	Run actions/checkout@v4	2026-09-22T19:39:03.2811807Z   persist-credentials: false
linux-packages	Run actions/checkout@v4	2026-09-22T19:39:03.2812367Z   repository: rndaom/execs
linux-packages	Run actions/checkout@v4	2026-09-22T19:39:03.2817037Z   token: ***
linux-packages	Run actions/checkout@v4	2026-09-22T19:39:03.2817520Z   ssh-strict: true
linux-packages	Run actions/checkout@v4	2026-09-22T19:39:03.2818127Z   ssh-user: git
linux-packages	Run actions/checkout@v4	2026-09-22T19:39:03.2818605Z   clean: true
linux-packages	Run actions/checkout@v4	2026-09-22T19:39:03.2819126Z   sparse-checkout-cone-mode: true
linux-packages	Run actions/checkout@v4	2026-09-22T19:39:03.2819693Z   fetch-depth: 1
linux-packages	Run actions/checkout@v4	2026-09-22T19:39:03.2820164Z   fetch-tags: false
linux-packages	Run actions/checkout@v4	2026-09-22T19:39:03.2820638Z   show-progress: true
linux-packages	Run actions/checkout@v4	2026-09-22T19:39:03.2821125Z   lfs: false
linux-packages	Run actions/checkout@v4	2026-09-22T19:39:03.2821573Z   submodules: false
linux-packages	Run actions/checkout@v4	2026-09-22T19:39:03.2822097Z   set-safe-directory: true
linux-packages	Run actions/checkout@v4	2026-09-22T19:39:03.2822653Z   allow-unsafe-pr-checkout: false
linux-packages	Run actions/checkout@v4	2026-09-22T19:39:03.2823296Z ##[endgroup]
linux-packages	Run actions/checkout@v4	2026-09-22T19:39:03.3392581Z Syncing repository: rndaom/execs
linux-packages	Run actions/checkout@v4	2026-09-22T19:39:03.3394227Z ##[group]Getting Git version info
linux-packages	Run actions/checkout@v4	2026-09-22T19:39:03.3394917Z Working directory is '/home/runner/work/execs/execs'
linux-packages	Run actions/checkout@v4	2026-09-22T19:39:03.3395981Z [command]/usr/bin/git version
linux-packages	Run actions/checkout@v4	2026-09-22T19:39:03.3408893Z git version 2.55.0
linux-packages	Run actions/checkout@v4	2026-09-22T19:39:03.3420428Z ##[endgroup]
linux-packages	Run actions/checkout@v4	2026-09-22T19:39:03.3429260Z Temporarily overriding HOME='/home/runner/work/_temp/2db08a56-ce7d-4b10-8d92-15ce76abbda1' before making global git config changes
linux-packages	Run actions/checkout@v4	2026-09-22T19:39:03.3431834Z Adding repository directory to the temporary git global config as a safe directory
linux-packages	Run actions/checkout@v4	2026-09-22T19:39:03.3433320Z [command]/usr/bin/git config --global --add safe.directory /home/runner/work/execs/execs
linux-packages	Run actions/checkout@v4	2026-09-22T19:39:03.3453933Z Deleting the contents of '/home/runner/work/execs/execs'
linux-packages	Run actions/checkout@v4	2026-09-22T19:39:03.3455979Z ##[group]Initializing the repository
linux-packages	Run actions/checkout@v4	2026-09-22T19:39:03.3458019Z [command]/usr/bin/git init /home/runner/work/execs/execs
linux-packages	Run actions/checkout@v4	2026-09-22T19:39:03.4874379Z hint: Using 'master' as the name for the initial branch. This default branch name
linux-packages	Run actions/checkout@v4	2026-09-22T19:39:03.4876236Z hint: will change to "main" in Git 3.0. To configure the initial branch name
linux-packages	Run actions/checkout@v4	2026-09-22T19:39:03.4879849Z hint: to use in all of your new repositories, which will suppress this warning,
linux-packages	Run actions/checkout@v4	2026-09-22T19:39:03.4881263Z hint: call:
linux-packages	Run actions/checkout@v4	2026-09-22T19:39:03.4881943Z hint:
linux-packages	Run actions/checkout@v4	2026-09-22T19:39:03.4882836Z hint: 	git config --global init.defaultBranch <name>
linux-packages	Run actions/checkout@v4	2026-09-22T19:39:03.4883937Z hint:
linux-packages	Run actions/checkout@v4	2026-09-22T19:39:03.4884954Z hint: Names commonly chosen instead of 'master' are 'main', 'trunk' and
linux-packages	Run actions/checkout@v4	2026-09-22T19:39:03.4886572Z hint: 'development'. The just-created branch can be renamed via this command:
linux-packages	Run actions/checkout@v4	2026-09-22T19:39:03.4888001Z hint:
linux-packages	Run actions/checkout@v4	2026-09-22T19:39:03.4888981Z hint: 	git branch -m <name>
linux-packages	Run actions/checkout@v4	2026-09-22T19:39:03.4889899Z hint:
linux-packages	Run actions/checkout@v4	2026-09-22T19:39:03.4891053Z hint: Disable this message with "git config set advice.defaultBranchName false"
linux-packages	Run actions/checkout@v4	2026-09-22T19:39:03.4892849Z Initialized empty Git repository in /home/runner/work/execs/execs/.git/
linux-packages	Run actions/checkout@v4	2026-09-22T19:39:03.4901069Z [command]/usr/bin/git remote add origin https://github.com/rndaom/execs
linux-packages	Run actions/checkout@v4	2026-09-22T19:39:03.4967246Z ##[endgroup]
linux-packages	Run actions/checkout@v4	2026-09-22T19:39:03.4968726Z ##[group]Disabling automatic garbage collection
linux-packages	Run actions/checkout@v4	2026-09-22T19:39:03.4974341Z [command]/usr/bin/git config --local gc.auto 0
linux-packages	Run actions/checkout@v4	2026-09-22T19:39:03.5065924Z ##[endgroup]
linux-packages	Run actions/checkout@v4	2026-09-22T19:39:03.5067195Z ##[group]Setting up auth
linux-packages	Run actions/checkout@v4	2026-09-22T19:39:03.5070660Z [command]/usr/bin/git config --local --name-only --get-regexp core\.sshCommand
linux-packages	Run actions/checkout@v4	2026-09-22T19:39:03.5088127Z [command]/usr/bin/git submodule foreach --recursive sh -c "git config --local --name-only --get-regexp 'core\.sshCommand' && git config --local --unset-all 'core.sshCommand' || :"
linux-packages	Run actions/checkout@v4	2026-09-22T19:39:03.5243472Z [command]/usr/bin/git config --local --name-only --get-regexp http\.https\:\/\/github\.com\/\.extraheader
linux-packages	Run actions/checkout@v4	2026-09-22T19:39:03.5261816Z [command]/usr/bin/git submodule foreach --recursive sh -c "git config --local --name-only --get-regexp 'http\.https\:\/\/github\.com\/\.extraheader' && git config --local --unset-all 'http.https://github.com/.extraheader' || :"
linux-packages	Run actions/checkout@v4	2026-09-22T19:39:03.5358368Z [command]/usr/bin/git config --local --name-only --get-regexp ^includeIf\.gitdir:
linux-packages	Run actions/checkout@v4	2026-09-22T19:39:03.5374437Z [command]/usr/bin/git submodule foreach --recursive git config --local --show-origin --name-only --get-regexp remote.origin.url
linux-packages	Run actions/checkout@v4	2026-09-22T19:39:03.5470926Z [command]/usr/bin/git config --local http.https://github.com/.extraheader AUTHORIZATION: basic ***
linux-packages	Run actions/checkout@v4	2026-09-22T19:39:03.6459500Z ##[endgroup]
linux-packages	Run actions/checkout@v4	2026-09-22T19:39:03.6461132Z ##[group]Fetching the repository
linux-packages	Run actions/checkout@v4	2026-09-22T19:39:03.6466073Z [command]/usr/bin/git -c protocol.version=2 fetch --no-tags --prune --no-recurse-submodules --depth=1 origin +6a738eebb77de9594219de389667397c509380f0:refs/remotes/pull/60/merge
linux-packages	Run actions/checkout@v4	2026-09-22T19:39:06.6821915Z From https://github.com/rndaom/execs
linux-packages	Run actions/checkout@v4	2026-09-22T19:39:06.6823830Z  * [new ref]         6a738eebb77de9594219de389667397c509380f0 -> pull/60/merge
linux-packages	Run actions/checkout@v4	2026-09-22T19:39:06.6825005Z ##[endgroup]
linux-packages	Run actions/checkout@v4	2026-09-22T19:39:06.6825325Z ##[group]Determining the checkout info
linux-packages	Run actions/checkout@v4	2026-09-22T19:39:06.6827098Z ##[endgroup]
linux-packages	Run actions/checkout@v4	2026-09-22T19:39:06.6831118Z [command]/usr/bin/git sparse-checkout disable
linux-packages	Run actions/checkout@v4	2026-09-22T19:39:06.6903992Z [command]/usr/bin/git config --local --unset-all extensions.worktreeConfig
linux-packages	Run actions/checkout@v4	2026-09-22T19:39:06.6995492Z ##[group]Checking out the ref
linux-packages	Run actions/checkout@v4	2026-09-22T19:39:06.6998478Z [command]/usr/bin/git checkout --progress --force refs/remotes/pull/60/merge
linux-packages	Run actions/checkout@v4	2026-09-22T19:39:06.9506615Z Note: switching to 'refs/remotes/pull/60/merge'.
linux-packages	Run actions/checkout@v4	2026-09-22T19:39:06.9507284Z 
linux-packages	Run actions/checkout@v4	2026-09-22T19:39:06.9507912Z You are in 'detached HEAD' state. You can look around, make experimental
linux-packages	Run actions/checkout@v4	2026-09-22T19:39:06.9508380Z changes and commit them, and you can discard any commits you make in this
linux-packages	Run actions/checkout@v4	2026-09-22T19:39:06.9508824Z state without impacting any branches by switching back to a branch.
linux-packages	Run actions/checkout@v4	2026-09-22T19:39:06.9509086Z 
linux-packages	Run actions/checkout@v4	2026-09-22T19:39:06.9509343Z If you want to create a new branch to retain commits you create, you may
linux-packages	Run actions/checkout@v4	2026-09-22T19:39:06.9509723Z do so (now or later) by using -c with the switch command. Example:
linux-packages	Run actions/checkout@v4	2026-09-22T19:39:06.9509943Z 
linux-packages	Run actions/checkout@v4	2026-09-22T19:39:06.9510036Z   git switch -c <new-branch-name>
linux-packages	Run actions/checkout@v4	2026-09-22T19:39:06.9510180Z 
linux-packages	Run actions/checkout@v4	2026-09-22T19:39:06.9510289Z Or undo this operation with:
linux-packages	Run actions/checkout@v4	2026-09-22T19:39:06.9510424Z 
linux-packages	Run actions/checkout@v4	2026-09-22T19:39:06.9510496Z   git switch -
linux-packages	Run actions/checkout@v4	2026-09-22T19:39:06.9510624Z 
linux-packages	Run actions/checkout@v4	2026-09-22T19:39:06.9510810Z Turn off this advice by setting config variable advice.detachedHead to false
linux-packages	Run actions/checkout@v4	2026-09-22T19:39:06.9511086Z 
linux-packages	Run actions/checkout@v4	2026-09-22T19:39:06.9511391Z HEAD is now at 6a738ee Merge c40e2743a88e0d5c29c137ba4ee5e4b2c868cb8e into 0c5aa21e9b16e3bd3c05c1bb4d9d7e9acddfc7be
linux-packages	Run actions/checkout@v4	2026-09-22T19:39:06.9519944Z ##[endgroup]
linux-packages	Run actions/checkout@v4	2026-09-22T19:39:06.9546667Z [command]/usr/bin/git log -1 --format=%H
linux-packages	Run actions/checkout@v4	2026-09-22T19:39:06.9561946Z 6a738eebb77de9594219de389667397c509380f0
linux-packages	Run actions/checkout@v4	2026-09-22T19:39:06.9568046Z ##[group]Removing auth
linux-packages	Run actions/checkout@v4	2026-09-22T19:39:06.9569613Z [command]/usr/bin/git config --local --name-only --get-regexp core\.sshCommand
linux-packages	Run actions/checkout@v4	2026-09-22T19:39:06.9585192Z [command]/usr/bin/git submodule foreach --recursive sh -c "git config --local --name-only --get-regexp 'core\.sshCommand' && git config --local --unset-all 'core.sshCommand' || :"
linux-packages	Run actions/checkout@v4	2026-09-22T19:39:06.9693737Z [command]/usr/bin/git config --local --name-only --get-regexp http\.https\:\/\/github\.com\/\.extraheader
linux-packages	Run actions/checkout@v4	2026-09-22T19:39:06.9705387Z http.https://github.com/.extraheader
linux-packages	Run actions/checkout@v4	2026-09-22T19:39:06.9709627Z [command]/usr/bin/git config --local --unset-all http.https://github.com/.extraheader
linux-packages	Run actions/checkout@v4	2026-09-22T19:39:06.9908986Z [command]/usr/bin/git submodule foreach --recursive sh -c "git config --local --name-only --get-regexp 'http\.https\:\/\/github\.com\/\.extraheader' && git config --local --unset-all 'http.https://github.com/.extraheader' || :"
linux-packages	Run actions/checkout@v4	2026-09-22T19:39:07.0027167Z [command]/usr/bin/git config --local --name-only --get-regexp ^includeIf\.gitdir:
linux-packages	Run actions/checkout@v4	2026-09-22T19:39:07.0044342Z [command]/usr/bin/git submodule foreach --recursive git config --local --show-origin --name-only --get-regexp remote.origin.url
linux-packages	Run actions/checkout@v4	2026-09-22T19:39:07.0150625Z ##[endgroup]
linux-packages	Install build, package and native automation dependencies	2026-09-22T19:39:07.0735730Z ##[group]Run sudo apt-get update
linux-packages	Install build, package and native automation dependencies	2026-09-22T19:39:07.0735957Z sudo apt-get update
linux-packages	Install build, package and native automation dependencies	2026-09-22T19:39:07.0736386Z sudo apt-get install -y libwebkit2gtk-4.1-dev libayatana-appindicator3-dev librsvg2-dev patchelf webkit2gtk-driver xvfb xauth dbus-x11 xclip xdotool imagemagick python3 libfuse2 fuse3
linux-packages	Install build, package and native automation dependencies	2026-09-22T19:39:07.0736804Z command -v WebKitWebDriver
linux-packages	Install build, package and native automation dependencies	2026-09-22T19:39:07.0736965Z command -v fusermount3
linux-packages	Install build, package and native automation dependencies	2026-09-22T19:39:07.0737104Z command -v import
linux-packages	Install build, package and native automation dependencies	2026-09-22T19:39:07.0737308Z dpkg-query -W libwebkit2gtk-4.1-0 webkit2gtk-driver libfuse2 fuse3 xdotool
linux-packages	Install build, package and native automation dependencies	2026-09-22T19:39:07.3686523Z shell: /usr/bin/bash -e {0}
linux-packages	Install build, package and native automation dependencies	2026-09-22T19:39:07.3686712Z ##[endgroup]
linux-packages	Install build, package and native automation dependencies	2026-09-22T19:39:07.6799044Z Get:1 file:/etc/apt/apt-mirrors.txt Mirrorlist [144 B]
linux-packages	Install build, package and native automation dependencies	2026-09-22T19:39:07.6920722Z Get:6 https://packages.microsoft.com/ubuntu/22.04/prod jammy InRelease [3632 B]
linux-packages	Install build, package and native automation dependencies	2026-09-22T19:39:07.7223598Z Hit:2 http://azure.archive.ubuntu.com/ubuntu jammy InRelease
linux-packages	Install build, package and native automation dependencies	2026-09-22T19:39:07.7251941Z Get:3 http://azure.archive.ubuntu.com/ubuntu jammy-updates InRelease [128 kB]
linux-packages	Install build, package and native automation dependencies	2026-09-22T19:39:07.7335338Z Get:4 http://azure.archive.ubuntu.com/ubuntu jammy-backports InRelease [127 kB]
linux-packages	Install build, package and native automation dependencies	2026-09-22T19:39:07.7366156Z Get:5 http://azure.archive.ubuntu.com/ubuntu jammy-security InRelease [129 kB]
linux-packages	Install build, package and native automation dependencies	2026-09-22T19:39:07.7900297Z Get:7 https://packages.microsoft.com/ubuntu/22.04/prod jammy/main amd64 Packages [763 kB]
linux-packages	Install build, package and native automation dependencies	2026-09-22T19:39:07.8084147Z Get:8 https://packages.microsoft.com/ubuntu/22.04/prod jammy/main arm64 Packages [529 kB]
linux-packages	Install build, package and native automation dependencies	2026-09-22T19:39:08.1778847Z Get:9 http://azure.archive.ubuntu.com/ubuntu jammy-updates/main amd64 Packages [3819 kB]
linux-packages	Install build, package and native automation dependencies	2026-09-22T19:39:08.2652986Z Get:10 http://azure.archive.ubuntu.com/ubuntu jammy-updates/main Translation-en [567 kB]
linux-packages	Install build, package and native automation dependencies	2026-09-22T19:39:08.2690729Z Get:11 http://azure.archive.ubuntu.com/ubuntu jammy-updates/restricted amd64 Packages [6579 kB]
linux-packages	Install build, package and native automation dependencies	2026-09-22T19:39:08.3210610Z Get:12 http://azure.archive.ubuntu.com/ubuntu jammy-updates/restricted Translation-en [1263 kB]
linux-packages	Install build, package and native automation dependencies	2026-09-22T19:39:08.3265813Z Get:13 http://azure.archive.ubuntu.com/ubuntu jammy-updates/universe amd64 Packages [1283 kB]
linux-packages	Install build, package and native automation dependencies	2026-09-22T19:39:08.3316704Z Get:14 http://azure.archive.ubuntu.com/ubuntu jammy-updates/universe Translation-en [324 kB]
linux-packages	Install build, package and native automation dependencies	2026-09-22T19:39:08.3342246Z Get:15 http://azure.archive.ubuntu.com/ubuntu jammy-backports/main amd64 Packages [70.2 kB]
linux-packages	Install build, package and native automation dependencies	2026-09-22T19:39:08.3360998Z Get:16 http://azure.archive.ubuntu.com/ubuntu jammy-backports/universe amd64 Packages [30.8 kB]
linux-packages	Install build, package and native automation dependencies	2026-09-22T19:39:08.3378628Z Get:17 http://azure.archive.ubuntu.com/ubuntu jammy-backports/universe Translation-en [16.9 kB]
linux-packages	Install build, package and native automation dependencies	2026-09-22T19:39:08.3398836Z Get:18 http://azure.archive.ubuntu.com/ubuntu jammy-security/main amd64 Packages [3548 kB]
linux-packages	Install build, package and native automation dependencies	2026-09-22T19:39:08.3960482Z Get:19 http://azure.archive.ubuntu.com/ubuntu jammy-security/main Translation-en [499 kB]
linux-packages	Install build, package and native automation dependencies	2026-09-22T19:39:08.3978450Z Get:20 http://azure.archive.ubuntu.com/ubuntu jammy-security/restricted amd64 Packages [6342 kB]
linux-packages	Install build, package and native automation dependencies	2026-09-22T19:39:08.4175590Z Get:21 http://azure.archive.ubuntu.com/ubuntu jammy-security/restricted Translation-en [1219 kB]
linux-packages	Install build, package and native automation dependencies	2026-09-22T19:39:08.4225709Z Get:22 http://azure.archive.ubuntu.com/ubuntu jammy-security/universe amd64 Packages [1049 kB]
linux-packages	Install build, package and native automation dependencies	2026-09-22T19:39:08.4831806Z Get:23 http://azure.archive.ubuntu.com/ubuntu jammy-security/universe Translation-en [235 kB]
linux-packages	Install build, package and native automation dependencies	2026-09-22T19:39:15.3691257Z Fetched 28.5 MB in 3s (11.1 MB/s)
linux-packages	Install build, package and native automation dependencies	2026-09-22T19:39:16.0688460Z Reading package lists...
linux-packages	Install build, package and native automation dependencies	2026-09-22T19:39:16.1068082Z Reading package lists...
linux-packages	Install build, package and native automation dependencies	2026-09-22T19:39:16.2893325Z Building dependency tree...
linux-packages	Install build, package and native automation dependencies	2026-09-22T19:39:16.2901216Z Reading state information...
linux-packages	Install build, package and native automation dependencies	2026-09-22T19:39:16.4132250Z fuse3 is already the newest version (3.10.5-1build1).
linux-packages	Install build, package and native automation dependencies	2026-09-22T19:39:16.4132580Z fuse3 set to manually installed.
linux-packages	Install build, package and native automation dependencies	2026-09-22T19:39:16.4132739Z xauth is already the newest version (1:1.1-1build2).
linux-packages	Install build, package and native automation dependencies	2026-09-22T19:39:16.4132905Z xauth set to manually installed.
linux-packages	Install build, package and native automation dependencies	2026-09-22T19:39:16.4133066Z patchelf is already the newest version (0.14.3-1).
linux-packages	Install build, package and native automation dependencies	2026-09-22T19:39:16.4133271Z librsvg2-dev is already the newest version (2.52.5+dfsg-3ubuntu0.2).
linux-packages	Install build, package and native automation dependencies	2026-09-22T19:39:16.4133936Z librsvg2-dev set to manually installed.
linux-packages	Install build, package and native automation dependencies	2026-09-22T19:39:16.4134109Z python3 is already the newest version (3.10.6-1~22.04.1).
linux-packages	Install build, package and native automation dependencies	2026-09-22T19:39:16.4134341Z imagemagick is already the newest version (8:6.9.11.60+dfsg-1.3ubuntu0.22.04.5).
linux-packages	Install build, package and native automation dependencies	2026-09-22T19:39:16.4134580Z xvfb is already the newest version (2:21.1.4-2ubuntu1.7~22.04.16).
linux-packages	Install build, package and native automation dependencies	2026-09-22T19:39:16.4134799Z The following additional packages will be installed:
linux-packages	Install build, package and native automation dependencies	2026-09-22T19:39:16.4135032Z   bubblewrap gir1.2-atk-1.0 gir1.2-atspi-2.0 gir1.2-ayatanaappindicator3-0.1
linux-packages	Install build, package and native automation dependencies	2026-09-22T19:39:16.4135284Z   gir1.2-ayatanaido3-0.4 gir1.2-dazzle-1.0 gir1.2-dbusmenu-glib-0.4
linux-packages	Install build, package and native automation dependencies	2026-09-22T19:39:16.4135506Z   gir1.2-gtk-3.0 gir1.2-harfbuzz-0.0 gir1.2-json-1.0 gir1.2-pango-1.0
linux-packages	Install build, package and native automation dependencies	2026-09-22T19:39:16.4135743Z   gir1.2-polkit-1.0 gir1.2-soup-3.0 gstreamer1.0-gl gstreamer1.0-plugins-base
linux-packages	Install build, package and native automation dependencies	2026-09-22T19:39:16.4136133Z   gstreamer1.0-plugins-good gstreamer1.0-x libaa1 libasyncns0
linux-packages	Install build, package and native automation dependencies	2026-09-22T19:39:16.4136428Z   libatk-bridge2.0-dev libatk1.0-dev libatspi2.0-dev libavc1394-0
linux-packages	Install build, package and native automation dependencies	2026-09-22T19:39:16.4136667Z   libayatana-appindicator3-1 libayatana-ido3-0.4-0 libayatana-ido3-dev
linux-packages	Install build, package and native automation dependencies	2026-09-22T19:39:16.4136927Z   libayatana-indicator3-7 libayatana-indicator3-dev libcaca0 libcdparanoia0
linux-packages	Install build, package and native automation dependencies	2026-09-22T19:39:16.4137175Z   libdatrie-dev libdazzle-1.0-0 libdazzle-1.0-dev libdazzle-common
linux-packages	Install build, package and native automation dependencies	2026-09-22T19:39:16.4137647Z   libdbus-1-dev libdbus-glib-1-dev libdbus-glib-1-dev-bin libdbusmenu-glib-dev
linux-packages	Install build, package and native automation dependencies	2026-09-22T19:39:16.4138176Z   libdv4 libegl-dev libegl-mesa0 libegl1 libegl1-mesa-dev libepoxy-dev
linux-packages	Install build, package and native automation dependencies	2026-09-22T19:39:16.4138557Z   libevdev2 libflac8 libfribidi-dev libgl-dev libgles-dev libgles1 libgles2
linux-packages	Install build, package and native automation dependencies	2026-09-22T19:39:16.4138977Z   libglvnd-core-dev libglvnd-dev libglx-dev libgraphene-1.0-0 libgraphite2-dev
linux-packages	Install build, package and native automation dependencies	2026-09-22T19:39:16.4139379Z   libgstreamer-gl1.0-0 libgstreamer-plugins-base1.0-0
linux-packages	Install build, package and native automation dependencies	2026-09-22T19:39:16.4139710Z   libgstreamer-plugins-good1.0-0 libgtk-3-dev libharfbuzz-dev
linux-packages	Install build, package and native automation dependencies	2026-09-22T19:39:16.4139989Z   libharfbuzz-gobject0 libharfbuzz-icu0 libhyphen0 libiec61883-0
linux-packages	Install build, package and native automation dependencies	2026-09-22T19:39:16.4140236Z   libjack-jackd2-0 libjavascriptcoregtk-4.1-0 libjavascriptcoregtk-4.1-dev
linux-packages	Install build, package and native automation dependencies	2026-09-22T19:39:16.4140495Z   libjson-glib-dev libmanette-0.2-0 libmp3lame0 libmpg123-0 libnghttp2-dev
linux-packages	Install build, package and native automation dependencies	2026-09-22T19:39:16.4140729Z   libopengl-dev libopengl0 libopus0 liborc-0.4-0 libpango1.0-dev
linux-packages	Install build, package and native automation dependencies	2026-09-22T19:39:16.4140945Z   libpangoxft-1.0-0 libpipewire-0.3-0 libpipewire-0.3-common
linux-packages	Install build, package and native automation dependencies	2026-09-22T19:39:16.4141175Z   libpipewire-0.3-modules libpolkit-gobject-1-dev libpsl-dev libpulse0
linux-packages	Install build, package and native automation dependencies	2026-09-22T19:39:16.4141406Z   libraw1394-11 libsamplerate0 libshout3 libsndfile1 libsoup-3.0-0
linux-packages	Install build, package and native automation dependencies	2026-09-22T19:39:16.4141647Z   libsoup-3.0-common libsoup-3.0-dev libspa-0.2-modules libspeex1 libsysprof-4
linux-packages	Install build, package and native automation dependencies	2026-09-22T19:39:16.4141903Z   libsysprof-4-dev libsysprof-ui-4 libtag1v5 libtag1v5-vanilla libthai-dev
linux-packages	Install build, package and native automation dependencies	2026-09-22T19:39:16.4142157Z   libtheora0 libtwolame0 libv4l-0 libv4lconvert0 libvisual-0.4-0 libvorbisenc2
linux-packages	Install build, package and native automation dependencies	2026-09-22T19:39:16.4142407Z   libvpx7 libwavpack1 libwayland-bin libwayland-dev libwebkit2gtk-4.1-0
linux-packages	Install build, package and native automation dependencies	2026-09-22T19:39:16.4142746Z   libwebrtc-audio-processing1 libwoff1 libxcomposite-dev libxcursor-dev
linux-packages	Install build, package and native automation dependencies	2026-09-22T19:39:16.4143104Z   libxdamage-dev libxdo3 libxfixes-dev libxft-dev libxi-dev libxinerama-dev
linux-packages	Install build, package and native automation dependencies	2026-09-22T19:39:16.4143360Z   libxkbcommon-dev libxrandr-dev libxtst-dev libxv1 pango1.0-tools pipewire
linux-packages	Install build, package and native automation dependencies	2026-09-22T19:39:16.4143622Z   pipewire-bin pipewire-media-session rtkit wayland-protocols xdg-dbus-proxy
linux-packages	Install build, package and native automation dependencies	2026-09-22T19:39:16.4143845Z   xdg-desktop-portal xdg-desktop-portal-gtk
linux-packages	Install build, package and native automation dependencies	2026-09-22T19:39:16.4143997Z Suggested packages:
linux-packages	Install build, package and native automation dependencies	2026-09-22T19:39:16.4144163Z   gvfs libdatrie-doc libdazzle-doc libdazzle-tools libdv-bin oss-compat
linux-packages	Install build, package and native automation dependencies	2026-09-22T19:39:16.4144393Z   libgraphite2-utils libvisual-0.4-plugins libgtk-3-doc jackd2
linux-packages	Install build, package and native automation dependencies	2026-09-22T19:39:16.4144622Z   libjson-glib-doc libnghttp2-doc opus-tools libpango1.0-doc pulseaudio
linux-packages	Install build, package and native automation dependencies	2026-09-22T19:39:16.4144854Z   libraw1394-doc libsoup-3.0-doc speex libthai-doc libwayland-doc
linux-packages	Install build, package and native automation dependencies	2026-09-22T19:39:16.4145098Z   gstreamer1.0-libav gstreamer1.0-plugins-bad gstreamer1.0-alsa graphicsmagick
linux-packages	Install build, package and native automation dependencies	2026-09-22T19:39:16.4145390Z   accountsservice evince xdg-desktop-portal-gnome
linux-packages	Install build, package and native automation dependencies	2026-09-22T19:39:16.6613198Z The following NEW packages will be installed:
linux-packages	Install build, package and native automation dependencies	2026-09-22T19:39:16.6613526Z   bubblewrap dbus-x11 gir1.2-atk-1.0 gir1.2-atspi-2.0
linux-packages	Install build, package and native automation dependencies	2026-09-22T19:39:16.6613880Z   gir1.2-ayatanaappindicator3-0.1 gir1.2-ayatanaido3-0.4 gir1.2-dazzle-1.0
linux-packages	Install build, package and native automation dependencies	2026-09-22T19:39:16.6614346Z   gir1.2-dbusmenu-glib-0.4 gir1.2-gtk-3.0 gir1.2-harfbuzz-0.0 gir1.2-json-1.0
linux-packages	Install build, package and native automation dependencies	2026-09-22T19:39:16.6614673Z   gir1.2-pango-1.0 gir1.2-polkit-1.0 gir1.2-soup-3.0 gstreamer1.0-gl
linux-packages	Install build, package and native automation dependencies	2026-09-22T19:39:16.6615054Z   gstreamer1.0-plugins-base gstreamer1.0-plugins-good gstreamer1.0-x libaa1
linux-packages	Install build, package and native automation dependencies	2026-09-22T19:39:16.6615466Z   libasyncns0 libatk-bridge2.0-dev libatk1.0-dev libatspi2.0-dev libavc1394-0
linux-packages	Install build, package and native automation dependencies	2026-09-22T19:39:16.6615808Z   libayatana-appindicator3-1 libayatana-appindicator3-dev
linux-packages	Install build, package and native automation dependencies	2026-09-22T19:39:16.6616152Z   libayatana-ido3-0.4-0 libayatana-ido3-dev libayatana-indicator3-7
linux-packages	Install build, package and native automation dependencies	2026-09-22T19:39:16.6616430Z   libayatana-indicator3-dev libcaca0 libcdparanoia0 libdatrie-dev
linux-packages	Install build, package and native automation dependencies	2026-09-22T19:39:16.6616673Z   libdazzle-1.0-0 libdazzle-1.0-dev libdazzle-common libdbus-1-dev
linux-packages	Install build, package and native automation dependencies	2026-09-22T19:39:16.6616913Z   libdbus-glib-1-dev libdbus-glib-1-dev-bin libdbusmenu-glib-dev libdv4
linux-packages	Install build, package and native automation dependencies	2026-09-22T19:39:16.6617277Z   libegl-dev libegl-mesa0 libegl1 libegl1-mesa-dev libepoxy-dev libevdev2
linux-packages	Install build, package and native automation dependencies	2026-09-22T19:39:16.6617666Z   libflac8 libfribidi-dev libfuse2 libgl-dev libgles-dev libgles1 libgles2
linux-packages	Install build, package and native automation dependencies	2026-09-22T19:39:16.6618426Z   libglvnd-core-dev libglvnd-dev libglx-dev libgraphene-1.0-0 libgraphite2-dev
linux-packages	Install build, package and native automation dependencies	2026-09-22T19:39:16.6618663Z   libgstreamer-gl1.0-0 libgstreamer-plugins-base1.0-0
linux-packages	Install build, package and native automation dependencies	2026-09-22T19:39:16.6618874Z   libgstreamer-plugins-good1.0-0 libgtk-3-dev libharfbuzz-dev
linux-packages	Install build, package and native automation dependencies	2026-09-22T19:39:16.6619102Z   libharfbuzz-gobject0 libharfbuzz-icu0 libhyphen0 libiec61883-0
linux-packages	Install build, package and native automation dependencies	2026-09-22T19:39:16.6619345Z   libjack-jackd2-0 libjavascriptcoregtk-4.1-0 libjavascriptcoregtk-4.1-dev
linux-packages	Install build, package and native automation dependencies	2026-09-22T19:39:16.6619600Z   libjson-glib-dev libmanette-0.2-0 libmp3lame0 libmpg123-0 libnghttp2-dev
linux-packages	Install build, package and native automation dependencies	2026-09-22T19:39:16.6619840Z   libopengl-dev libopengl0 libopus0 liborc-0.4-0 libpango1.0-dev
linux-packages	Install build, package and native automation dependencies	2026-09-22T19:39:16.6620056Z   libpangoxft-1.0-0 libpipewire-0.3-0 libpipewire-0.3-common
linux-packages	Install build, package and native automation dependencies	2026-09-22T19:39:16.6620386Z   libpipewire-0.3-modules libpolkit-gobject-1-dev libpsl-dev libpulse0
linux-packages	Install build, package and native automation dependencies	2026-09-22T19:39:16.6620691Z   libraw1394-11 libsamplerate0 libshout3 libsndfile1 libsoup-3.0-0
linux-packages	Install build, package and native automation dependencies	2026-09-22T19:39:16.6620939Z   libsoup-3.0-common libsoup-3.0-dev libspa-0.2-modules libspeex1 libsysprof-4
linux-packages	Install build, package and native automation dependencies	2026-09-22T19:39:16.6621203Z   libsysprof-4-dev libsysprof-ui-4 libtag1v5 libtag1v5-vanilla libthai-dev
linux-packages	Install build, package and native automation dependencies	2026-09-22T19:39:16.6621614Z   libtheora0 libtwolame0 libv4l-0 libv4lconvert0 libvisual-0.4-0 libvorbisenc2
linux-packages	Install build, package and native automation dependencies	2026-09-22T19:39:16.6621909Z   libvpx7 libwavpack1 libwayland-bin libwayland-dev libwebkit2gtk-4.1-0
linux-packages	Install build, package and native automation dependencies	2026-09-22T19:39:16.6622171Z   libwebkit2gtk-4.1-dev libwebrtc-audio-processing1 libwoff1 libxcomposite-dev
linux-packages	Install build, package and native automation dependencies	2026-09-22T19:39:16.6622435Z   libxcursor-dev libxdamage-dev libxdo3 libxfixes-dev libxft-dev libxi-dev
linux-packages	Install build, package and native automation dependencies	2026-09-22T19:39:16.6622688Z   libxinerama-dev libxkbcommon-dev libxrandr-dev libxtst-dev libxv1
linux-packages	Install build, package and native automation dependencies	2026-09-22T19:39:16.6622921Z   pango1.0-tools pipewire pipewire-bin pipewire-media-session rtkit
linux-packages	Install build, package and native automation dependencies	2026-09-22T19:39:16.6623176Z   wayland-protocols webkit2gtk-driver xclip xdg-dbus-proxy xdg-desktop-portal
linux-packages	Install build, package and native automation dependencies	2026-09-22T19:39:16.6623396Z   xdg-desktop-portal-gtk xdotool
linux-packages	Install build, package and native automation dependencies	2026-09-22T19:39:16.6728500Z 0 upgraded, 141 newly installed, 0 to remove and 19 not upgraded.
linux-packages	Install build, package and native automation dependencies	2026-09-22T19:39:16.6728747Z Need to get 56.2 MB of archives.
linux-packages	Install build, package and native automation dependencies	2026-09-22T19:39:16.6728989Z After this operation, 218 MB of additional disk space will be used.
linux-packages	Install build, package and native automation dependencies	2026-09-22T19:39:16.6729323Z Get:1 file:/etc/apt/apt-mirrors.txt Mirrorlist [144 B]
linux-packages	Install build, package and native automation dependencies	2026-09-22T19:39:16.8502674Z Get:2 http://azure.archive.ubuntu.com/ubuntu jammy-updates/main amd64 bubblewrap amd64 0.6.1-1ubuntu0.3 [46.3 kB]
linux-packages	Install build, package and native automation dependencies	2026-09-22T19:39:16.9898264Z Get:3 http://azure.archive.ubuntu.com/ubuntu jammy-updates/main amd64 dbus-x11 amd64 1.12.20-2ubuntu4.1 [23.0 kB]
linux-packages	Install build, package and native automation dependencies	2026-09-22T19:39:17.1276696Z Get:4 http://azure.archive.ubuntu.com/ubuntu jammy/main amd64 gir1.2-atk-1.0 amd64 2.36.0-3build1 [21.0 kB]
linux-packages	Install build, package and native automation dependencies	2026-09-22T19:39:17.2650979Z Get:5 http://azure.archive.ubuntu.com/ubuntu jammy/main amd64 gir1.2-atspi-2.0 amd64 2.44.0-3 [18.1 kB]
linux-packages	Install build, package and native automation dependencies	2026-09-22T19:39:17.4020604Z Get:6 http://azure.archive.ubuntu.com/ubuntu jammy-updates/main amd64 gir1.2-harfbuzz-0.0 amd64 2.7.4-1ubuntu3.2 [31.6 kB]
linux-packages	Install build, package and native automation dependencies	2026-09-22T19:39:17.5393205Z Get:7 http://azure.archive.ubuntu.com/ubuntu jammy-updates/main amd64 libpangoxft-1.0-0 amd64 1.50.6+ds-2ubuntu1 [31.0 kB]
linux-packages	Install build, package and native automation dependencies	2026-09-22T19:39:17.6761266Z Get:8 http://azure.archive.ubuntu.com/ubuntu jammy-updates/main amd64 gir1.2-pango-1.0 amd64 1.50.6+ds-2ubuntu1 [44.0 kB]
linux-packages	Install build, package and native automation dependencies	2026-09-22T19:39:17.8140579Z Get:9 http://azure.archive.ubuntu.com/ubuntu jammy-updates/main amd64 gir1.2-gtk-3.0 amd64 3.24.33-1ubuntu2.2 [240 kB]
linux-packages	Install build, package and native automation dependencies	2026-09-22T19:39:17.9598285Z Get:10 http://azure.archive.ubuntu.com/ubuntu jammy/main amd64 libayatana-ido3-0.4-0 amd64 0.9.1-1 [61.0 kB]
linux-packages	Install build, package and native automation dependencies	2026-09-22T19:39:18.0983424Z Get:11 http://azure.archive.ubuntu.com/ubuntu jammy/main amd64 libayatana-indicator3-7 amd64 0.9.1-1 [33.6 kB]
linux-packages	Install build, package and native automation dependencies	2026-09-22T19:39:18.2359201Z Get:12 http://azure.archive.ubuntu.com/ubuntu jammy/main amd64 libayatana-appindicator3-1 amd64 0.5.90-7ubuntu2 [25.0 kB]
linux-packages	Install build, package and native automation dependencies	2026-09-22T19:39:18.3749462Z Get:13 http://azure.archive.ubuntu.com/ubuntu jammy/main amd64 gir1.2-ayatanaappindicator3-0.1 amd64 0.5.90-7ubuntu2 [5822 B]
linux-packages	Install build, package and native automation dependencies	2026-09-22T19:39:18.5222376Z Get:14 http://azure.archive.ubuntu.com/ubuntu jammy/main amd64 gir1.2-ayatanaido3-0.4 amd64 0.9.1-1 [6356 B]
linux-packages	Install build, package and native automation dependencies	2026-09-22T19:39:18.6593069Z Get:15 http://azure.archive.ubuntu.com/ubuntu jammy/main amd64 libdazzle-common all 3.44.0-1 [3400 B]
linux-packages	Install build, package and native automation dependencies	2026-09-22T19:39:18.7959770Z Get:16 http://azure.archive.ubuntu.com/ubuntu jammy/main amd64 libdazzle-1.0-0 amd64 3.44.0-1 [356 kB]
linux-packages	Install build, package and native automation dependencies	2026-09-22T19:39:18.9454548Z Get:17 http://azure.archive.ubuntu.com/ubuntu jammy/main amd64 gir1.2-dazzle-1.0 amd64 3.44.0-1 [36.7 kB]
linux-packages	Install build, package and native automation dependencies	2026-09-22T19:39:19.0830685Z Get:18 http://azure.archive.ubuntu.com/ubuntu jammy/main amd64 gir1.2-dbusmenu-glib-0.4 amd64 16.04.1+18.10.20180917-0ubuntu8 [6624 B]
linux-packages	Install build, package and native automation dependencies	2026-09-22T19:39:19.2200079Z Get:19 http://azure.archive.ubuntu.com/ubuntu jammy/main amd64 gir1.2-json-1.0 amd64 1.6.6-1build1 [8874 B]
linux-packages	Install build, package and native automation dependencies	2026-09-22T19:39:19.3578319Z Get:20 http://azure.archive.ubuntu.com/ubuntu jammy-updates/main amd64 gir1.2-polkit-1.0 amd64 0.105-33ubuntu0.2 [7772 B]
linux-packages	Install build, package and native automation dependencies	2026-09-22T19:39:19.4944933Z Get:21 http://azure.archive.ubuntu.com/ubuntu jammy-updates/universe amd64 libsoup-3.0-common all 3.0.7-0ubuntu1 [62.1 kB]
linux-packages	Install build, package and native automation dependencies	2026-09-22T19:39:19.6354385Z Get:22 http://azure.archive.ubuntu.com/ubuntu jammy-updates/universe amd64 libsoup-3.0-0 amd64 3.0.7-0ubuntu1 [278 kB]
linux-packages	Install build, package and native automation dependencies	2026-09-22T19:39:19.7794317Z Get:23 http://azure.archive.ubuntu.com/ubuntu jammy-updates/universe amd64 gir1.2-soup-3.0 amd64 3.0.7-0ubuntu1 [21.8 kB]
linux-packages	Install build, package and native automation dependencies	2026-09-22T19:39:19.9167467Z Get:24 http://azure.archive.ubuntu.com/ubuntu jammy/main amd64 libgraphene-1.0-0 amd64 1.10.8-1 [48.2 kB]
linux-packages	Install build, package and native automation dependencies	2026-09-22T19:39:20.0543709Z Get:25 http://azure.archive.ubuntu.com/ubuntu jammy-updates/main amd64 libegl-mesa0 amd64 23.2.1-1ubuntu3.1~22.04.4 [118 kB]
linux-packages	Install build, package and native automation dependencies	2026-09-22T19:39:20.1954595Z Get:26 http://azure.archive.ubuntu.com/ubuntu jammy/main amd64 libegl1 amd64 1.4.0-1 [28.6 kB]
linux-packages	Install build, package and native automation dependencies	2026-09-22T19:39:20.3322538Z Get:27 http://azure.archive.ubuntu.com/ubuntu jammy-updates/main amd64 liborc-0.4-0 amd64 1:0.4.32-2ubuntu0.1 [228 kB]
linux-packages	Install build, package and native automation dependencies	2026-09-22T19:39:20.4771760Z Get:28 http://azure.archive.ubuntu.com/ubuntu jammy-updates/main amd64 libgstreamer-plugins-base1.0-0 amd64 1.20.1-1ubuntu0.7 [848 kB]
linux-packages	Install build, package and native automation dependencies	2026-09-22T19:39:20.6448879Z Get:29 http://azure.archive.ubuntu.com/ubuntu jammy-updates/main amd64 libgstreamer-gl1.0-0 amd64 1.20.1-1ubuntu0.7 [204 kB]
linux-packages	Install build, package and native automation dependencies	2026-09-22T19:39:20.7884756Z Get:30 http://azure.archive.ubuntu.com/ubuntu jammy-updates/main amd64 gstreamer1.0-gl amd64 1.20.1-1ubuntu0.7 [125 kB]
linux-packages	Install build, package and native automation dependencies	2026-09-22T19:39:20.9296784Z Get:31 http://azure.archive.ubuntu.com/ubuntu jammy/main amd64 libcdparanoia0 amd64 3.10.2+debian-14build2 [49.3 kB]
linux-packages	Install build, package and native automation dependencies	2026-09-22T19:39:21.0679332Z Get:32 http://azure.archive.ubuntu.com/ubuntu jammy/main amd64 libopus0 amd64 1.3.1-0.1build2 [203 kB]
linux-packages	Install build, package and native automation dependencies	2026-09-22T19:39:21.2115138Z Get:33 http://azure.archive.ubuntu.com/ubuntu jammy/main amd64 libtheora0 amd64 1.1.1+dfsg.1-15ubuntu4 [209 kB]
linux-packages	Install build, package and native automation dependencies	2026-09-22T19:39:21.3553246Z Get:34 http://azure.archive.ubuntu.com/ubuntu jammy/main amd64 libvisual-0.4-0 amd64 0.4.0-17build2 [108 kB]
linux-packages	Install build, package and native automation dependencies	2026-09-22T19:39:21.4952380Z Get:35 http://azure.archive.ubuntu.com/ubuntu jammy/main amd64 libvorbisenc2 amd64 1.3.7-1build2 [82.6 kB]
linux-packages	Install build, package and native automation dependencies	2026-09-22T19:39:21.6345989Z Get:36 http://azure.archive.ubuntu.com/ubuntu jammy-updates/main amd64 gstreamer1.0-plugins-base amd64 1.20.1-1ubuntu0.7 [712 kB]
linux-packages	Install build, package and native automation dependencies	2026-09-22T19:39:21.7973178Z Get:37 http://azure.archive.ubuntu.com/ubuntu jammy/main amd64 libaa1 amd64 1.4p5-50build1 [51.9 kB]
linux-packages	Install build, package and native automation dependencies	2026-09-22T19:39:21.9361830Z Get:38 http://azure.archive.ubuntu.com/ubuntu jammy/main amd64 libraw1394-11 amd64 2.1.2-2build2 [27.0 kB]
linux-packages	Install build, package and native automation dependencies	2026-09-22T19:39:22.0738717Z Get:39 http://azure.archive.ubuntu.com/ubuntu jammy/main amd64 libavc1394-0 amd64 0.5.4-5build2 [17.0 kB]
linux-packages	Install build, package and native automation dependencies	2026-09-22T19:39:22.2106988Z Get:40 http://azure.archive.ubuntu.com/ubuntu jammy-updates/main amd64 libcaca0 amd64 0.99.beta19-2.2ubuntu4.2 [224 kB]
linux-packages	Install build, package and native automation dependencies	2026-09-22T19:39:22.3555627Z Get:41 http://azure.archive.ubuntu.com/ubuntu jammy/main amd64 libdv4 amd64 1.0.0-14build1 [61.9 kB]
linux-packages	Install build, package and native automation dependencies	2026-09-22T19:39:22.4941699Z Get:42 http://azure.archive.ubuntu.com/ubuntu jammy-updates/main amd64 libflac8 amd64 1.3.3-2ubuntu0.2 [111 kB]
linux-packages	Install build, package and native automation dependencies	2026-09-22T19:39:22.6343175Z Get:43 http://azure.archive.ubuntu.com/ubuntu jammy-updates/main amd64 libgstreamer-plugins-good1.0-0 amd64 1.20.3-0ubuntu1.9 [31.1 kB]
linux-packages	Install build, package and native automation dependencies	2026-09-22T19:39:22.7733641Z Get:44 http://azure.archive.ubuntu.com/ubuntu jammy/main amd64 libiec61883-0 amd64 1.2.0-4build3 [25.9 kB]
linux-packages	Install build, package and native automation dependencies	2026-09-22T19:39:22.9112943Z Get:45 http://azure.archive.ubuntu.com/ubuntu jammy/main amd64 libsamplerate0 amd64 0.2.2-1build1 [1359 kB]
linux-packages	Install build, package and native automation dependencies	2026-09-22T19:39:23.0997178Z Get:46 http://azure.archive.ubuntu.com/ubuntu jammy/main amd64 libjack-jackd2-0 amd64 1.9.20~dfsg-1 [293 kB]
linux-packages	Install build, package and native automation dependencies	2026-09-22T19:39:23.2466708Z Get:47 http://azure.archive.ubuntu.com/ubuntu jammy/main amd64 libmp3lame0 amd64 3.100-3build2 [141 kB]
linux-packages	Install build, package and native automation dependencies	2026-09-22T19:39:23.3883285Z Get:48 http://azure.archive.ubuntu.com/ubuntu jammy-updates/main amd64 libmpg123-0 amd64 1.29.3-1ubuntu0.1 [172 kB]
linux-packages	Install build, package and native automation dependencies	2026-09-22T19:39:23.5323687Z Get:49 http://azure.archive.ubuntu.com/ubuntu jammy/main amd64 libasyncns0 amd64 0.8-6build2 [12.8 kB]
linux-packages	Install build, package and native automation dependencies	2026-09-22T19:39:23.6701348Z Get:50 http://azure.archive.ubuntu.com/ubuntu jammy-updates/main amd64 libsndfile1 amd64 1.0.31-2ubuntu0.2 [196 kB]
linux-packages	Install build, package and native automation dependencies	2026-09-22T19:39:23.8139700Z Get:51 http://azure.archive.ubuntu.com/ubuntu jammy-updates/main amd64 libpulse0 amd64 1:15.99.1+dfsg1-1ubuntu2.2 [298 kB]
linux-packages	Install build, package and native automation dependencies	2026-09-22T19:39:23.9609265Z Get:52 http://azure.archive.ubuntu.com/ubuntu jammy/main amd64 libspeex1 amd64 1.2~rc1.2-1.1ubuntu3 [57.9 kB]
linux-packages	Install build, package and native automation dependencies	2026-09-22T19:39:24.0988164Z Get:53 http://azure.archive.ubuntu.com/ubuntu jammy/main amd64 libshout3 amd64 2.4.5-1build3 [54.5 kB]
linux-packages	Install build, package and native automation dependencies	2026-09-22T19:39:24.2374929Z Get:54 http://azure.archive.ubuntu.com/ubuntu jammy/main amd64 libtag1v5-vanilla amd64 1.11.1+dfsg.1-3ubuntu3 [304 kB]
linux-packages	Install build, package and native automation dependencies	2026-09-22T19:39:24.3851097Z Get:55 http://azure.archive.ubuntu.com/ubuntu jammy/main amd64 libtag1v5 amd64 1.11.1+dfsg.1-3ubuntu3 [11.5 kB]
linux-packages	Install build, package and native automation dependencies	2026-09-22T19:39:24.5312024Z Get:56 http://azure.archive.ubuntu.com/ubuntu jammy/main amd64 libtwolame0 amd64 0.4.0-2build2 [52.5 kB]
linux-packages	Install build, package and native automation dependencies	2026-09-22T19:39:24.7697802Z Get:57 http://azure.archive.ubuntu.com/ubuntu jammy/main amd64 libv4lconvert0 amd64 1.22.1-2build1 [82.4 kB]
linux-packages	Install build, package and native automation dependencies	2026-09-22T19:39:24.9605168Z Get:58 http://azure.archive.ubuntu.com/ubuntu jammy/main amd64 libv4l-0 amd64 1.22.1-2build1 [44.9 kB]
linux-packages	Install build, package and native automation dependencies	2026-09-22T19:39:25.2246896Z Get:59 http://azure.archive.ubuntu.com/ubuntu jammy-updates/main amd64 libvpx7 amd64 1.11.0-2ubuntu2.5 [1078 kB]
linux-packages	Install build, package and native automation dependencies	2026-09-22T19:39:25.4646164Z Get:60 http://azure.archive.ubuntu.com/ubuntu jammy/main amd64 libwavpack1 amd64 5.4.0-1build2 [83.7 kB]
linux-packages	Install build, package and native automation dependencies	2026-09-22T19:39:25.6980763Z Get:61 http://azure.archive.ubuntu.com/ubuntu jammy-updates/main amd64 gstreamer1.0-plugins-good amd64 1.20.3-0ubuntu1.9 [2008 kB]
linux-packages	Install build, package and native automation dependencies	2026-09-22T19:39:25.9358747Z Get:62 http://azure.archive.ubuntu.com/ubuntu jammy/main amd64 libxv1 amd64 2:1.0.11-1build2 [11.2 kB]
linux-packages	Install build, package and native automation dependencies	2026-09-22T19:39:26.1762406Z Get:63 http://azure.archive.ubuntu.com/ubuntu jammy-updates/main amd64 gstreamer1.0-x amd64 1.20.1-1ubuntu0.7 [85.1 kB]
linux-packages	Install build, package and native automation dependencies	2026-09-22T19:39:26.5562098Z Get:64 http://azure.archive.ubuntu.com/ubuntu jammy/main amd64 libatk1.0-dev amd64 2.36.0-3build1 [96.6 kB]
linux-packages	Install build, package and native automation dependencies	2026-09-22T19:39:27.0959906Z Get:65 http://azure.archive.ubuntu.com/ubuntu jammy-updates/main amd64 libdbus-1-dev amd64 1.12.20-2ubuntu4.1 [188 kB]
linux-packages	Install build, package and native automation dependencies	2026-09-22T19:39:27.4599513Z Get:66 http://azure.archive.ubuntu.com/ubuntu jammy/main amd64 libxfixes-dev amd64 1:6.0.0-1 [12.2 kB]
linux-packages	Install build, package and native automation dependencies	2026-09-22T19:39:27.5979585Z Get:67 http://azure.archive.ubuntu.com/ubuntu jammy/main amd64 libxi-dev amd64 2:1.8-1build1 [193 kB]
linux-packages	Install build, package and native automation dependencies	2026-09-22T19:39:27.8146468Z Get:68 http://azure.archive.ubuntu.com/ubuntu jammy/main amd64 libxtst-dev amd64 2:1.2.3-1build4 [16.3 kB]
linux-packages	Install build, package and native automation dependencies	2026-09-22T19:39:27.9537104Z Get:69 http://azure.archive.ubuntu.com/ubuntu jammy/main amd64 libatspi2.0-dev amd64 2.44.0-3 [71.5 kB]
linux-packages	Install build, package and native automation dependencies	2026-09-22T19:39:28.1144298Z Get:70 http://azure.archive.ubuntu.com/ubuntu jammy/main amd64 libatk-bridge2.0-dev amd64 2.38.0-3 [2954 B]
linux-packages	Install build, package and native automation dependencies	2026-09-22T19:39:28.2492759Z Get:71 http://azure.archive.ubuntu.com/ubuntu jammy/main amd64 libglx-dev amd64 1.4.0-1 [14.1 kB]
linux-packages	Install build, package and native automation dependencies	2026-09-22T19:39:28.3872965Z Get:72 http://azure.archive.ubuntu.com/ubuntu jammy/main amd64 libgl-dev amd64 1.4.0-1 [101 kB]
linux-packages	Install build, package and native automation dependencies	2026-09-22T19:39:28.5595613Z Get:73 http://azure.archive.ubuntu.com/ubuntu jammy/main amd64 libegl-dev amd64 1.4.0-1 [18.0 kB]
linux-packages	Install build, package and native automation dependencies	2026-09-22T19:39:28.6990159Z Get:74 http://azure.archive.ubuntu.com/ubuntu jammy/main amd64 libglvnd-core-dev amd64 1.4.0-1 [12.7 kB]
linux-packages	Install build, package and native automation dependencies	2026-09-22T19:39:28.8377261Z Get:75 http://azure.archive.ubuntu.com/ubuntu jammy/main amd64 libgles1 amd64 1.4.0-1 [11.5 kB]
linux-packages	Install build, package and native automation dependencies	2026-09-22T19:39:28.9747531Z Get:76 http://azure.archive.ubuntu.com/ubuntu jammy/main amd64 libgles2 amd64 1.4.0-1 [18.0 kB]
linux-packages	Install build, package and native automation dependencies	2026-09-22T19:39:29.1142671Z Get:77 http://azure.archive.ubuntu.com/ubuntu jammy/main amd64 libgles-dev amd64 1.4.0-1 [49.4 kB]
linux-packages	Install build, package and native automation dependencies	2026-09-22T19:39:29.2659069Z Get:78 http://azure.archive.ubuntu.com/ubuntu jammy/main amd64 libopengl0 amd64 1.4.0-1 [36.5 kB]
linux-packages	Install build, package and native automation dependencies	2026-09-22T19:39:29.4132657Z Get:79 http://azure.archive.ubuntu.com/ubuntu jammy/main amd64 libopengl-dev amd64 1.4.0-1 [3400 B]
linux-packages	Install build, package and native automation dependencies	2026-09-22T19:39:29.5476416Z Get:80 http://azure.archive.ubuntu.com/ubuntu jammy/main amd64 libglvnd-dev amd64 1.4.0-1 [3162 B]
linux-packages	Install build, package and native automation dependencies	2026-09-22T19:39:29.6977236Z Get:81 http://azure.archive.ubuntu.com/ubuntu jammy-updates/main amd64 libegl1-mesa-dev amd64 23.2.1-1ubuntu3.1~22.04.4 [11.3 kB]
linux-packages	Install build, package and native automation dependencies	2026-09-22T19:39:29.8354923Z Get:82 http://azure.archive.ubuntu.com/ubuntu jammy/main amd64 libepoxy-dev amd64 1.5.10-1 [132 kB]
linux-packages	Install build, package and native automation dependencies	2026-09-22T19:39:30.0201805Z Get:83 http://azure.archive.ubuntu.com/ubuntu jammy-updates/main amd64 libfribidi-dev amd64 1.0.8-2ubuntu3.1 [64.8 kB]
linux-packages	Install build, package and native automation dependencies	2026-09-22T19:39:30.1785565Z Get:84 http://azure.archive.ubuntu.com/ubuntu jammy-updates/main amd64 libharfbuzz-icu0 amd64 2.7.4-1ubuntu3.2 [5890 B]
linux-packages	Install build, package and native automation dependencies	2026-09-22T19:39:30.3193229Z Get:85 http://azure.archive.ubuntu.com/ubuntu jammy-updates/main amd64 libharfbuzz-gobject0 amd64 2.7.4-1ubuntu3.2 [26.0 kB]
linux-packages	Install build, package and native automation dependencies	2026-09-22T19:39:30.4623348Z Get:86 http://azure.archive.ubuntu.com/ubuntu jammy-updates/main amd64 libgraphite2-dev amd64 1.3.14-1ubuntu0.1 [14.7 kB]
linux-packages	Install build, package and native automation dependencies	2026-09-22T19:39:30.6004109Z Get:87 http://azure.archive.ubuntu.com/ubuntu jammy-updates/main amd64 libharfbuzz-dev amd64 2.7.4-1ubuntu3.2 [554 kB]
linux-packages	Install build, package and native automation dependencies	2026-09-22T19:39:30.9503016Z Get:88 http://azure.archive.ubuntu.com/ubuntu jammy/main amd64 libdatrie-dev amd64 0.2.13-2 [19.7 kB]
linux-packages	Install build, package and native automation dependencies	2026-09-22T19:39:31.0855535Z Get:89 http://azure.archive.ubuntu.com/ubuntu jammy/main amd64 libthai-dev amd64 0.1.29-1build1 [26.4 kB]
linux-packages	Install build, package and native automation dependencies	2026-09-22T19:39:31.2219025Z Get:90 http://azure.archive.ubuntu.com/ubuntu jammy/main amd64 libxft-dev amd64 2.3.4-1 [52.4 kB]
linux-packages	Install build, package and native automation dependencies	2026-09-22T19:39:31.3622516Z Get:91 http://azure.archive.ubuntu.com/ubuntu jammy-updates/main amd64 pango1.0-tools amd64 1.50.6+ds-2ubuntu1 [45.8 kB]
linux-packages	Install build, package and native automation dependencies	2026-09-22T19:39:31.5013395Z Get:92 http://azure.archive.ubuntu.com/ubuntu jammy-updates/main amd64 libpango1.0-dev amd64 1.50.6+ds-2ubuntu1 [154 kB]
linux-packages	Install build, package and native automation dependencies	2026-09-22T19:39:31.6574297Z Get:93 http://azure.archive.ubuntu.com/ubuntu jammy-updates/main amd64 libwayland-bin amd64 1.20.0-1ubuntu0.1 [20.4 kB]
linux-packages	Install build, package and native automation dependencies	2026-09-22T19:39:31.7952507Z Get:94 http://azure.archive.ubuntu.com/ubuntu jammy-updates/main amd64 libwayland-dev amd64 1.20.0-1ubuntu0.1 [69.5 kB]
linux-packages	Install build, package and native automation dependencies	2026-09-22T19:39:31.9362405Z Get:95 http://azure.archive.ubuntu.com/ubuntu jammy/main amd64 libxcomposite-dev amd64 1:0.4.5-1build2 [9326 B]
linux-packages	Install build, package and native automation dependencies	2026-09-22T19:39:32.0725970Z Get:96 http://azure.archive.ubuntu.com/ubuntu jammy/main amd64 libxcursor-dev amd64 1:1.2.0-2build4 [28.2 kB]
linux-packages	Install build, package and native automation dependencies	2026-09-22T19:39:32.2249723Z Get:97 http://azure.archive.ubuntu.com/ubuntu jammy/main amd64 libxdamage-dev amd64 1:1.1.5-2build2 [5264 B]
linux-packages	Install build, package and native automation dependencies	2026-09-22T19:39:32.3621272Z Get:98 http://azure.archive.ubuntu.com/ubuntu jammy/main amd64 libxinerama-dev amd64 2:1.1.4-3 [8104 B]
linux-packages	Install build, package and native automation dependencies	2026-09-22T19:39:32.4984439Z Get:99 http://azure.archive.ubuntu.com/ubuntu jammy/main amd64 libxkbcommon-dev amd64 1.4.0-1 [54.9 kB]
linux-packages	Install build, package and native automation dependencies	2026-09-22T19:39:32.6362524Z Get:100 http://azure.archive.ubuntu.com/ubuntu jammy/main amd64 libxrandr-dev amd64 2:1.5.2-1build1 [26.7 kB]
linux-packages	Install build, package and native automation dependencies	2026-09-22T19:39:32.7729815Z Get:101 http://azure.archive.ubuntu.com/ubuntu jammy/main amd64 wayland-protocols all 1.25-1 [70.6 kB]
linux-packages	Install build, package and native automation dependencies	2026-09-22T19:39:32.9112186Z Get:102 http://azure.archive.ubuntu.com/ubuntu jammy-updates/main amd64 libgtk-3-dev amd64 3.24.33-1ubuntu2.2 [1082 kB]
linux-packages	Install build, package and native automation dependencies	2026-09-22T19:39:33.0977753Z Get:103 http://azure.archive.ubuntu.com/ubuntu jammy/main amd64 libayatana-ido3-dev amd64 0.9.1-1 [14.2 kB]
linux-packages	Install build, package and native automation dependencies	2026-09-22T19:39:33.2352836Z Get:104 http://azure.archive.ubuntu.com/ubuntu jammy/main amd64 libayatana-indicator3-dev amd64 0.9.1-1 [6934 B]
linux-packages	Install build, package and native automation dependencies	2026-09-22T19:39:33.3717320Z Get:105 http://azure.archive.ubuntu.com/ubuntu jammy/main amd64 libdbus-glib-1-dev-bin amd64 0.112-2build1 [41.9 kB]
linux-packages	Install build, package and native automation dependencies	2026-09-22T19:39:33.5089594Z Get:106 http://azure.archive.ubuntu.com/ubuntu jammy/main amd64 libdbus-glib-1-dev amd64 0.112-2build1 [80.6 kB]
linux-packages	Install build, package and native automation dependencies	2026-09-22T19:39:33.6482323Z Get:107 http://azure.archive.ubuntu.com/ubuntu jammy/main amd64 libdbusmenu-glib-dev amd64 16.04.1+18.10.20180917-0ubuntu8 [73.8 kB]
linux-packages	Install build, package and native automation dependencies	2026-09-22T19:39:33.7872515Z Get:108 http://azure.archive.ubuntu.com/ubuntu jammy/main amd64 libayatana-appindicator3-dev amd64 0.5.90-7ubuntu2 [14.9 kB]
linux-packages	Install build, package and native automation dependencies	2026-09-22T19:39:33.9237572Z Get:109 http://azure.archive.ubuntu.com/ubuntu jammy/main amd64 libdazzle-1.0-dev amd64 3.44.0-1 [121 kB]
linux-packages	Install build, package and native automation dependencies	2026-09-22T19:39:34.0645696Z Get:110 http://azure.archive.ubuntu.com/ubuntu jammy/universe amd64 libfuse2 amd64 2.9.9-5ubuntu3 [90.3 kB]
linux-packages	Install build, package and native automation dependencies	2026-09-22T19:39:34.2048779Z Get:111 http://azure.archive.ubuntu.com/ubuntu jammy/main amd64 libhyphen0 amd64 2.8.8-7build2 [28.2 kB]
linux-packages	Install build, package and native automation dependencies	2026-09-22T19:39:34.3421957Z Get:112 http://azure.archive.ubuntu.com/ubuntu jammy-updates/main amd64 libjavascriptcoregtk-4.1-0 amd64 2.50.4-0ubuntu0.22.04.1 [9518 kB]
linux-packages	Install build, package and native automation dependencies	2026-09-22T19:39:34.8939791Z Get:113 http://azure.archive.ubuntu.com/ubuntu jammy-updates/main amd64 libjavascriptcoregtk-4.1-dev amd64 2.50.4-0ubuntu0.22.04.1 [69.7 kB]
linux-packages	Install build, package and native automation dependencies	2026-09-22T19:39:35.0324270Z Get:114 http://azure.archive.ubuntu.com/ubuntu jammy/main amd64 libjson-glib-dev amd64 1.6.6-1build1 [96.7 kB]
linux-packages	Install build, package and native automation dependencies	2026-09-22T19:39:35.1726329Z Get:115 http://azure.archive.ubuntu.com/ubuntu jammy/main amd64 libevdev2 amd64 1.12.1+dfsg-1 [39.5 kB]
linux-packages	Install build, package and native automation dependencies	2026-09-22T19:39:35.3109532Z Get:116 http://azure.archive.ubuntu.com/ubuntu jammy/main amd64 libmanette-0.2-0 amd64 0.2.6-3build1 [30.4 kB]
linux-packages	Install build, package and native automation dependencies	2026-09-22T19:39:35.4479920Z Get:117 http://azure.archive.ubuntu.com/ubuntu jammy-updates/main amd64 libnghttp2-dev amd64 1.43.0-1ubuntu0.4 [117 kB]
linux-packages	Install build, package and native automation dependencies	2026-09-22T19:39:35.5890360Z Get:118 http://azure.archive.ubuntu.com/ubuntu jammy/main amd64 libwebrtc-audio-processing1 amd64 0.3.1-0ubuntu5 [291 kB]
linux-packages	Install build, package and native automation dependencies	2026-09-22T19:39:35.7396340Z Get:119 http://azure.archive.ubuntu.com/ubuntu jammy-updates/main amd64 libspa-0.2-modules amd64 0.3.48-1ubuntu3.2 [546 kB]
linux-packages	Install build, package and native automation dependencies	2026-09-22T19:39:35.8991235Z Get:120 http://azure.archive.ubuntu.com/ubuntu jammy-updates/main amd64 libpipewire-0.3-0 amd64 0.3.48-1ubuntu3.2 [274 kB]
linux-packages	Install build, package and native automation dependencies	2026-09-22T19:39:36.0465933Z Get:121 http://azure.archive.ubuntu.com/ubuntu jammy-updates/main amd64 libpipewire-0.3-common all 0.3.48-1ubuntu3.2 [4278 B]
linux-packages	Install build, package and native automation dependencies	2026-09-22T19:39:36.1828690Z Get:122 http://azure.archive.ubuntu.com/ubuntu jammy-updates/main amd64 libpipewire-0.3-modules amd64 0.3.48-1ubuntu3.2 [525 kB]
linux-packages	Install build, package and native automation dependencies	2026-09-22T19:39:36.3435252Z Get:123 http://azure.archive.ubuntu.com/ubuntu jammy-updates/main amd64 libpolkit-gobject-1-dev amd64 0.105-33ubuntu0.2 [65.4 kB]
linux-packages	Install build, package and native automation dependencies	2026-09-22T19:39:36.4802630Z Get:124 http://azure.archive.ubuntu.com/ubuntu jammy/main amd64 libpsl-dev amd64 0.21.0-1.2build2 [77.9 kB]
linux-packages	Install build, package and native automation dependencies	2026-09-22T19:39:36.6194905Z Get:125 http://azure.archive.ubuntu.com/ubuntu jammy/universe amd64 libsysprof-4 amd64 3.44.0-1 [136 kB]
linux-packages	Install build, package and native automation dependencies	2026-09-22T19:39:36.7605933Z Get:126 http://azure.archive.ubuntu.com/ubuntu jammy/universe amd64 libsysprof-ui-4 amd64 3.44.0-1 [146 kB]
linux-packages	Install build, package and native automation dependencies	2026-09-22T19:39:36.9027019Z Get:127 http://azure.archive.ubuntu.com/ubuntu jammy/universe amd64 libsysprof-4-dev amd64 3.44.0-1 [54.7 kB]
linux-packages	Install build, package and native automation dependencies	2026-09-22T19:39:37.0409314Z Get:128 http://azure.archive.ubuntu.com/ubuntu jammy-updates/universe amd64 libsoup-3.0-dev amd64 3.0.7-0ubuntu1 [102 kB]
linux-packages	Install build, package and native automation dependencies	2026-09-22T19:39:37.1805738Z Get:129 http://azure.archive.ubuntu.com/ubuntu jammy-updates/main amd64 xdg-dbus-proxy amd64 0.1.3-1ubuntu0.1 [24.9 kB]
linux-packages	Install build, package and native automation dependencies	2026-09-22T19:39:37.3172758Z Get:130 http://azure.archive.ubuntu.com/ubuntu jammy/main amd64 libwoff1 amd64 1.0.2-1build4 [45.2 kB]
linux-packages	Install build, package and native automation dependencies	2026-09-22T19:39:37.4581686Z Get:131 http://azure.archive.ubuntu.com/ubuntu jammy-updates/universe amd64 libwebkit2gtk-4.1-0 amd64 2.50.4-0ubuntu0.22.04.1 [27.3 MB]
linux-packages	Install build, package and native automation dependencies	2026-09-22T19:39:38.8932591Z Get:132 http://azure.archive.ubuntu.com/ubuntu jammy-updates/universe amd64 libwebkit2gtk-4.1-dev amd64 2.50.4-0ubuntu0.22.04.1 [288 kB]
linux-packages	Install build, package and native automation dependencies	2026-09-22T19:39:39.0437664Z Get:133 http://azure.archive.ubuntu.com/ubuntu jammy-updates/main amd64 pipewire-bin amd64 0.3.48-1ubuntu3.2 [312 kB]
linux-packages	Install build, package and native automation dependencies	2026-09-22T19:39:39.1927413Z Get:134 http://azure.archive.ubuntu.com/ubuntu jammy-updates/main amd64 pipewire amd64 0.3.48-1ubuntu3.2 [3978 B]
linux-packages	Install build, package and native automation dependencies	2026-09-22T19:39:39.3296312Z Get:135 http://azure.archive.ubuntu.com/ubuntu jammy/main amd64 pipewire-media-session amd64 0.4.1-2ubuntu1 [128 kB]
linux-packages	Install build, package and native automation dependencies	2026-09-22T19:39:39.4713932Z Get:136 http://azure.archive.ubuntu.com/ubuntu jammy/main amd64 rtkit amd64 0.13-4build2 [35.1 kB]
linux-packages	Install build, package and native automation dependencies	2026-09-22T19:39:39.6100987Z Get:137 http://azure.archive.ubuntu.com/ubuntu jammy-updates/universe amd64 webkit2gtk-driver amd64 2.50.4-0ubuntu0.22.04.1 [468 kB]
linux-packages	Install build, package and native automation dependencies	2026-09-22T19:39:39.7678071Z Get:138 http://azure.archive.ubuntu.com/ubuntu jammy/universe amd64 xclip amd64 0.13-2 [18.3 kB]
linux-packages	Install build, package and native automation dependencies	2026-09-22T19:39:39.9062137Z Get:139 http://azure.archive.ubuntu.com/ubuntu jammy-updates/main amd64 xdg-desktop-portal amd64 1.14.4-1ubuntu2~22.04.2 [265 kB]
linux-packages	Install build, package and native automation dependencies	2026-09-22T19:39:40.0545255Z Get:140 http://azure.archive.ubuntu.com/ubuntu jammy/main amd64 xdg-desktop-portal-gtk amd64 1.14.0-1build1 [87.4 kB]
linux-packages	Install build, package and native automation dependencies	2026-09-22T19:39:40.1943554Z Get:141 http://azure.archive.ubuntu.com/ubuntu jammy/universe amd64 libxdo3 amd64 1:3.20160805.1-4 [21.0 kB]
linux-packages	Install build, package and native automation dependencies	2026-09-22T19:39:40.3319445Z Get:142 http://azure.archive.ubuntu.com/ubuntu jammy/universe amd64 xdotool amd64 1:3.20160805.1-4 [41.5 kB]
linux-packages	Install build, package and native automation dependencies	2026-09-22T19:39:40.6847524Z Fetched 56.2 MB in 24s (2373 kB/s)
linux-packages	Install build, package and native automation dependencies	2026-09-22T19:39:40.7170949Z Selecting previously unselected package bubblewrap.
linux-packages	Install build, package and native automation dependencies	2026-09-22T19:39:40.7409254Z (Reading database ... 
linux-packages	Install build, package and native automation dependencies	2026-09-22T19:39:40.7409531Z (Reading database ... 5%
linux-packages	Install build, package and native automation dependencies	2026-09-22T19:39:40.7409756Z (Reading database ... 10%
linux-packages	Install build, package and native automation dependencies	2026-09-22T19:39:40.7410024Z (Reading database ... 15%
linux-packages	Install build, package and native automation dependencies	2026-09-22T19:39:40.7410225Z (Reading database ... 20%
linux-packages	Install build, package and native automation dependencies	2026-09-22T19:39:40.7410418Z (Reading database ... 25%
linux-packages	Install build, package and native automation dependencies	2026-09-22T19:39:40.7410605Z (Reading database ... 30%
linux-packages	Install build, package and native automation dependencies	2026-09-22T19:39:40.7410798Z (Reading database ... 35%
linux-packages	Install build, package and native automation dependencies	2026-09-22T19:39:40.7410990Z (Reading database ... 40%
linux-packages	Install build, package and native automation dependencies	2026-09-22T19:39:40.7411180Z (Reading database ... 45%
linux-packages	Install build, package and native automation dependencies	2026-09-22T19:39:40.7411369Z (Reading database ... 50%
linux-packages	Install build, package and native automation dependencies	2026-09-22T19:39:40.8606853Z (Reading database ... 55%
linux-packages	Install build, package and native automation dependencies	2026-09-22T19:39:41.1713749Z (Reading database ... 60%
linux-packages	Install build, package and native automation dependencies	2026-09-22T19:39:41.4373790Z (Reading database ... 65%
linux-packages	Install build, package and native automation dependencies	2026-09-22T19:39:41.6210054Z (Reading database ... 70%
linux-packages	Install build, package and native automation dependencies	2026-09-22T19:39:41.8254106Z (Reading database ... 75%
linux-packages	Install build, package and native automation dependencies	2026-09-22T19:39:42.0388769Z (Reading database ... 80%
linux-packages	Install build, package and native automation dependencies	2026-09-22T19:39:42.2788404Z (Reading database ... 85%
linux-packages	Install build, package and native automation dependencies	2026-09-22T19:39:42.6282117Z (Reading database ... 90%
linux-packages	Install build, package and native automation dependencies	2026-09-22T19:39:42.8463393Z (Reading database ... 95%
linux-packages	Install build, package and native automation dependencies	2026-09-22T19:39:42.8463678Z (Reading database ... 100%
linux-packages	Install build, package and native automation dependencies	2026-09-22T19:39:42.8463961Z (Reading database ... 262520 files and directories currently installed.)
linux-packages	Install build, package and native automation dependencies	2026-09-22T19:39:42.8509950Z Preparing to unpack .../000-bubblewrap_0.6.1-1ubuntu0.3_amd64.deb ...
linux-packages	Install build, package and native automation dependencies	2026-09-22T19:39:42.8802663Z Unpacking bubblewrap (0.6.1-1ubuntu0.3) ...
linux-packages	Install build, package and native automation dependencies	2026-09-22T19:39:42.9356295Z Selecting previously unselected package dbus-x11.
linux-packages	Install build, package and native automation dependencies	2026-09-22T19:39:42.9447580Z Preparing to unpack .../001-dbus-x11_1.12.20-2ubuntu4.1_amd64.deb ...
linux-packages	Install build, package and native automation dependencies	2026-09-22T19:39:42.9460453Z Unpacking dbus-x11 (1.12.20-2ubuntu4.1) ...
linux-packages	Install build, package and native automation dependencies	2026-09-22T19:39:42.9806183Z Selecting previously unselected package gir1.2-atk-1.0:amd64.
linux-packages	Install build, package and native automation dependencies	2026-09-22T19:39:42.9900198Z Preparing to unpack .../002-gir1.2-atk-1.0_2.36.0-3build1_amd64.deb ...
linux-packages	Install build, package and native automation dependencies	2026-09-22T19:39:42.9906168Z Unpacking gir1.2-atk-1.0:amd64 (2.36.0-3build1) ...
linux-packages	Install build, package and native automation dependencies	2026-09-22T19:39:43.0016799Z Selecting previously unselected package gir1.2-atspi-2.0:amd64.
linux-packages	Install build, package and native automation dependencies	2026-09-22T19:39:43.0108962Z Preparing to unpack .../003-gir1.2-atspi-2.0_2.44.0-3_amd64.deb ...
linux-packages	Install build, package and native automation dependencies	2026-09-22T19:39:43.0114951Z Unpacking gir1.2-atspi-2.0:amd64 (2.44.0-3) ...
linux-packages	Install build, package and native automation dependencies	2026-09-22T19:39:43.0216479Z Selecting previously unselected package gir1.2-harfbuzz-0.0:amd64.
linux-packages	Install build, package and native automation dependencies	2026-09-22T19:39:43.0306714Z Preparing to unpack .../004-gir1.2-harfbuzz-0.0_2.7.4-1ubuntu3.2_amd64.deb ...
linux-packages	Install build, package and native automation dependencies	2026-09-22T19:39:43.0311974Z Unpacking gir1.2-harfbuzz-0.0:amd64 (2.7.4-1ubuntu3.2) ...
linux-packages	Install build, package and native automation dependencies	2026-09-22T19:39:43.0715485Z Selecting previously unselected package libpangoxft-1.0-0:amd64.
linux-packages	Install build, package and native automation dependencies	2026-09-22T19:39:43.0803381Z Preparing to unpack .../005-libpangoxft-1.0-0_1.50.6+ds-2ubuntu1_amd64.deb ...
linux-packages	Install build, package and native automation dependencies	2026-09-22T19:39:43.0815706Z Unpacking libpangoxft-1.0-0:amd64 (1.50.6+ds-2ubuntu1) ...
linux-packages	Install build, package and native automation dependencies	2026-09-22T19:39:43.1094419Z Selecting previously unselected package gir1.2-pango-1.0:amd64.
linux-packages	Install build, package and native automation dependencies	2026-09-22T19:39:43.1182250Z Preparing to unpack .../006-gir1.2-pango-1.0_1.50.6+ds-2ubuntu1_amd64.deb ...
linux-packages	Install build, package and native automation dependencies	2026-09-22T19:39:43.1187962Z Unpacking gir1.2-pango-1.0:amd64 (1.50.6+ds-2ubuntu1) ...
linux-packages	Install build, package and native automation dependencies	2026-09-22T19:39:43.2034308Z Selecting previously unselected package gir1.2-gtk-3.0:amd64.
linux-packages	Install build, package and native automation dependencies	2026-09-22T19:39:43.2126471Z Preparing to unpack .../007-gir1.2-gtk-3.0_3.24.33-1ubuntu2.2_amd64.deb ...
linux-packages	Install build, package and native automation dependencies	2026-09-22T19:39:43.2132968Z Unpacking gir1.2-gtk-3.0:amd64 (3.24.33-1ubuntu2.2) ...
linux-packages	Install build, package and native automation dependencies	2026-09-22T19:39:43.2263352Z Selecting previously unselected package libayatana-ido3-0.4-0:amd64.
linux-packages	Install build, package and native automation dependencies	2026-09-22T19:39:43.2354597Z Preparing to unpack .../008-libayatana-ido3-0.4-0_0.9.1-1_amd64.deb ...
linux-packages	Install build, package and native automation dependencies	2026-09-22T19:39:43.2361122Z Unpacking libayatana-ido3-0.4-0:amd64 (0.9.1-1) ...
linux-packages	Install build, package and native automation dependencies	2026-09-22T19:39:43.2831171Z Selecting previously unselected package libayatana-indicator3-7:amd64.
linux-packages	Install build, package and native automation dependencies	2026-09-22T19:39:43.2921251Z Preparing to unpack .../009-libayatana-indicator3-7_0.9.1-1_amd64.deb ...
linux-packages	Install build, package and native automation dependencies	2026-09-22T19:39:43.2932834Z Unpacking libayatana-indicator3-7:amd64 (0.9.1-1) ...
linux-packages	Install build, package and native automation dependencies	2026-09-22T19:39:43.3406872Z Selecting previously unselected package libayatana-appindicator3-1.
linux-packages	Install build, package and native automation dependencies	2026-09-22T19:39:43.3498074Z Preparing to unpack .../010-libayatana-appindicator3-1_0.5.90-7ubuntu2_amd64.deb ...
linux-packages	Install build, package and native automation dependencies	2026-09-22T19:39:43.3505529Z Unpacking libayatana-appindicator3-1 (0.5.90-7ubuntu2) ...
linux-packages	Install build, package and native automation dependencies	2026-09-22T19:39:43.3693095Z Selecting previously unselected package gir1.2-ayatanaappindicator3-0.1.
linux-packages	Install build, package and native automation dependencies	2026-09-22T19:39:43.3780618Z Preparing to unpack .../011-gir1.2-ayatanaappindicator3-0.1_0.5.90-7ubuntu2_amd64.deb ...
linux-packages	Install build, package and native automation dependencies	2026-09-22T19:39:43.4122798Z Unpacking gir1.2-ayatanaappindicator3-0.1 (0.5.90-7ubuntu2) ...
linux-packages	Install build, package and native automation dependencies	2026-09-22T19:39:43.4225369Z Selecting previously unselected package gir1.2-ayatanaido3-0.4:amd64.
linux-packages	Install build, package and native automation dependencies	2026-09-22T19:39:43.4313359Z Preparing to unpack .../012-gir1.2-ayatanaido3-0.4_0.9.1-1_amd64.deb ...
linux-packages	Install build, package and native automation dependencies	2026-09-22T19:39:43.4416909Z Unpacking gir1.2-ayatanaido3-0.4:amd64 (0.9.1-1) ...
linux-packages	Install build, package and native automation dependencies	2026-09-22T19:39:43.4800047Z Selecting previously unselected package libdazzle-common.
linux-packages	Install build, package and native automation dependencies	2026-09-22T19:39:43.4895909Z Preparing to unpack .../013-libdazzle-common_3.44.0-1_all.deb ...
linux-packages	Install build, package and native automation dependencies	2026-09-22T19:39:43.4902013Z Unpacking libdazzle-common (3.44.0-1) ...
linux-packages	Install build, package and native automation dependencies	2026-09-22T19:39:43.6131123Z Selecting previously unselected package libdazzle-1.0-0:amd64.
linux-packages	Install build, package and native automation dependencies	2026-09-22T19:39:43.6222909Z Preparing to unpack .../014-libdazzle-1.0-0_3.44.0-1_amd64.deb ...
linux-packages	Install build, package and native automation dependencies	2026-09-22T19:39:43.6422991Z Unpacking libdazzle-1.0-0:amd64 (3.44.0-1) ...
linux-packages	Install build, package and native automation dependencies	2026-09-22T19:39:43.6564421Z Selecting previously unselected package gir1.2-dazzle-1.0:amd64.
linux-packages	Install build, package and native automation dependencies	2026-09-22T19:39:43.6657028Z Preparing to unpack .../015-gir1.2-dazzle-1.0_3.44.0-1_amd64.deb ...
linux-packages	Install build, package and native automation dependencies	2026-09-22T19:39:43.6907179Z Unpacking gir1.2-dazzle-1.0:amd64 (3.44.0-1) ...
linux-packages	Install build, package and native automation dependencies	2026-09-22T19:39:43.7056476Z Selecting previously unselected package gir1.2-dbusmenu-glib-0.4:amd64.
linux-packages	Install build, package and native automation dependencies	2026-09-22T19:39:43.7146282Z Preparing to unpack .../016-gir1.2-dbusmenu-glib-0.4_16.04.1+18.10.20180917-0ubuntu8_amd64.deb ...
linux-packages	Install build, package and native automation dependencies	2026-09-22T19:39:43.7309778Z Unpacking gir1.2-dbusmenu-glib-0.4:amd64 (16.04.1+18.10.20180917-0ubuntu8) ...
linux-packages	Install build, package and native automation dependencies	2026-09-22T19:39:44.1483993Z Selecting previously unselected package gir1.2-json-1.0:amd64.
linux-packages	Install build, package and native automation dependencies	2026-09-22T19:39:44.1576325Z Preparing to unpack .../017-gir1.2-json-1.0_1.6.6-1build1_amd64.deb ...
linux-packages	Install build, package and native automation dependencies	2026-09-22T19:39:44.1581600Z Unpacking gir1.2-json-1.0:amd64 (1.6.6-1build1) ...
linux-packages	Install build, package and native automation dependencies	2026-09-22T19:39:44.1677520Z Selecting previously unselected package gir1.2-polkit-1.0.
linux-packages	Install build, package and native automation dependencies	2026-09-22T19:39:44.1766158Z Preparing to unpack .../018-gir1.2-polkit-1.0_0.105-33ubuntu0.2_amd64.deb ...
linux-packages	Install build, package and native automation dependencies	2026-09-22T19:39:44.2733731Z Unpacking gir1.2-polkit-1.0 (0.105-33ubuntu0.2) ...
linux-packages	Install build, package and native automation dependencies	2026-09-22T19:39:44.3883656Z Selecting previously unselected package libsoup-3.0-common.
linux-packages	Install build, package and native automation dependencies	2026-09-22T19:39:44.3975976Z Preparing to unpack .../019-libsoup-3.0-common_3.0.7-0ubuntu1_all.deb ...
linux-packages	Install build, package and native automation dependencies	2026-09-22T19:39:44.3982295Z Unpacking libsoup-3.0-common (3.0.7-0ubuntu1) ...
linux-packages	Install build, package and native automation dependencies	2026-09-22T19:39:44.6348485Z Selecting previously unselected package libsoup-3.0-0:amd64.
linux-packages	Install build, package and native automation dependencies	2026-09-22T19:39:44.6443424Z Preparing to unpack .../020-libsoup-3.0-0_3.0.7-0ubuntu1_amd64.deb ...
linux-packages	Install build, package and native automation dependencies	2026-09-22T19:39:44.6577732Z Unpacking libsoup-3.0-0:amd64 (3.0.7-0ubuntu1) ...
linux-packages	Install build, package and native automation dependencies	2026-09-22T19:39:44.6776994Z Selecting previously unselected package gir1.2-soup-3.0:amd64.
linux-packages	Install build, package and native automation dependencies	2026-09-22T19:39:44.6870644Z Preparing to unpack .../021-gir1.2-soup-3.0_3.0.7-0ubuntu1_amd64.deb ...
linux-packages	Install build, package and native automation dependencies	2026-09-22T19:39:44.6876426Z Unpacking gir1.2-soup-3.0:amd64 (3.0.7-0ubuntu1) ...
linux-packages	Install build, package and native automation dependencies	2026-09-22T19:39:44.6985897Z Selecting previously unselected package libgraphene-1.0-0:amd64.
linux-packages	Install build, package and native automation dependencies	2026-09-22T19:39:44.7077679Z Preparing to unpack .../022-libgraphene-1.0-0_1.10.8-1_amd64.deb ...
linux-packages	Install build, package and native automation dependencies	2026-09-22T19:39:44.7082650Z Unpacking libgraphene-1.0-0:amd64 (1.10.8-1) ...
linux-packages	Install build, package and native automation dependencies	2026-09-22T19:39:44.7255726Z Selecting previously unselected package libegl-mesa0:amd64.
linux-packages	Install build, package and native automation dependencies	2026-09-22T19:39:44.7346388Z Preparing to unpack .../023-libegl-mesa0_23.2.1-1ubuntu3.1~22.04.4_amd64.deb ...
linux-packages	Install build, package and native automation dependencies	2026-09-22T19:39:44.7356736Z Unpacking libegl-mesa0:amd64 (23.2.1-1ubuntu3.1~22.04.4) ...
linux-packages	Install build, package and native automation dependencies	2026-09-22T19:39:44.8435265Z Selecting previously unselected package libegl1:amd64.
linux-packages	Install build, package and native automation dependencies	2026-09-22T19:39:44.8529301Z Preparing to unpack .../024-libegl1_1.4.0-1_amd64.deb ...
linux-packages	Install build, package and native automation dependencies	2026-09-22T19:39:44.8536866Z Unpacking libegl1:amd64 (1.4.0-1) ...
linux-packages	Install build, package and native automation dependencies	2026-09-22T19:39:44.9512308Z Selecting previously unselected package liborc-0.4-0:amd64.
linux-packages	Install build, package and native automation dependencies	2026-09-22T19:39:44.9603982Z Preparing to unpack .../025-liborc-0.4-0_1%3a0.4.32-2ubuntu0.1_amd64.deb ...
linux-packages	Install build, package and native automation dependencies	2026-09-22T19:39:44.9609039Z Unpacking liborc-0.4-0:amd64 (1:0.4.32-2ubuntu0.1) ...
linux-packages	Install build, package and native automation dependencies	2026-09-22T19:39:45.0806595Z Selecting previously unselected package libgstreamer-plugins-base1.0-0:amd64.
linux-packages	Install build, package and native automation dependencies	2026-09-22T19:39:45.0908895Z Preparing to unpack .../026-libgstreamer-plugins-base1.0-0_1.20.1-1ubuntu0.7_amd64.deb ...
linux-packages	Install build, package and native automation dependencies	2026-09-22T19:39:45.0914034Z Unpacking libgstreamer-plugins-base1.0-0:amd64 (1.20.1-1ubuntu0.7) ...
linux-packages	Install build, package and native automation dependencies	2026-09-22T19:39:45.1787618Z Selecting previously unselected package libgstreamer-gl1.0-0:amd64.
linux-packages	Install build, package and native automation dependencies	2026-09-22T19:39:45.1879608Z Preparing to unpack .../027-libgstreamer-gl1.0-0_1.20.1-1ubuntu0.7_amd64.deb ...
linux-packages	Install build, package and native automation dependencies	2026-09-22T19:39:45.2003906Z Unpacking libgstreamer-gl1.0-0:amd64 (1.20.1-1ubuntu0.7) ...
linux-packages	Install build, package and native automation dependencies	2026-09-22T19:39:45.2310133Z Selecting previously unselected package gstreamer1.0-gl:amd64.
linux-packages	Install build, package and native automation dependencies	2026-09-22T19:39:45.2401277Z Preparing to unpack .../028-gstreamer1.0-gl_1.20.1-1ubuntu0.7_amd64.deb ...
linux-packages	Install build, package and native automation dependencies	2026-09-22T19:39:45.2656838Z Unpacking gstreamer1.0-gl:amd64 (1.20.1-1ubuntu0.7) ...
linux-packages	Install build, package and native automation dependencies	2026-09-22T19:39:45.3262215Z Selecting previously unselected package libcdparanoia0:amd64.
linux-packages	Install build, package and native automation dependencies	2026-09-22T19:39:45.3353474Z Preparing to unpack .../029-libcdparanoia0_3.10.2+debian-14build2_amd64.deb ...
linux-packages	Install build, package and native automation dependencies	2026-09-22T19:39:45.3363232Z Unpacking libcdparanoia0:amd64 (3.10.2+debian-14build2) ...
linux-packages	Install build, package and native automation dependencies	2026-09-22T19:39:45.3477992Z Selecting previously unselected package libopus0:amd64.
linux-packages	Install build, package and native automation dependencies	2026-09-22T19:39:45.3568445Z Preparing to unpack .../030-libopus0_1.3.1-0.1build2_amd64.deb ...
linux-packages	Install build, package and native automation dependencies	2026-09-22T19:39:45.3573081Z Unpacking libopus0:amd64 (1.3.1-0.1build2) ...
linux-packages	Install build, package and native automation dependencies	2026-09-22T19:39:45.3788226Z Selecting previously unselected package libtheora0:amd64.
linux-packages	Install build, package and native automation dependencies	2026-09-22T19:39:45.3878043Z Preparing to unpack .../031-libtheora0_1.1.1+dfsg.1-15ubuntu4_amd64.deb ...
linux-packages	Install build, package and native automation dependencies	2026-09-22T19:39:45.3883021Z Unpacking libtheora0:amd64 (1.1.1+dfsg.1-15ubuntu4) ...
linux-packages	Install build, package and native automation dependencies	2026-09-22T19:39:45.4346969Z Selecting previously unselected package libvisual-0.4-0:amd64.
linux-packages	Install build, package and native automation dependencies	2026-09-22T19:39:45.4437306Z Preparing to unpack .../032-libvisual-0.4-0_0.4.0-17build2_amd64.deb ...
linux-packages	Install build, package and native automation dependencies	2026-09-22T19:39:45.4521667Z Unpacking libvisual-0.4-0:amd64 (0.4.0-17build2) ...
linux-packages	Install build, package and native automation dependencies	2026-09-22T19:39:45.4956157Z Selecting previously unselected package libvorbisenc2:amd64.
linux-packages	Install build, package and native automation dependencies	2026-09-22T19:39:45.5043016Z Preparing to unpack .../033-libvorbisenc2_1.3.7-1build2_amd64.deb ...
linux-packages	Install build, package and native automation dependencies	2026-09-22T19:39:45.5078353Z Unpacking libvorbisenc2:amd64 (1.3.7-1build2) ...
linux-packages	Install build, package and native automation dependencies	2026-09-22T19:39:45.5297306Z Selecting previously unselected package gstreamer1.0-plugins-base:amd64.
linux-packages	Install build, package and native automation dependencies	2026-09-22T19:39:45.5386250Z Preparing to unpack .../034-gstreamer1.0-plugins-base_1.20.1-1ubuntu0.7_amd64.deb ...
linux-packages	Install build, package and native automation dependencies	2026-09-22T19:39:45.5390076Z Unpacking gstreamer1.0-plugins-base:amd64 (1.20.1-1ubuntu0.7) ...
linux-packages	Install build, package and native automation dependencies	2026-09-22T19:39:45.6742627Z Selecting previously unselected package libaa1:amd64.
linux-packages	Install build, package and native automation dependencies	2026-09-22T19:39:45.6843159Z Preparing to unpack .../035-libaa1_1.4p5-50build1_amd64.deb ...
linux-packages	Install build, package and native automation dependencies	2026-09-22T19:39:45.6848645Z Unpacking libaa1:amd64 (1.4p5-50build1) ...
linux-packages	Install build, package and native automation dependencies	2026-09-22T19:39:45.7019778Z Selecting previously unselected package libraw1394-11:amd64.
linux-packages	Install build, package and native automation dependencies	2026-09-22T19:39:45.7111899Z Preparing to unpack .../036-libraw1394-11_2.1.2-2build2_amd64.deb ...
linux-packages	Install build, package and native automation dependencies	2026-09-22T19:39:45.7116623Z Unpacking libraw1394-11:amd64 (2.1.2-2build2) ...
linux-packages	Install build, package and native automation dependencies	2026-09-22T19:39:45.7218832Z Selecting previously unselected package libavc1394-0:amd64.
linux-packages	Install build, package and native automation dependencies	2026-09-22T19:39:45.7308652Z Preparing to unpack .../037-libavc1394-0_0.5.4-5build2_amd64.deb ...
linux-packages	Install build, package and native automation dependencies	2026-09-22T19:39:45.7315926Z Unpacking libavc1394-0:amd64 (0.5.4-5build2) ...
linux-packages	Install build, package and native automation dependencies	2026-09-22T19:39:45.8000387Z Selecting previously unselected package libcaca0:amd64.
linux-packages	Install build, package and native automation dependencies	2026-09-22T19:39:45.8091783Z Preparing to unpack .../038-libcaca0_0.99.beta19-2.2ubuntu4.2_amd64.deb ...
linux-packages	Install build, package and native automation dependencies	2026-09-22T19:39:45.8096849Z Unpacking libcaca0:amd64 (0.99.beta19-2.2ubuntu4.2) ...
linux-packages	Install build, package and native automation dependencies	2026-09-22T19:39:45.8222046Z Selecting previously unselected package libdv4:amd64.
linux-packages	Install build, package and native automation dependencies	2026-09-22T19:39:45.8314524Z Preparing to unpack .../039-libdv4_1.0.0-14build1_amd64.deb ...
linux-packages	Install build, package and native automation dependencies	2026-09-22T19:39:45.8320170Z Unpacking libdv4:amd64 (1.0.0-14build1) ...
linux-packages	Install build, package and native automation dependencies	2026-09-22T19:39:45.8562413Z Selecting previously unselected package libflac8:amd64.
linux-packages	Install build, package and native automation dependencies	2026-09-22T19:39:45.8786768Z Preparing to unpack .../040-libflac8_1.3.3-2ubuntu0.2_amd64.deb ...
linux-packages	Install build, package and native automation dependencies	2026-09-22T19:39:45.9007756Z Unpacking libflac8:amd64 (1.3.3-2ubuntu0.2) ...
linux-packages	Install build, package and native automation dependencies	2026-09-22T19:39:45.9127791Z Selecting previously unselected package libgstreamer-plugins-good1.0-0:amd64.
linux-packages	Install build, package and native automation dependencies	2026-09-22T19:39:45.9218469Z Preparing to unpack .../041-libgstreamer-plugins-good1.0-0_1.20.3-0ubuntu1.9_amd64.deb ...
linux-packages	Install build, package and native automation dependencies	2026-09-22T19:39:45.9222205Z Unpacking libgstreamer-plugins-good1.0-0:amd64 (1.20.3-0ubuntu1.9) ...
linux-packages	Install build, package and native automation dependencies	2026-09-22T19:39:46.0118863Z Selecting previously unselected package libiec61883-0:amd64.
linux-packages	Install build, package and native automation dependencies	2026-09-22T19:39:46.0209992Z Preparing to unpack .../042-libiec61883-0_1.2.0-4build3_amd64.deb ...
linux-packages	Install build, package and native automation dependencies	2026-09-22T19:39:46.0215045Z Unpacking libiec61883-0:amd64 (1.2.0-4build3) ...
linux-packages	Install build, package and native automation dependencies	2026-09-22T19:39:46.1774952Z Selecting previously unselected package libsamplerate0:amd64.
linux-packages	Install build, package and native automation dependencies	2026-09-22T19:39:46.1867258Z Preparing to unpack .../043-libsamplerate0_0.2.2-1build1_amd64.deb ...
linux-packages	Install build, package and native automation dependencies	2026-09-22T19:39:46.1872740Z Unpacking libsamplerate0:amd64 (0.2.2-1build1) ...
linux-packages	Install build, package and native automation dependencies	2026-09-22T19:39:46.2008929Z Selecting previously unselected package libjack-jackd2-0:amd64.
linux-packages	Install build, package and native automation dependencies	2026-09-22T19:39:46.2101293Z Preparing to unpack .../044-libjack-jackd2-0_1.9.20~dfsg-1_amd64.deb ...
linux-packages	Install build, package and native automation dependencies	2026-09-22T19:39:46.2106206Z Unpacking libjack-jackd2-0:amd64 (1.9.20~dfsg-1) ...
linux-packages	Install build, package and native automation dependencies	2026-09-22T19:39:46.2358101Z Selecting previously unselected package libmp3lame0:amd64.
linux-packages	Install build, package and native automation dependencies	2026-09-22T19:39:46.2447763Z Preparing to unpack .../045-libmp3lame0_3.100-3build2_amd64.deb ...
linux-packages	Install build, package and native automation dependencies	2026-09-22T19:39:46.2452585Z Unpacking libmp3lame0:amd64 (3.100-3build2) ...
linux-packages	Install build, package and native automation dependencies	2026-09-22T19:39:46.2583301Z Selecting previously unselected package libmpg123-0:amd64.
linux-packages	Install build, package and native automation dependencies	2026-09-22T19:39:46.2672156Z Preparing to unpack .../046-libmpg123-0_1.29.3-1ubuntu0.1_amd64.deb ...
linux-packages	Install build, package and native automation dependencies	2026-09-22T19:39:46.2676240Z Unpacking libmpg123-0:amd64 (1.29.3-1ubuntu0.1) ...
linux-packages	Install build, package and native automation dependencies	2026-09-22T19:39:46.2795412Z Selecting previously unselected package libasyncns0:amd64.
linux-packages	Install build, package and native automation dependencies	2026-09-22T19:39:46.2884704Z Preparing to unpack .../047-libasyncns0_0.8-6build2_amd64.deb ...
linux-packages	Install build, package and native automation dependencies	2026-09-22T19:39:46.2889774Z Unpacking libasyncns0:amd64 (0.8-6build2) ...
linux-packages	Install build, package and native automation dependencies	2026-09-22T19:39:46.3000801Z Selecting previously unselected package libsndfile1:amd64.
linux-packages	Install build, package and native automation dependencies	2026-09-22T19:39:46.3087408Z Preparing to unpack .../048-libsndfile1_1.0.31-2ubuntu0.2_amd64.deb ...
linux-packages	Install build, package and native automation dependencies	2026-09-22T19:39:46.3204188Z Unpacking libsndfile1:amd64 (1.0.31-2ubuntu0.2) ...
linux-packages	Install build, package and native automation dependencies	2026-09-22T19:39:46.3546771Z Selecting previously unselected package libpulse0:amd64.
linux-packages	Install build, package and native automation dependencies	2026-09-22T19:39:46.3635577Z Preparing to unpack .../049-libpulse0_1%3a15.99.1+dfsg1-1ubuntu2.2_amd64.deb ...
linux-packages	Install build, package and native automation dependencies	2026-09-22T19:39:46.3890137Z Unpacking libpulse0:amd64 (1:15.99.1+dfsg1-1ubuntu2.2) ...
linux-packages	Install build, package and native automation dependencies	2026-09-22T19:39:46.4068270Z Selecting previously unselected package libspeex1:amd64.
linux-packages	Install build, package and native automation dependencies	2026-09-22T19:39:46.4155651Z Preparing to unpack .../050-libspeex1_1.2~rc1.2-1.1ubuntu3_amd64.deb ...
linux-packages	Install build, package and native automation dependencies	2026-09-22T19:39:46.4160063Z Unpacking libspeex1:amd64 (1.2~rc1.2-1.1ubuntu3) ...
linux-packages	Install build, package and native automation dependencies	2026-09-22T19:39:46.4308401Z Selecting previously unselected package libshout3:amd64.
linux-packages	Install build, package and native automation dependencies	2026-09-22T19:39:46.4396070Z Preparing to unpack .../051-libshout3_2.4.5-1build3_amd64.deb ...
linux-packages	Install build, package and native automation dependencies	2026-09-22T19:39:46.4518134Z Unpacking libshout3:amd64 (2.4.5-1build3) ...
linux-packages	Install build, package and native automation dependencies	2026-09-22T19:39:46.4755468Z Selecting previously unselected package libtag1v5-vanilla:amd64.
linux-packages	Install build, package and native automation dependencies	2026-09-22T19:39:46.4845061Z Preparing to unpack .../052-libtag1v5-vanilla_1.11.1+dfsg.1-3ubuntu3_amd64.deb ...
linux-packages	Install build, package and native automation dependencies	2026-09-22T19:39:46.4849789Z Unpacking libtag1v5-vanilla:amd64 (1.11.1+dfsg.1-3ubuntu3) ...
linux-packages	Install build, package and native automation dependencies	2026-09-22T19:39:46.5203969Z Selecting previously unselected package libtag1v5:amd64.
linux-packages	Install build, package and native automation dependencies	2026-09-22T19:39:46.5290949Z Preparing to unpack .../053-libtag1v5_1.11.1+dfsg.1-3ubuntu3_amd64.deb ...
linux-packages	Install build, package and native automation dependencies	2026-09-22T19:39:46.5294908Z Unpacking libtag1v5:amd64 (1.11.1+dfsg.1-3ubuntu3) ...
linux-packages	Install build, package and native automation dependencies	2026-09-22T19:39:46.5392975Z Selecting previously unselected package libtwolame0:amd64.
linux-packages	Install build, package and native automation dependencies	2026-09-22T19:39:46.5479692Z Preparing to unpack .../054-libtwolame0_0.4.0-2build2_amd64.deb ...
linux-packages	Install build, package and native automation dependencies	2026-09-22T19:39:46.5484320Z Unpacking libtwolame0:amd64 (0.4.0-2build2) ...
linux-packages	Install build, package and native automation dependencies	2026-09-22T19:39:46.6267629Z Selecting previously unselected package libv4lconvert0:amd64.
linux-packages	Install build, package and native automation dependencies	2026-09-22T19:39:46.6359890Z Preparing to unpack .../055-libv4lconvert0_1.22.1-2build1_amd64.deb ...
linux-packages	Install build, package and native automation dependencies	2026-09-22T19:39:46.6364770Z Unpacking libv4lconvert0:amd64 (1.22.1-2build1) ...
linux-packages	Install build, package and native automation dependencies	2026-09-22T19:39:46.6654356Z Selecting previously unselected package libv4l-0:amd64.
linux-packages	Install build, package and native automation dependencies	2026-09-22T19:39:46.6745676Z Preparing to unpack .../056-libv4l-0_1.22.1-2build1_amd64.deb ...
linux-packages	Install build, package and native automation dependencies	2026-09-22T19:39:46.6750954Z Unpacking libv4l-0:amd64 (1.22.1-2build1) ...
linux-packages	Install build, package and native automation dependencies	2026-09-22T19:39:46.7043273Z Selecting previously unselected package libvpx7:amd64.
linux-packages	Install build, package and native automation dependencies	2026-09-22T19:39:46.7131652Z Preparing to unpack .../057-libvpx7_1.11.0-2ubuntu2.5_amd64.deb ...
linux-packages	Install build, package and native automation dependencies	2026-09-22T19:39:46.7136033Z Unpacking libvpx7:amd64 (1.11.0-2ubuntu2.5) ...
linux-packages	Install build, package and native automation dependencies	2026-09-22T19:39:46.7868504Z Selecting previously unselected package libwavpack1:amd64.
linux-packages	Install build, package and native automation dependencies	2026-09-22T19:39:46.7959778Z Preparing to unpack .../058-libwavpack1_5.4.0-1build2_amd64.deb ...
linux-packages	Install build, package and native automation dependencies	2026-09-22T19:39:46.7964661Z Unpacking libwavpack1:amd64 (5.4.0-1build2) ...
linux-packages	Install build, package and native automation dependencies	2026-09-22T19:39:46.9089745Z Selecting previously unselected package gstreamer1.0-plugins-good:amd64.
linux-packages	Install build, package and native automation dependencies	2026-09-22T19:39:46.9181818Z Preparing to unpack .../059-gstreamer1.0-plugins-good_1.20.3-0ubuntu1.9_amd64.deb ...
linux-packages	Install build, package and native automation dependencies	2026-09-22T19:39:46.9186457Z Unpacking gstreamer1.0-plugins-good:amd64 (1.20.3-0ubuntu1.9) ...
linux-packages	Install build, package and native automation dependencies	2026-09-22T19:39:47.1064207Z Selecting previously unselected package libxv1:amd64.
linux-packages	Install build, package and native automation dependencies	2026-09-22T19:39:47.1158167Z Preparing to unpack .../060-libxv1_2%3a1.0.11-1build2_amd64.deb ...
linux-packages	Install build, package and native automation dependencies	2026-09-22T19:39:47.1162965Z Unpacking libxv1:amd64 (2:1.0.11-1build2) ...
linux-packages	Install build, package and native automation dependencies	2026-09-22T19:39:47.1306672Z Selecting previously unselected package gstreamer1.0-x:amd64.
linux-packages	Install build, package and native automation dependencies	2026-09-22T19:39:47.1396503Z Preparing to unpack .../061-gstreamer1.0-x_1.20.1-1ubuntu0.7_amd64.deb ...
linux-packages	Install build, package and native automation dependencies	2026-09-22T19:39:47.1440077Z Unpacking gstreamer1.0-x:amd64 (1.20.1-1ubuntu0.7) ...
linux-packages	Install build, package and native automation dependencies	2026-09-22T19:39:47.1701166Z Selecting previously unselected package libatk1.0-dev:amd64.
linux-packages	Install build, package and native automation dependencies	2026-09-22T19:39:47.1790289Z Preparing to unpack .../062-libatk1.0-dev_2.36.0-3build1_amd64.deb ...
linux-packages	Install build, package and native automation dependencies	2026-09-22T19:39:47.1794990Z Unpacking libatk1.0-dev:amd64 (2.36.0-3build1) ...
linux-packages	Install build, package and native automation dependencies	2026-09-22T19:39:47.2049186Z Selecting previously unselected package libdbus-1-dev:amd64.
linux-packages	Install build, package and native automation dependencies	2026-09-22T19:39:47.2139928Z Preparing to unpack .../063-libdbus-1-dev_1.12.20-2ubuntu4.1_amd64.deb ...
linux-packages	Install build, package and native automation dependencies	2026-09-22T19:39:47.2412673Z Unpacking libdbus-1-dev:amd64 (1.12.20-2ubuntu4.1) ...
linux-packages	Install build, package and native automation dependencies	2026-09-22T19:39:47.2596704Z Selecting previously unselected package libxfixes-dev:amd64.
linux-packages	Install build, package and native automation dependencies	2026-09-22T19:39:47.2689807Z Preparing to unpack .../064-libxfixes-dev_1%3a6.0.0-1_amd64.deb ...
linux-packages	Install build, package and native automation dependencies	2026-09-22T19:39:47.2785197Z Unpacking libxfixes-dev:amd64 (1:6.0.0-1) ...
linux-packages	Install build, package and native automation dependencies	2026-09-22T19:39:47.2938246Z Selecting previously unselected package libxi-dev:amd64.
linux-packages	Install build, package and native automation dependencies	2026-09-22T19:39:47.3028173Z Preparing to unpack .../065-libxi-dev_2%3a1.8-1build1_amd64.deb ...
linux-packages	Install build, package and native automation dependencies	2026-09-22T19:39:47.3033819Z Unpacking libxi-dev:amd64 (2:1.8-1build1) ...
linux-packages	Install build, package and native automation dependencies	2026-09-22T19:39:47.4635918Z Selecting previously unselected package libxtst-dev:amd64.
linux-packages	Install build, package and native automation dependencies	2026-09-22T19:39:47.4727715Z Preparing to unpack .../066-libxtst-dev_2%3a1.2.3-1build4_amd64.deb ...
linux-packages	Install build, package and native automation dependencies	2026-09-22T19:39:47.4734197Z Unpacking libxtst-dev:amd64 (2:1.2.3-1build4) ...
linux-packages	Install build, package and native automation dependencies	2026-09-22T19:39:47.5126691Z Selecting previously unselected package libatspi2.0-dev:amd64.
linux-packages	Install build, package and native automation dependencies	2026-09-22T19:39:47.5217557Z Preparing to unpack .../067-libatspi2.0-dev_2.44.0-3_amd64.deb ...
linux-packages	Install build, package and native automation dependencies	2026-09-22T19:39:47.5221696Z Unpacking libatspi2.0-dev:amd64 (2.44.0-3) ...
linux-packages	Install build, package and native automation dependencies	2026-09-22T19:39:47.5336986Z Selecting previously unselected package libatk-bridge2.0-dev:amd64.
linux-packages	Install build, package and native automation dependencies	2026-09-22T19:39:47.5427324Z Preparing to unpack .../068-libatk-bridge2.0-dev_2.38.0-3_amd64.deb ...
linux-packages	Install build, package and native automation dependencies	2026-09-22T19:39:47.5431591Z Unpacking libatk-bridge2.0-dev:amd64 (2.38.0-3) ...
linux-packages	Install build, package and native automation dependencies	2026-09-22T19:39:47.5520464Z Selecting previously unselected package libglx-dev:amd64.
linux-packages	Install build, package and native automation dependencies	2026-09-22T19:39:47.5610110Z Preparing to unpack .../069-libglx-dev_1.4.0-1_amd64.deb ...
linux-packages	Install build, package and native automation dependencies	2026-09-22T19:39:47.5615345Z Unpacking libglx-dev:amd64 (1.4.0-1) ...
linux-packages	Install build, package and native automation dependencies	2026-09-22T19:39:47.5825855Z Selecting previously unselected package libgl-dev:amd64.
linux-packages	Install build, package and native automation dependencies	2026-09-22T19:39:47.5914033Z Preparing to unpack .../070-libgl-dev_1.4.0-1_amd64.deb ...
linux-packages	Install build, package and native automation dependencies	2026-09-22T19:39:47.5918671Z Unpacking libgl-dev:amd64 (1.4.0-1) ...
linux-packages	Install build, package and native automation dependencies	2026-09-22T19:39:47.7322117Z Selecting previously unselected package libegl-dev:amd64.
linux-packages	Install build, package and native automation dependencies	2026-09-22T19:39:47.7412124Z Preparing to unpack .../071-libegl-dev_1.4.0-1_amd64.deb ...
linux-packages	Install build, package and native automation dependencies	2026-09-22T19:39:47.7417745Z Unpacking libegl-dev:amd64 (1.4.0-1) ...
linux-packages	Install build, package and native automation dependencies	2026-09-22T19:39:47.7515977Z Selecting previously unselected package libglvnd-core-dev:amd64.
linux-packages	Install build, package and native automation dependencies	2026-09-22T19:39:47.7605695Z Preparing to unpack .../072-libglvnd-core-dev_1.4.0-1_amd64.deb ...
linux-packages	Install build, package and native automation dependencies	2026-09-22T19:39:47.7831186Z Unpacking libglvnd-core-dev:amd64 (1.4.0-1) ...
linux-packages	Install build, package and native automation dependencies	2026-09-22T19:39:47.7955810Z Selecting previously unselected package libgles1:amd64.
linux-packages	Install build, package and native automation dependencies	2026-09-22T19:39:47.8046495Z Preparing to unpack .../073-libgles1_1.4.0-1_amd64.deb ...
linux-packages	Install build, package and native automation dependencies	2026-09-22T19:39:47.8073026Z Unpacking libgles1:amd64 (1.4.0-1) ...
linux-packages	Install build, package and native automation dependencies	2026-09-22T19:39:47.8170172Z Selecting previously unselected package libgles2:amd64.
linux-packages	Install build, package and native automation dependencies	2026-09-22T19:39:47.8259429Z Preparing to unpack .../074-libgles2_1.4.0-1_amd64.deb ...
linux-packages	Install build, package and native automation dependencies	2026-09-22T19:39:47.8263909Z Unpacking libgles2:amd64 (1.4.0-1) ...
linux-packages	Install build, package and native automation dependencies	2026-09-22T19:39:47.8540021Z Selecting previously unselected package libgles-dev:amd64.
linux-packages	Install build, package and native automation dependencies	2026-09-22T19:39:47.8629738Z Preparing to unpack .../075-libgles-dev_1.4.0-1_amd64.deb ...
linux-packages	Install build, package and native automation dependencies	2026-09-22T19:39:47.8644852Z Unpacking libgles-dev:amd64 (1.4.0-1) ...
linux-packages	Install build, package and native automation dependencies	2026-09-22T19:39:47.8873890Z Selecting previously unselected package libopengl0:amd64.
linux-packages	Install build, package and native automation dependencies	2026-09-22T19:39:47.8962595Z Preparing to unpack .../076-libopengl0_1.4.0-1_amd64.deb ...
linux-packages	Install build, package and native automation dependencies	2026-09-22T19:39:47.9081734Z Unpacking libopengl0:amd64 (1.4.0-1) ...
linux-packages	Install build, package and native automation dependencies	2026-09-22T19:39:47.9605839Z Selecting previously unselected package libopengl-dev:amd64.
linux-packages	Install build, package and native automation dependencies	2026-09-22T19:39:47.9695900Z Preparing to unpack .../077-libopengl-dev_1.4.0-1_amd64.deb ...
linux-packages	Install build, package and native automation dependencies	2026-09-22T19:39:47.9701801Z Unpacking libopengl-dev:amd64 (1.4.0-1) ...
linux-packages	Install build, package and native automation dependencies	2026-09-22T19:39:47.9796798Z Selecting previously unselected package libglvnd-dev:amd64.
linux-packages	Install build, package and native automation dependencies	2026-09-22T19:39:47.9884628Z Preparing to unpack .../078-libglvnd-dev_1.4.0-1_amd64.deb ...
linux-packages	Install build, package and native automation dependencies	2026-09-22T19:39:47.9889214Z Unpacking libglvnd-dev:amd64 (1.4.0-1) ...
linux-packages	Install build, package and native automation dependencies	2026-09-22T19:39:47.9976000Z Selecting previously unselected package libegl1-mesa-dev:amd64.
linux-packages	Install build, package and native automation dependencies	2026-09-22T19:39:48.0063181Z Preparing to unpack .../079-libegl1-mesa-dev_23.2.1-1ubuntu3.1~22.04.4_amd64.deb ...
linux-packages	Install build, package and native automation dependencies	2026-09-22T19:39:48.0067715Z Unpacking libegl1-mesa-dev:amd64 (23.2.1-1ubuntu3.1~22.04.4) ...
linux-packages	Install build, package and native automation dependencies	2026-09-22T19:39:48.0669060Z Selecting previously unselected package libepoxy-dev:amd64.
linux-packages	Install build, package and native automation dependencies	2026-09-22T19:39:48.0759567Z Preparing to unpack .../080-libepoxy-dev_1.5.10-1_amd64.deb ...
linux-packages	Install build, package and native automation dependencies	2026-09-22T19:39:48.0778263Z Unpacking libepoxy-dev:amd64 (1.5.10-1) ...
linux-packages	Install build, package and native automation dependencies	2026-09-22T19:39:48.1085379Z Selecting previously unselected package libfribidi-dev:amd64.
linux-packages	Install build, package and native automation dependencies	2026-09-22T19:39:48.1174656Z Preparing to unpack .../081-libfribidi-dev_1.0.8-2ubuntu3.1_amd64.deb ...
linux-packages	Install build, package and native automation dependencies	2026-09-22T19:39:48.1178803Z Unpacking libfribidi-dev:amd64 (1.0.8-2ubuntu3.1) ...
linux-packages	Install build, package and native automation dependencies	2026-09-22T19:39:48.1623879Z Selecting previously unselected package libharfbuzz-icu0:amd64.
linux-packages	Install build, package and native automation dependencies	2026-09-22T19:39:48.1712417Z Preparing to unpack .../082-libharfbuzz-icu0_2.7.4-1ubuntu3.2_amd64.deb ...
linux-packages	Install build, package and native automation dependencies	2026-09-22T19:39:48.3323355Z Unpacking libharfbuzz-icu0:amd64 (2.7.4-1ubuntu3.2) ...
linux-packages	Install build, package and native automation dependencies	2026-09-22T19:39:48.3736543Z Selecting previously unselected package libharfbuzz-gobject0:amd64.
linux-packages	Install build, package and native automation dependencies	2026-09-22T19:39:48.3829931Z Preparing to unpack .../083-libharfbuzz-gobject0_2.7.4-1ubuntu3.2_amd64.deb ...
linux-packages	Install build, package and native automation dependencies	2026-09-22T19:39:48.3835178Z Unpacking libharfbuzz-gobject0:amd64 (2.7.4-1ubuntu3.2) ...
linux-packages	Install build, package and native automation dependencies	2026-09-22T19:39:48.3932274Z Selecting previously unselected package libgraphite2-dev:amd64.
linux-packages	Install build, package and native automation dependencies	2026-09-22T19:39:48.4023272Z Preparing to unpack .../084-libgraphite2-dev_1.3.14-1ubuntu0.1_amd64.deb ...
linux-packages	Install build, package and native automation dependencies	2026-09-22T19:39:48.4027373Z Unpacking libgraphite2-dev:amd64 (1.3.14-1ubuntu0.1) ...
linux-packages	Install build, package and native automation dependencies	2026-09-22T19:39:48.4256183Z Selecting previously unselected package libharfbuzz-dev:amd64.
linux-packages	Install build, package and native automation dependencies	2026-09-22T19:39:48.4348114Z Preparing to unpack .../085-libharfbuzz-dev_2.7.4-1ubuntu3.2_amd64.deb ...
linux-packages	Install build, package and native automation dependencies	2026-09-22T19:39:48.4496198Z Unpacking libharfbuzz-dev:amd64 (2.7.4-1ubuntu3.2) ...
linux-packages	Install build, package and native automation dependencies	2026-09-22T19:39:48.4711990Z Selecting previously unselected package libdatrie-dev:amd64.
linux-packages	Install build, package and native automation dependencies	2026-09-22T19:39:48.4808265Z Preparing to unpack .../086-libdatrie-dev_0.2.13-2_amd64.deb ...
linux-packages	Install build, package and native automation dependencies	2026-09-22T19:39:48.4814268Z Unpacking libdatrie-dev:amd64 (0.2.13-2) ...
linux-packages	Install build, package and native automation dependencies	2026-09-22T19:39:48.5036485Z Selecting previously unselected package libthai-dev:amd64.
linux-packages	Install build, package and native automation dependencies	2026-09-22T19:39:48.5130046Z Preparing to unpack .../087-libthai-dev_0.1.29-1build1_amd64.deb ...
linux-packages	Install build, package and native automation dependencies	2026-09-22T19:39:48.5134280Z Unpacking libthai-dev:amd64 (0.1.29-1build1) ...
linux-packages	Install build, package and native automation dependencies	2026-09-22T19:39:48.5524781Z Selecting previously unselected package libxft-dev:amd64.
linux-packages	Install build, package and native automation dependencies	2026-09-22T19:39:48.5616105Z Preparing to unpack .../088-libxft-dev_2.3.4-1_amd64.deb ...
linux-packages	Install build, package and native automation dependencies	2026-09-22T19:39:48.5621167Z Unpacking libxft-dev:amd64 (2.3.4-1) ...
linux-packages	Install build, package and native automation dependencies	2026-09-22T19:39:48.5723867Z Selecting previously unselected package pango1.0-tools.
linux-packages	Install build, package and native automation dependencies	2026-09-22T19:39:48.5815107Z Preparing to unpack .../089-pango1.0-tools_1.50.6+ds-2ubuntu1_amd64.deb ...
linux-packages	Install build, package and native automation dependencies	2026-09-22T19:39:48.5858077Z Unpacking pango1.0-tools (1.50.6+ds-2ubuntu1) ...
linux-packages	Install build, package and native automation dependencies	2026-09-22T19:39:48.6470297Z Selecting previously unselected package libpango1.0-dev:amd64.
linux-packages	Install build, package and native automation dependencies	2026-09-22T19:39:48.6560937Z Preparing to unpack .../090-libpango1.0-dev_1.50.6+ds-2ubuntu1_amd64.deb ...
linux-packages	Install build, package and native automation dependencies	2026-09-22T19:39:48.6701966Z Unpacking libpango1.0-dev:amd64 (1.50.6+ds-2ubuntu1) ...
linux-packages	Install build, package and native automation dependencies	2026-09-22T19:39:48.6926618Z Selecting previously unselected package libwayland-bin.
linux-packages	Install build, package and native automation dependencies	2026-09-22T19:39:48.7017613Z Preparing to unpack .../091-libwayland-bin_1.20.0-1ubuntu0.1_amd64.deb ...
linux-packages	Install build, package and native automation dependencies	2026-09-22T19:39:48.7021715Z Unpacking libwayland-bin (1.20.0-1ubuntu0.1) ...
linux-packages	Install build, package and native automation dependencies	2026-09-22T19:39:48.7205927Z Selecting previously unselected package libwayland-dev:amd64.
linux-packages	Install build, package and native automation dependencies	2026-09-22T19:39:48.7295617Z Preparing to unpack .../092-libwayland-dev_1.20.0-1ubuntu0.1_amd64.deb ...
linux-packages	Install build, package and native automation dependencies	2026-09-22T19:39:48.7300208Z Unpacking libwayland-dev:amd64 (1.20.0-1ubuntu0.1) ...
linux-packages	Install build, package and native automation dependencies	2026-09-22T19:39:48.7403125Z Selecting previously unselected package libxcomposite-dev:amd64.
linux-packages	Install build, package and native automation dependencies	2026-09-22T19:39:48.7494186Z Preparing to unpack .../093-libxcomposite-dev_1%3a0.4.5-1build2_amd64.deb ...
linux-packages	Install build, package and native automation dependencies	2026-09-22T19:39:48.7499129Z Unpacking libxcomposite-dev:amd64 (1:0.4.5-1build2) ...
linux-packages	Install build, package and native automation dependencies	2026-09-22T19:39:48.7589231Z Selecting previously unselected package libxcursor-dev:amd64.
linux-packages	Install build, package and native automation dependencies	2026-09-22T19:39:48.7678704Z Preparing to unpack .../094-libxcursor-dev_1%3a1.2.0-2build4_amd64.deb ...
linux-packages	Install build, package and native automation dependencies	2026-09-22T19:39:48.7694721Z Unpacking libxcursor-dev:amd64 (1:1.2.0-2build4) ...
linux-packages	Install build, package and native automation dependencies	2026-09-22T19:39:48.8110576Z Selecting previously unselected package libxdamage-dev:amd64.
linux-packages	Install build, package and native automation dependencies	2026-09-22T19:39:48.8201078Z Preparing to unpack .../095-libxdamage-dev_1%3a1.1.5-2build2_amd64.deb ...
linux-packages	Install build, package and native automation dependencies	2026-09-22T19:39:48.8205247Z Unpacking libxdamage-dev:amd64 (1:1.1.5-2build2) ...
linux-packages	Install build, package and native automation dependencies	2026-09-22T19:39:48.8296276Z Selecting previously unselected package libxinerama-dev:amd64.
linux-packages	Install build, package and native automation dependencies	2026-09-22T19:39:48.8383888Z Preparing to unpack .../096-libxinerama-dev_2%3a1.1.4-3_amd64.deb ...
linux-packages	Install build, package and native automation dependencies	2026-09-22T19:39:48.8387613Z Unpacking libxinerama-dev:amd64 (2:1.1.4-3) ...
linux-packages	Install build, package and native automation dependencies	2026-09-22T19:39:48.8476339Z Selecting previously unselected package libxkbcommon-dev:amd64.
linux-packages	Install build, package and native automation dependencies	2026-09-22T19:39:48.8562731Z Preparing to unpack .../097-libxkbcommon-dev_1.4.0-1_amd64.deb ...
linux-packages	Install build, package and native automation dependencies	2026-09-22T19:39:48.8566922Z Unpacking libxkbcommon-dev:amd64 (1.4.0-1) ...
linux-packages	Install build, package and native automation dependencies	2026-09-22T19:39:48.8749844Z Selecting previously unselected package libxrandr-dev:amd64.
linux-packages	Install build, package and native automation dependencies	2026-09-22T19:39:48.8835164Z Preparing to unpack .../098-libxrandr-dev_2%3a1.5.2-1build1_amd64.deb ...
linux-packages	Install build, package and native automation dependencies	2026-09-22T19:39:48.8864798Z Unpacking libxrandr-dev:amd64 (2:1.5.2-1build1) ...
linux-packages	Install build, package and native automation dependencies	2026-09-22T19:39:48.8961052Z Selecting previously unselected package wayland-protocols.
linux-packages	Install build, package and native automation dependencies	2026-09-22T19:39:48.9047213Z Preparing to unpack .../099-wayland-protocols_1.25-1_all.deb ...
linux-packages	Install build, package and native automation dependencies	2026-09-22T19:39:48.9051044Z Unpacking wayland-protocols (1.25-1) ...
linux-packages	Install build, package and native automation dependencies	2026-09-22T19:39:48.9309141Z Selecting previously unselected package libgtk-3-dev:amd64.
linux-packages	Install build, package and native automation dependencies	2026-09-22T19:39:48.9392936Z Preparing to unpack .../100-libgtk-3-dev_3.24.33-1ubuntu2.2_amd64.deb ...
linux-packages	Install build, package and native automation dependencies	2026-09-22T19:39:48.9396953Z Unpacking libgtk-3-dev:amd64 (3.24.33-1ubuntu2.2) ...
linux-packages	Install build, package and native automation dependencies	2026-09-22T19:39:49.0955901Z Selecting previously unselected package libayatana-ido3-dev.
linux-packages	Install build, package and native automation dependencies	2026-09-22T19:39:49.1052797Z Preparing to unpack .../101-libayatana-ido3-dev_0.9.1-1_amd64.deb ...
linux-packages	Install build, package and native automation dependencies	2026-09-22T19:39:49.1057247Z Unpacking libayatana-ido3-dev (0.9.1-1) ...
linux-packages	Install build, package and native automation dependencies	2026-09-22T19:39:49.1164433Z Selecting previously unselected package libayatana-indicator3-dev.
linux-packages	Install build, package and native automation dependencies	2026-09-22T19:39:49.1256604Z Preparing to unpack .../102-libayatana-indicator3-dev_0.9.1-1_amd64.deb ...
linux-packages	Install build, package and native automation dependencies	2026-09-22T19:39:49.1262877Z Unpacking libayatana-indicator3-dev (0.9.1-1) ...
linux-packages	Install build, package and native automation dependencies	2026-09-22T19:39:49.1538044Z Selecting previously unselected package libdbus-glib-1-dev-bin.
linux-packages	Install build, package and native automation dependencies	2026-09-22T19:39:49.1628585Z Preparing to unpack .../103-libdbus-glib-1-dev-bin_0.112-2build1_amd64.deb ...
linux-packages	Install build, package and native automation dependencies	2026-09-22T19:39:49.1705039Z Unpacking libdbus-glib-1-dev-bin (0.112-2build1) ...
linux-packages	Install build, package and native automation dependencies	2026-09-22T19:39:49.2006280Z Selecting previously unselected package libdbus-glib-1-dev:amd64.
linux-packages	Install build, package and native automation dependencies	2026-09-22T19:39:49.2094895Z Preparing to unpack .../104-libdbus-glib-1-dev_0.112-2build1_amd64.deb ...
linux-packages	Install build, package and native automation dependencies	2026-09-22T19:39:49.2099723Z Unpacking libdbus-glib-1-dev:amd64 (0.112-2build1) ...
linux-packages	Install build, package and native automation dependencies	2026-09-22T19:39:49.2195377Z Selecting previously unselected package libdbusmenu-glib-dev:amd64.
linux-packages	Install build, package and native automation dependencies	2026-09-22T19:39:49.2282912Z Preparing to unpack .../105-libdbusmenu-glib-dev_16.04.1+18.10.20180917-0ubuntu8_amd64.deb ...
linux-packages	Install build, package and native automation dependencies	2026-09-22T19:39:49.2287080Z Unpacking libdbusmenu-glib-dev:amd64 (16.04.1+18.10.20180917-0ubuntu8) ...
linux-packages	Install build, package and native automation dependencies	2026-09-22T19:39:49.2874132Z Selecting previously unselected package libayatana-appindicator3-dev.
linux-packages	Install build, package and native automation dependencies	2026-09-22T19:39:49.2967032Z Preparing to unpack .../106-libayatana-appindicator3-dev_0.5.90-7ubuntu2_amd64.deb ...
linux-packages	Install build, package and native automation dependencies	2026-09-22T19:39:49.2971902Z Unpacking libayatana-appindicator3-dev (0.5.90-7ubuntu2) ...
linux-packages	Install build, package and native automation dependencies	2026-09-22T19:39:49.3092066Z Selecting previously unselected package libdazzle-1.0-dev:amd64.
linux-packages	Install build, package and native automation dependencies	2026-09-22T19:39:49.3183790Z Preparing to unpack .../107-libdazzle-1.0-dev_3.44.0-1_amd64.deb ...
linux-packages	Install build, package and native automation dependencies	2026-09-22T19:39:49.3361796Z Unpacking libdazzle-1.0-dev:amd64 (3.44.0-1) ...
linux-packages	Install build, package and native automation dependencies	2026-09-22T19:39:49.3613329Z Selecting previously unselected package libfuse2:amd64.
linux-packages	Install build, package and native automation dependencies	2026-09-22T19:39:49.3705313Z Preparing to unpack .../108-libfuse2_2.9.9-5ubuntu3_amd64.deb ...
linux-packages	Install build, package and native automation dependencies	2026-09-22T19:39:49.3709801Z Unpacking libfuse2:amd64 (2.9.9-5ubuntu3) ...
linux-packages	Install build, package and native automation dependencies	2026-09-22T19:39:49.4190579Z Selecting previously unselected package libhyphen0:amd64.
linux-packages	Install build, package and native automation dependencies	2026-09-22T19:39:49.4281071Z Preparing to unpack .../109-libhyphen0_2.8.8-7build2_amd64.deb ...
linux-packages	Install build, package and native automation dependencies	2026-09-22T19:39:49.4285435Z Unpacking libhyphen0:amd64 (2.8.8-7build2) ...
linux-packages	Install build, package and native automation dependencies	2026-09-22T19:39:49.4462025Z Selecting previously unselected package libjavascriptcoregtk-4.1-0:amd64.
linux-packages	Install build, package and native automation dependencies	2026-09-22T19:39:49.4553287Z Preparing to unpack .../110-libjavascriptcoregtk-4.1-0_2.50.4-0ubuntu0.22.04.1_amd64.deb ...
linux-packages	Install build, package and native automation dependencies	2026-09-22T19:39:49.4557678Z Unpacking libjavascriptcoregtk-4.1-0:amd64 (2.50.4-0ubuntu0.22.04.1) ...
linux-packages	Install build, package and native automation dependencies	2026-09-22T19:39:49.6809785Z Selecting previously unselected package libjavascriptcoregtk-4.1-dev:amd64.
linux-packages	Install build, package and native automation dependencies	2026-09-22T19:39:49.6905415Z Preparing to unpack .../111-libjavascriptcoregtk-4.1-dev_2.50.4-0ubuntu0.22.04.1_amd64.deb ...
linux-packages	Install build, package and native automation dependencies	2026-09-22T19:39:49.7258901Z Unpacking libjavascriptcoregtk-4.1-dev:amd64 (2.50.4-0ubuntu0.22.04.1) ...
linux-packages	Install build, package and native automation dependencies	2026-09-22T19:39:49.7392605Z Selecting previously unselected package libjson-glib-dev:amd64.
linux-packages	Install build, package and native automation dependencies	2026-09-22T19:39:49.7486261Z Preparing to unpack .../112-libjson-glib-dev_1.6.6-1build1_amd64.deb ...
linux-packages	Install build, package and native automation dependencies	2026-09-22T19:39:49.7507405Z Unpacking libjson-glib-dev:amd64 (1.6.6-1build1) ...
linux-packages	Install build, package and native automation dependencies	2026-09-22T19:39:49.7634929Z Selecting previously unselected package libevdev2:amd64.
linux-packages	Install build, package and native automation dependencies	2026-09-22T19:39:49.7726023Z Preparing to unpack .../113-libevdev2_1.12.1+dfsg-1_amd64.deb ...
linux-packages	Install build, package and native automation dependencies	2026-09-22T19:39:49.7730567Z Unpacking libevdev2:amd64 (1.12.1+dfsg-1) ...
linux-packages	Install build, package and native automation dependencies	2026-09-22T19:39:49.7830184Z Selecting previously unselected package libmanette-0.2-0:amd64.
linux-packages	Install build, package and native automation dependencies	2026-09-22T19:39:49.7921230Z Preparing to unpack .../114-libmanette-0.2-0_0.2.6-3build1_amd64.deb ...
linux-packages	Install build, package and native automation dependencies	2026-09-22T19:39:49.7953582Z Unpacking libmanette-0.2-0:amd64 (0.2.6-3build1) ...
linux-packages	Install build, package and native automation dependencies	2026-09-22T19:39:49.8919035Z Selecting previously unselected package libnghttp2-dev.
linux-packages	Install build, package and native automation dependencies	2026-09-22T19:39:49.9010009Z Preparing to unpack .../115-libnghttp2-dev_1.43.0-1ubuntu0.4_amd64.deb ...
linux-packages	Install build, package and native automation dependencies	2026-09-22T19:39:49.9095785Z Unpacking libnghttp2-dev (1.43.0-1ubuntu0.4) ...
linux-packages	Install build, package and native automation dependencies	2026-09-22T19:39:49.9203010Z Selecting previously unselected package libwebrtc-audio-processing1:amd64.
linux-packages	Install build, package and native automation dependencies	2026-09-22T19:39:49.9292767Z Preparing to unpack .../116-libwebrtc-audio-processing1_0.3.1-0ubuntu5_amd64.deb ...
linux-packages	Install build, package and native automation dependencies	2026-09-22T19:39:49.9297368Z Unpacking libwebrtc-audio-processing1:amd64 (0.3.1-0ubuntu5) ...
linux-packages	Install build, package and native automation dependencies	2026-09-22T19:39:49.9399315Z Selecting previously unselected package libspa-0.2-modules:amd64.
linux-packages	Install build, package and native automation dependencies	2026-09-22T19:39:49.9485626Z Preparing to unpack .../117-libspa-0.2-modules_0.3.48-1ubuntu3.2_amd64.deb ...
linux-packages	Install build, package and native automation dependencies	2026-09-22T19:39:49.9490281Z Unpacking libspa-0.2-modules:amd64 (0.3.48-1ubuntu3.2) ...
linux-packages	Install build, package and native automation dependencies	2026-09-22T19:39:49.9775214Z Selecting previously unselected package libpipewire-0.3-0:amd64.
linux-packages	Install build, package and native automation dependencies	2026-09-22T19:39:49.9866078Z Preparing to unpack .../118-libpipewire-0.3-0_0.3.48-1ubuntu3.2_amd64.deb ...
linux-packages	Install build, package and native automation dependencies	2026-09-22T19:39:49.9871832Z Unpacking libpipewire-0.3-0:amd64 (0.3.48-1ubuntu3.2) ...
linux-packages	Install build, package and native automation dependencies	2026-09-22T19:39:49.9991925Z Selecting previously unselected package libpipewire-0.3-common.
linux-packages	Install build, package and native automation dependencies	2026-09-22T19:39:50.0085475Z Preparing to unpack .../119-libpipewire-0.3-common_0.3.48-1ubuntu3.2_all.deb ...
linux-packages	Install build, package and native automation dependencies	2026-09-22T19:39:50.0089529Z Unpacking libpipewire-0.3-common (0.3.48-1ubuntu3.2) ...
linux-packages	Install build, package and native automation dependencies	2026-09-22T19:39:50.0178839Z Selecting previously unselected package libpipewire-0.3-modules:amd64.
linux-packages	Install build, package and native automation dependencies	2026-09-22T19:39:50.0282598Z Preparing to unpack .../120-libpipewire-0.3-modules_0.3.48-1ubuntu3.2_amd64.deb ...
linux-packages	Install build, package and native automation dependencies	2026-09-22T19:39:50.0286561Z Unpacking libpipewire-0.3-modules:amd64 (0.3.48-1ubuntu3.2) ...
linux-packages	Install build, package and native automation dependencies	2026-09-22T19:39:50.0430423Z Selecting previously unselected package libpolkit-gobject-1-dev.
linux-packages	Install build, package and native automation dependencies	2026-09-22T19:39:50.0523853Z Preparing to unpack .../121-libpolkit-gobject-1-dev_0.105-33ubuntu0.2_amd64.deb ...
linux-packages	Install build, package and native automation dependencies	2026-09-22T19:39:50.0532495Z Unpacking libpolkit-gobject-1-dev (0.105-33ubuntu0.2) ...
linux-packages	Install build, package and native automation dependencies	2026-09-22T19:39:50.0732921Z Selecting previously unselected package libpsl-dev:amd64.
linux-packages	Install build, package and native automation dependencies	2026-09-22T19:39:50.0832699Z Preparing to unpack .../122-libpsl-dev_0.21.0-1.2build2_amd64.deb ...
linux-packages	Install build, package and native automation dependencies	2026-09-22T19:39:50.0838753Z Unpacking libpsl-dev:amd64 (0.21.0-1.2build2) ...
linux-packages	Install build, package and native automation dependencies	2026-09-22T19:39:50.1222021Z Selecting previously unselected package libsysprof-4:amd64.
linux-packages	Install build, package and native automation dependencies	2026-09-22T19:39:50.1316328Z Preparing to unpack .../123-libsysprof-4_3.44.0-1_amd64.deb ...
linux-packages	Install build, package and native automation dependencies	2026-09-22T19:39:50.1321163Z Unpacking libsysprof-4:amd64 (3.44.0-1) ...
linux-packages	Install build, package and native automation dependencies	2026-09-22T19:39:50.2481468Z Selecting previously unselected package libsysprof-ui-4:amd64.
linux-packages	Install build, package and native automation dependencies	2026-09-22T19:39:50.2576117Z Preparing to unpack .../124-libsysprof-ui-4_3.44.0-1_amd64.deb ...
linux-packages	Install build, package and native automation dependencies	2026-09-22T19:39:50.2580491Z Unpacking libsysprof-ui-4:amd64 (3.44.0-1) ...
linux-packages	Install build, package and native automation dependencies	2026-09-22T19:39:50.2683598Z Selecting previously unselected package libsysprof-4-dev:amd64.
linux-packages	Install build, package and native automation dependencies	2026-09-22T19:39:50.2775880Z Preparing to unpack .../125-libsysprof-4-dev_3.44.0-1_amd64.deb ...
linux-packages	Install build, package and native automation dependencies	2026-09-22T19:39:50.2780276Z Unpacking libsysprof-4-dev:amd64 (3.44.0-1) ...
linux-packages	Install build, package and native automation dependencies	2026-09-22T19:39:50.3133267Z Selecting previously unselected package libsoup-3.0-dev:amd64.
linux-packages	Install build, package and native automation dependencies	2026-09-22T19:39:50.3230953Z Preparing to unpack .../126-libsoup-3.0-dev_3.0.7-0ubuntu1_amd64.deb ...
linux-packages	Install build, package and native automation dependencies	2026-09-22T19:39:50.3263336Z Unpacking libsoup-3.0-dev:amd64 (3.0.7-0ubuntu1) ...
linux-packages	Install build, package and native automation dependencies	2026-09-22T19:39:50.4455399Z Selecting previously unselected package xdg-dbus-proxy.
linux-packages	Install build, package and native automation dependencies	2026-09-22T19:39:50.4549705Z Preparing to unpack .../127-xdg-dbus-proxy_0.1.3-1ubuntu0.1_amd64.deb ...
linux-packages	Install build, package and native automation dependencies	2026-09-22T19:39:50.4554388Z Unpacking xdg-dbus-proxy (0.1.3-1ubuntu0.1) ...
linux-packages	Install build, package and native automation dependencies	2026-09-22T19:39:50.4660209Z Selecting previously unselected package libwoff1:amd64.
linux-packages	Install build, package and native automation dependencies	2026-09-22T19:39:50.4752266Z Preparing to unpack .../128-libwoff1_1.0.2-1build4_amd64.deb ...
linux-packages	Install build, package and native automation dependencies	2026-09-22T19:39:50.4757004Z Unpacking libwoff1:amd64 (1.0.2-1build4) ...
linux-packages	Install build, package and native automation dependencies	2026-09-22T19:39:50.5680711Z Selecting previously unselected package libwebkit2gtk-4.1-0:amd64.
linux-packages	Install build, package and native automation dependencies	2026-09-22T19:39:50.5772147Z Preparing to unpack .../129-libwebkit2gtk-4.1-0_2.50.4-0ubuntu0.22.04.1_amd64.deb ...
linux-packages	Install build, package and native automation dependencies	2026-09-22T19:39:50.5780971Z Unpacking libwebkit2gtk-4.1-0:amd64 (2.50.4-0ubuntu0.22.04.1) ...
linux-packages	Install build, package and native automation dependencies	2026-09-22T19:39:51.2628293Z Selecting previously unselected package libwebkit2gtk-4.1-dev.
linux-packages	Install build, package and native automation dependencies	2026-09-22T19:39:51.2732448Z Preparing to unpack .../130-libwebkit2gtk-4.1-dev_2.50.4-0ubuntu0.22.04.1_amd64.deb ...
linux-packages	Install build, package and native automation dependencies	2026-09-22T19:39:51.2736699Z Unpacking libwebkit2gtk-4.1-dev (2.50.4-0ubuntu0.22.04.1) ...
linux-packages	Install build, package and native automation dependencies	2026-09-22T19:39:51.3380328Z Selecting previously unselected package pipewire-bin.
linux-packages	Install build, package and native automation dependencies	2026-09-22T19:39:51.3473815Z Preparing to unpack .../131-pipewire-bin_0.3.48-1ubuntu3.2_amd64.deb ...
linux-packages	Install build, package and native automation dependencies	2026-09-22T19:39:51.3659651Z Unpacking pipewire-bin (0.3.48-1ubuntu3.2) ...
linux-packages	Install build, package and native automation dependencies	2026-09-22T19:39:51.5359738Z Selecting previously unselected package pipewire:amd64.
linux-packages	Install build, package and native automation dependencies	2026-09-22T19:39:51.5457039Z Preparing to unpack .../132-pipewire_0.3.48-1ubuntu3.2_amd64.deb ...
linux-packages	Install build, package and native automation dependencies	2026-09-22T19:39:51.5469060Z Unpacking pipewire:amd64 (0.3.48-1ubuntu3.2) ...
linux-packages	Install build, package and native automation dependencies	2026-09-22T19:39:51.5577194Z Selecting previously unselected package pipewire-media-session.
linux-packages	Install build, package and native automation dependencies	2026-09-22T19:39:51.5674144Z Preparing to unpack .../133-pipewire-media-session_0.4.1-2ubuntu1_amd64.deb ...
linux-packages	Install build, package and native automation dependencies	2026-09-22T19:39:51.5693183Z Unpacking pipewire-media-session (0.4.1-2ubuntu1) ...
linux-packages	Install build, package and native automation dependencies	2026-09-22T19:39:51.6033521Z Selecting previously unselected package rtkit.
linux-packages	Install build, package and native automation dependencies	2026-09-22T19:39:51.6128136Z Preparing to unpack .../134-rtkit_0.13-4build2_amd64.deb ...
linux-packages	Install build, package and native automation dependencies	2026-09-22T19:39:51.6223680Z Unpacking rtkit (0.13-4build2) ...
linux-packages	Install build, package and native automation dependencies	2026-09-22T19:39:51.6355205Z Selecting previously unselected package webkit2gtk-driver.
linux-packages	Install build, package and native automation dependencies	2026-09-22T19:39:51.6450085Z Preparing to unpack .../135-webkit2gtk-driver_2.50.4-0ubuntu0.22.04.1_amd64.deb ...
linux-packages	Install build, package and native automation dependencies	2026-09-22T19:39:51.6455156Z Unpacking webkit2gtk-driver (2.50.4-0ubuntu0.22.04.1) ...
linux-packages	Install build, package and native automation dependencies	2026-09-22T19:39:51.6576719Z Selecting previously unselected package xclip.
linux-packages	Install build, package and native automation dependencies	2026-09-22T19:39:51.6669314Z Preparing to unpack .../136-xclip_0.13-2_amd64.deb ...
linux-packages	Install build, package and native automation dependencies	2026-09-22T19:39:51.6674018Z Unpacking xclip (0.13-2) ...
linux-packages	Install build, package and native automation dependencies	2026-09-22T19:39:51.7039174Z Selecting previously unselected package xdg-desktop-portal.
linux-packages	Install build, package and native automation dependencies	2026-09-22T19:39:51.7129279Z Preparing to unpack .../137-xdg-desktop-portal_1.14.4-1ubuntu2~22.04.2_amd64.deb ...
linux-packages	Install build, package and native automation dependencies	2026-09-22T19:39:51.7133322Z Unpacking xdg-desktop-portal (1.14.4-1ubuntu2~22.04.2) ...
linux-packages	Install build, package and native automation dependencies	2026-09-22T19:39:51.7248883Z Selecting previously unselected package xdg-desktop-portal-gtk.
linux-packages	Install build, package and native automation dependencies	2026-09-22T19:39:51.7338055Z Preparing to unpack .../138-xdg-desktop-portal-gtk_1.14.0-1build1_amd64.deb ...
linux-packages	Install build, package and native automation dependencies	2026-09-22T19:39:51.7341908Z Unpacking xdg-desktop-portal-gtk (1.14.0-1build1) ...
linux-packages	Install build, package and native automation dependencies	2026-09-22T19:39:51.7457641Z Selecting previously unselected package libxdo3:amd64.
linux-packages	Install build, package and native automation dependencies	2026-09-22T19:39:51.7548423Z Preparing to unpack .../139-libxdo3_1%3a3.20160805.1-4_amd64.deb ...
linux-packages	Install build, package and native automation dependencies	2026-09-22T19:39:51.7689265Z Unpacking libxdo3:amd64 (1:3.20160805.1-4) ...
linux-packages	Install build, package and native automation dependencies	2026-09-22T19:39:51.7868161Z Selecting previously unselected package xdotool.
linux-packages	Install build, package and native automation dependencies	2026-09-22T19:39:51.7957969Z Preparing to unpack .../140-xdotool_1%3a3.20160805.1-4_amd64.deb ...
linux-packages	Install build, package and native automation dependencies	2026-09-22T19:39:51.7961874Z Unpacking xdotool (1:3.20160805.1-4) ...
linux-packages	Install build, package and native automation dependencies	2026-09-22T19:39:51.8895252Z Setting up libpipewire-0.3-common (0.3.48-1ubuntu3.2) ...
linux-packages	Install build, package and native automation dependencies	2026-09-22T19:39:51.8909847Z Setting up bubblewrap (0.6.1-1ubuntu0.3) ...
linux-packages	Install build, package and native automation dependencies	2026-09-22T19:39:51.8934721Z Setting up libcdparanoia0:amd64 (3.10.2+debian-14build2) ...
linux-packages	Install build, package and native automation dependencies	2026-09-22T19:39:51.8946101Z Setting up libnghttp2-dev (1.43.0-1ubuntu0.4) ...
linux-packages	Install build, package and native automation dependencies	2026-09-22T19:39:51.9060630Z Setting up libraw1394-11:amd64 (2.1.2-2build2) ...
linux-packages	Install build, package and native automation dependencies	2026-09-22T19:39:51.9071462Z Setting up rtkit (0.13-4build2) ...
linux-packages	Install build, package and native automation dependencies	2026-09-22T19:39:52.3852573Z Setting up libtag1v5-vanilla:amd64 (1.11.1+dfsg.1-3ubuntu3) ...
linux-packages	Install build, package and native automation dependencies	2026-09-22T19:39:52.4007722Z Setting up libharfbuzz-icu0:amd64 (2.7.4-1ubuntu3.2) ...
linux-packages	Install build, package and native automation dependencies	2026-09-22T19:39:52.4019258Z Setting up libmpg123-0:amd64 (1.29.3-1ubuntu0.1) ...
linux-packages	Install build, package and native automation dependencies	2026-09-22T19:39:52.4029925Z Setting up libspeex1:amd64 (1.2~rc1.2-1.1ubuntu3) ...
linux-packages	Install build, package and native automation dependencies	2026-09-22T19:39:52.4041914Z Setting up libcaca0:amd64 (0.99.beta19-2.2ubuntu4.2) ...
linux-packages	Install build, package and native automation dependencies	2026-09-22T19:39:52.4053710Z Setting up libpangoxft-1.0-0:amd64 (1.50.6+ds-2ubuntu1) ...
linux-packages	Install build, package and native automation dependencies	2026-09-22T19:39:52.4064106Z Setting up gir1.2-dbusmenu-glib-0.4:amd64 (16.04.1+18.10.20180917-0ubuntu8) ...
linux-packages	Install build, package and native automation dependencies	2026-09-22T19:39:52.4075770Z Setting up libglvnd-core-dev:amd64 (1.4.0-1) ...
linux-packages	Install build, package and native automation dependencies	2026-09-22T19:39:52.4439932Z Setting up libtwolame0:amd64 (0.4.0-2build2) ...
linux-packages	Install build, package and native automation dependencies	2026-09-22T19:39:52.4648473Z Setting up libwoff1:amd64 (1.0.2-1build4) ...
linux-packages	Install build, package and native automation dependencies	2026-09-22T19:39:52.4667770Z Setting up libhyphen0:amd64 (2.8.8-7build2) ...
linux-packages	Install build, package and native automation dependencies	2026-09-22T19:39:52.4679031Z Setting up libvisual-0.4-0:amd64 (0.4.0-17build2) ...
linux-packages	Install build, package and native automation dependencies	2026-09-22T19:39:52.4692826Z Setting up gir1.2-atk-1.0:amd64 (2.36.0-3build1) ...
linux-packages	Install build, package and native automation dependencies	2026-09-22T19:39:52.4704248Z Setting up libfribidi-dev:amd64 (1.0.8-2ubuntu3.1) ...
linux-packages	Install build, package and native automation dependencies	2026-09-22T19:39:52.4716857Z Setting up libxkbcommon-dev:amd64 (1.4.0-1) ...
linux-packages	Install build, package and native automation dependencies	2026-09-22T19:39:52.4726852Z Setting up pango1.0-tools (1.50.6+ds-2ubuntu1) ...
linux-packages	Install build, package and native automation dependencies	2026-09-22T19:39:52.4738143Z Setting up libdbus-glib-1-dev-bin (0.112-2build1) ...
linux-packages	Install build, package and native automation dependencies	2026-09-22T19:39:52.4750525Z Setting up libwebrtc-audio-processing1:amd64 (0.3.1-0ubuntu5) ...
linux-packages	Install build, package and native automation dependencies	2026-09-22T19:39:52.4761104Z Setting up libharfbuzz-gobject0:amd64 (2.7.4-1ubuntu3.2) ...
linux-packages	Install build, package and native automation dependencies	2026-09-22T19:39:52.4773395Z Setting up gir1.2-atspi-2.0:amd64 (2.44.0-3) ...
linux-packages	Install build, package and native automation dependencies	2026-09-22T19:39:52.4785110Z Setting up libsoup-3.0-common (3.0.7-0ubuntu1) ...
linux-packages	Install build, package and native automation dependencies	2026-09-22T19:39:52.4795884Z Setting up libfuse2:amd64 (2.9.9-5ubuntu3) ...
linux-packages	Install build, package and native automation dependencies	2026-09-22T19:39:52.4878661Z Setting up libayatana-ido3-0.4-0:amd64 (0.9.1-1) ...
linux-packages	Install build, package and native automation dependencies	2026-09-22T19:39:52.4897277Z Setting up gir1.2-harfbuzz-0.0:amd64 (2.7.4-1ubuntu3.2) ...
linux-packages	Install build, package and native automation dependencies	2026-09-22T19:39:52.4907784Z Setting up libopengl0:amd64 (1.4.0-1) ...
linux-packages	Install build, package and native automation dependencies	2026-09-22T19:39:52.4920716Z Setting up libpsl-dev:amd64 (0.21.0-1.2build2) ...
linux-packages	Install build, package and native automation dependencies	2026-09-22T19:39:52.4933039Z Setting up libflac8:amd64 (1.3.3-2ubuntu0.2) ...
linux-packages	Install build, package and native automation dependencies	2026-09-22T19:39:52.4945979Z Setting up libxfixes-dev:amd64 (1:6.0.0-1) ...
linux-packages	Install build, package and native automation dependencies	2026-09-22T19:39:52.4958692Z Setting up libxdo3:amd64 (1:3.20160805.1-4) ...
linux-packages	Install build, package and native automation dependencies	2026-09-22T19:39:52.4970445Z Setting up libwayland-bin (1.20.0-1ubuntu0.1) ...
linux-packages	Install build, package and native automation dependencies	2026-09-22T19:39:52.4983580Z Setting up libgraphite2-dev:amd64 (1.3.14-1ubuntu0.1) ...
linux-packages	Install build, package and native automation dependencies	2026-09-22T19:39:52.4994876Z Setting up gir1.2-pango-1.0:amd64 (1.50.6+ds-2ubuntu1) ...
linux-packages	Install build, package and native automation dependencies	2026-09-22T19:39:52.5008495Z Setting up libxrandr-dev:amd64 (2:1.5.2-1build1) ...
linux-packages	Install build, package and native automation dependencies	2026-09-22T19:39:52.5812629Z Setting up libegl-mesa0:amd64 (23.2.1-1ubuntu3.1~22.04.4) ...
linux-packages	Install build, package and native automation dependencies	2026-09-22T19:39:52.6098329Z Setting up libjavascriptcoregtk-4.1-0:amd64 (2.50.4-0ubuntu0.22.04.1) ...
linux-packages	Install build, package and native automation dependencies	2026-09-22T19:39:52.6410416Z Setting up libgles2:amd64 (1.4.0-1) ...
linux-packages	Install build, package and native automation dependencies	2026-09-22T19:39:52.6423819Z Setting up libdbus-1-dev:amd64 (1.12.20-2ubuntu4.1) ...
linux-packages	Install build, package and native automation dependencies	2026-09-22T19:39:52.6437694Z Setting up libspa-0.2-modules:amd64 (0.3.48-1ubuntu3.2) ...
linux-packages	Install build, package and native automation dependencies	2026-09-22T19:39:52.6448054Z Setting up libgles1:amd64 (1.4.0-1) ...
linux-packages	Install build, package and native automation dependencies	2026-09-22T19:39:52.6461204Z Setting up libpipewire-0.3-0:amd64 (0.3.48-1ubuntu3.2) ...
linux-packages	Install build, package and native automation dependencies	2026-09-22T19:39:52.6471855Z Setting up libopus0:amd64 (1.3.1-0.1build2) ...
linux-packages	Install build, package and native automation dependencies	2026-09-22T19:39:52.6483210Z Setting up libxv1:amd64 (2:1.0.11-1build2) ...
linux-packages	Install build, package and native automation dependencies	2026-09-22T19:39:52.6495724Z Setting up xclip (0.13-2) ...
linux-packages	Install build, package and native automation dependencies	2026-09-22T19:39:52.6513151Z Setting up liborc-0.4-0:amd64 (1:0.4.32-2ubuntu0.1) ...
linux-packages	Install build, package and native automation dependencies	2026-09-22T19:39:52.6524496Z Setting up libxinerama-dev:amd64 (2:1.1.4-3) ...
linux-packages	Install build, package and native automation dependencies	2026-09-22T19:39:52.6537162Z Setting up gir1.2-ayatanaido3-0.4:amd64 (0.9.1-1) ...
linux-packages	Install build, package and native automation dependencies	2026-09-22T19:39:52.6547991Z Setting up xdg-dbus-proxy (0.1.3-1ubuntu0.1) ...
linux-packages	Install build, package and native automation dependencies	2026-09-22T19:39:52.6559640Z Setting up wayland-protocols (1.25-1) ...
linux-packages	Install build, package and native automation dependencies	2026-09-22T19:39:52.6574667Z Setting up libtag1v5:amd64 (1.11.1+dfsg.1-3ubuntu3) ...
linux-packages	Install build, package and native automation dependencies	2026-09-22T19:39:52.6589895Z Setting up libdatrie-dev:amd64 (0.2.13-2) ...
linux-packages	Install build, package and native automation dependencies	2026-09-22T19:39:52.6603215Z Setting up libdv4:amd64 (1.0.0-14build1) ...
linux-packages	Install build, package and native automation dependencies	2026-09-22T19:39:52.6617565Z Setting up libasyncns0:amd64 (0.8-6build2) ...
linux-packages	Install build, package and native automation dependencies	2026-09-22T19:39:52.6628241Z Setting up gir1.2-polkit-1.0 (0.105-33ubuntu0.2) ...
linux-packages	Install build, package and native automation dependencies	2026-09-22T19:39:52.6641373Z Setting up dbus-x11 (1.12.20-2ubuntu4.1) ...
linux-packages	Install build, package and native automation dependencies	2026-09-22T19:39:52.6706654Z Setting up libwavpack1:amd64 (5.4.0-1build2) ...
linux-packages	Install build, package and native automation dependencies	2026-09-22T19:39:52.6721451Z Setting up libdazzle-common (3.44.0-1) ...
linux-packages	Install build, package and native automation dependencies	2026-09-22T19:39:52.6754245Z Setting up libtheora0:amd64 (1.1.1+dfsg.1-15ubuntu4) ...
linux-packages	Install build, package and native automation dependencies	2026-09-22T19:39:52.6812203Z Setting up libv4lconvert0:amd64 (1.22.1-2build1) ...
linux-packages	Install build, package and native automation dependencies	2026-09-22T19:39:52.6823110Z Setting up libegl1:amd64 (1.4.0-1) ...
linux-packages	Install build, package and native automation dependencies	2026-09-22T19:39:52.6837026Z Setting up libglx-dev:amd64 (1.4.0-1) ...
linux-packages	Install build, package and native automation dependencies	2026-09-22T19:39:52.6853753Z Setting up gir1.2-json-1.0:amd64 (1.6.6-1build1) ...
linux-packages	Install build, package and native automation dependencies	2026-09-22T19:39:52.6864657Z Setting up libvpx7:amd64 (1.11.0-2ubuntu2.5) ...
linux-packages	Install build, package and native automation dependencies	2026-09-22T19:39:52.6883118Z Setting up libopengl-dev:amd64 (1.4.0-1) ...
linux-packages	Install build, package and native automation dependencies	2026-09-22T19:39:52.6895174Z Setting up libsysprof-4:amd64 (3.44.0-1) ...
linux-packages	Install build, package and native automation dependencies	2026-09-22T19:39:52.6907615Z Setting up libxi-dev:amd64 (2:1.8-1build1) ...
linux-packages	Install build, package and native automation dependencies	2026-09-22T19:39:52.6922385Z Setting up libsamplerate0:amd64 (0.2.2-1build1) ...
linux-packages	Install build, package and native automation dependencies	2026-09-22T19:39:52.7326809Z Setting up libayatana-indicator3-7:amd64 (0.9.1-1) ...
linux-packages	Install build, package and native automation dependencies	2026-09-22T19:39:52.7373154Z Setting up libevdev2:amd64 (1.12.1+dfsg-1) ...
linux-packages	Install build, package and native automation dependencies	2026-09-22T19:39:52.7384526Z Setting up libgl-dev:amd64 (1.4.0-1) ...
linux-packages	Install build, package and native automation dependencies	2026-09-22T19:39:52.7415870Z Setting up libjavascriptcoregtk-4.1-dev:amd64 (2.50.4-0ubuntu0.22.04.1) ...
linux-packages	Install build, package and native automation dependencies	2026-09-22T19:39:52.7430151Z Setting up libmp3lame0:amd64 (3.100-3build2) ...
linux-packages	Install build, package and native automation dependencies	2026-09-22T19:39:52.7441671Z Setting up libgraphene-1.0-0:amd64 (1.10.8-1) ...
linux-packages	Install build, package and native automation dependencies	2026-09-22T19:39:52.7468429Z Setting up libatk1.0-dev:amd64 (2.36.0-3build1) ...
linux-packages	Install build, package and native automation dependencies	2026-09-22T19:39:52.7488955Z Setting up libvorbisenc2:amd64 (1.3.7-1build2) ...
linux-packages	Install build, package and native automation dependencies	2026-09-22T19:39:52.7504334Z Setting up libaa1:amd64 (1.4p5-50build1) ...
linux-packages	Install build, package and native automation dependencies	2026-09-22T19:39:52.7580326Z Setting up libiec61883-0:amd64 (1.2.0-4build3) ...
linux-packages	Install build, package and native automation dependencies	2026-09-22T19:39:52.7591419Z Setting up libxft-dev:amd64 (2.3.4-1) ...
linux-packages	Install build, package and native automation dependencies	2026-09-22T19:39:52.7931654Z Setting up libxtst-dev:amd64 (2:1.2.3-1build4) ...
linux-packages	Install build, package and native automation dependencies	2026-09-22T19:39:52.8115585Z Setting up libxdamage-dev:amd64 (1:1.1.5-2build2) ...
linux-packages	Install build, package and native automation dependencies	2026-09-22T19:39:52.8125733Z Setting up libavc1394-0:amd64 (0.5.4-5build2) ...
linux-packages	Install build, package and native automation dependencies	2026-09-22T19:39:52.8962182Z Setting up libatspi2.0-dev:amd64 (2.44.0-3) ...
linux-packages	Install build, package and native automation dependencies	2026-09-22T19:39:52.8998233Z Setting up libharfbuzz-dev:amd64 (2.7.4-1ubuntu3.2) ...
linux-packages	Install build, package and native automation dependencies	2026-09-22T19:39:52.9012393Z Setting up libdazzle-1.0-0:amd64 (3.44.0-1) ...
linux-packages	Install build, package and native automation dependencies	2026-09-22T19:39:52.9025810Z Setting up xdg-desktop-portal (1.14.4-1ubuntu2~22.04.2) ...
linux-packages	Install build, package and native automation dependencies	2026-09-22T19:39:52.9591089Z Created symlink /etc/systemd/user/graphical-session-pre.target.wants/xdg-desktop-portal-rewrite-launchers.service → /usr/lib/systemd/user/xdg-desktop-portal-rewrite-launchers.service.
linux-packages	Install build, package and native automation dependencies	2026-09-22T19:39:53.1125327Z Setting up xdotool (1:3.20160805.1-4) ...
linux-packages	Install build, package and native automation dependencies	2026-09-22T19:39:53.1136841Z Setting up libegl-dev:amd64 (1.4.0-1) ...
linux-packages	Install build, package and native automation dependencies	2026-09-22T19:39:53.1148173Z Setting up libdbus-glib-1-dev:amd64 (0.112-2build1) ...
linux-packages	Install build, package and native automation dependencies	2026-09-22T19:39:53.1161780Z Setting up libxcomposite-dev:amd64 (1:0.4.5-1build2) ...
linux-packages	Install build, package and native automation dependencies	2026-09-22T19:39:53.1174898Z Setting up libxcursor-dev:amd64 (1:1.2.0-2build4) ...
linux-packages	Install build, package and native automation dependencies	2026-09-22T19:39:53.1187144Z Setting up libmanette-0.2-0:amd64 (0.2.6-3build1) ...
linux-packages	Install build, package and native automation dependencies	2026-09-22T19:39:53.1199971Z Setting up libjson-glib-dev:amd64 (1.6.6-1build1) ...
linux-packages	Install build, package and native automation dependencies	2026-09-22T19:39:53.1210853Z Setting up libepoxy-dev:amd64 (1.5.10-1) ...
linux-packages	Install build, package and native automation dependencies	2026-09-22T19:39:53.1227410Z Setting up libsoup-3.0-0:amd64 (3.0.7-0ubuntu1) ...
linux-packages	Install build, package and native automation dependencies	2026-09-22T19:39:53.1240035Z Setting up gir1.2-gtk-3.0:amd64 (3.24.33-1ubuntu2.2) ...
linux-packages	Install build, package and native automation dependencies	2026-09-22T19:39:53.1251170Z Setting up libgstreamer-plugins-base1.0-0:amd64 (1.20.1-1ubuntu0.7) ...
linux-packages	Install build, package and native automation dependencies	2026-09-22T19:39:53.1263157Z Setting up libatk-bridge2.0-dev:amd64 (2.38.0-3) ...
linux-packages	Install build, package and native automation dependencies	2026-09-22T19:39:53.1273839Z Setting up libwayland-dev:amd64 (1.20.0-1ubuntu0.1) ...
linux-packages	Install build, package and native automation dependencies	2026-09-22T19:39:53.1285381Z Setting up libv4l-0:amd64 (1.22.1-2build1) ...
linux-packages	Install build, package and native automation dependencies	2026-09-22T19:39:53.1298778Z Setting up libgstreamer-plugins-good1.0-0:amd64 (1.20.3-0ubuntu1.9) ...
linux-packages	Install build, package and native automation dependencies	2026-09-22T19:39:53.1442391Z Setting up libgstreamer-gl1.0-0:amd64 (1.20.1-1ubuntu0.7) ...
linux-packages	Install build, package and native automation dependencies	2026-09-22T19:39:53.1455536Z Setting up gstreamer1.0-plugins-base:amd64 (1.20.1-1ubuntu0.7) ...
linux-packages	Install build, package and native automation dependencies	2026-09-22T19:39:53.1520091Z Setting up libayatana-appindicator3-1 (0.5.90-7ubuntu2) ...
linux-packages	Install build, package and native automation dependencies	2026-09-22T19:39:53.1536044Z Setting up libshout3:amd64 (2.4.5-1build3) ...
linux-packages	Install build, package and native automation dependencies	2026-09-22T19:39:53.1546951Z Setting up libpolkit-gobject-1-dev (0.105-33ubuntu0.2) ...
linux-packages	Install build, package and native automation dependencies	2026-09-22T19:39:53.1561362Z Setting up libdbusmenu-glib-dev:amd64 (16.04.1+18.10.20180917-0ubuntu8) ...
linux-packages	Install build, package and native automation dependencies	2026-09-22T19:39:53.1583083Z Setting up libthai-dev:amd64 (0.1.29-1build1) ...
linux-packages	Install build, package and native automation dependencies	2026-09-22T19:39:53.1598033Z Setting up gir1.2-soup-3.0:amd64 (3.0.7-0ubuntu1) ...
linux-packages	Install build, package and native automation dependencies	2026-09-22T19:39:53.1610632Z Setting up libjack-jackd2-0:amd64 (1.9.20~dfsg-1) ...
linux-packages	Install build, package and native automation dependencies	2026-09-22T19:39:53.1664235Z Setting up libsysprof-ui-4:amd64 (3.44.0-1) ...
linux-packages	Install build, package and native automation dependencies	2026-09-22T19:39:53.1677961Z Setting up libsndfile1:amd64 (1.0.31-2ubuntu0.2) ...
linux-packages	Install build, package and native automation dependencies	2026-09-22T19:39:53.1691408Z Setting up libgles-dev:amd64 (1.4.0-1) ...
linux-packages	Install build, package and native automation dependencies	2026-09-22T19:39:53.1704398Z Setting up gir1.2-dazzle-1.0:amd64 (3.44.0-1) ...
linux-packages	Install build, package and native automation dependencies	2026-09-22T19:39:53.1719706Z Setting up gir1.2-ayatanaappindicator3-0.1 (0.5.90-7ubuntu2) ...
linux-packages	Install build, package and native automation dependencies	2026-09-22T19:39:53.1730253Z Setting up gstreamer1.0-gl:amd64 (1.20.1-1ubuntu0.7) ...
linux-packages	Install build, package and native automation dependencies	2026-09-22T19:39:53.1741391Z Setting up xdg-desktop-portal-gtk (1.14.0-1build1) ...
linux-packages	Install build, package and native automation dependencies	2026-09-22T19:39:53.1757079Z Setting up gstreamer1.0-x:amd64 (1.20.1-1ubuntu0.7) ...
linux-packages	Install build, package and native automation dependencies	2026-09-22T19:39:53.1769042Z Setting up libpulse0:amd64 (1:15.99.1+dfsg1-1ubuntu2.2) ...
linux-packages	Install build, package and native automation dependencies	2026-09-22T19:39:53.1813540Z Setting up gstreamer1.0-plugins-good:amd64 (1.20.3-0ubuntu1.9) ...
linux-packages	Install build, package and native automation dependencies	2026-09-22T19:39:53.1826479Z Setting up libglvnd-dev:amd64 (1.4.0-1) ...
linux-packages	Install build, package and native automation dependencies	2026-09-22T19:39:53.1837506Z Setting up libpipewire-0.3-modules:amd64 (0.3.48-1ubuntu3.2) ...
linux-packages	Install build, package and native automation dependencies	2026-09-22T19:39:53.1851298Z Setting up libpango1.0-dev:amd64 (1.50.6+ds-2ubuntu1) ...
linux-packages	Install build, package and native automation dependencies	2026-09-22T19:39:53.1863690Z Setting up libegl1-mesa-dev:amd64 (23.2.1-1ubuntu3.1~22.04.4) ...
linux-packages	Install build, package and native automation dependencies	2026-09-22T19:39:53.1875620Z Setting up libgtk-3-dev:amd64 (3.24.33-1ubuntu2.2) ...
linux-packages	Install build, package and native automation dependencies	2026-09-22T19:39:53.1888578Z Setting up libwebkit2gtk-4.1-0:amd64 (2.50.4-0ubuntu0.22.04.1) ...
linux-packages	Install build, package and native automation dependencies	2026-09-22T19:39:53.1900418Z Setting up libdazzle-1.0-dev:amd64 (3.44.0-1) ...
linux-packages	Install build, package and native automation dependencies	2026-09-22T19:39:53.1914999Z Setting up libayatana-ido3-dev (0.9.1-1) ...
linux-packages	Install build, package and native automation dependencies	2026-09-22T19:39:53.1928225Z Setting up webkit2gtk-driver (2.50.4-0ubuntu0.22.04.1) ...
linux-packages	Install build, package and native automation dependencies	2026-09-22T19:39:53.1981856Z Setting up pipewire-bin (0.3.48-1ubuntu3.2) ...
linux-packages	Install build, package and native automation dependencies	2026-09-22T19:39:53.2171454Z Setting up libayatana-indicator3-dev (0.9.1-1) ...
linux-packages	Install build, package and native automation dependencies	2026-09-22T19:39:53.2186713Z Setting up libsysprof-4-dev:amd64 (3.44.0-1) ...
linux-packages	Install build, package and native automation dependencies	2026-09-22T19:39:53.2204110Z Setting up pipewire:amd64 (0.3.48-1ubuntu3.2) ...
linux-packages	Install build, package and native automation dependencies	2026-09-22T19:39:53.2742365Z Created symlink /etc/systemd/user/default.target.wants/pipewire.service → /usr/lib/systemd/user/pipewire.service.
linux-packages	Install build, package and native automation dependencies	2026-09-22T19:39:53.2743120Z Created symlink /etc/systemd/user/sockets.target.wants/pipewire.socket → /usr/lib/systemd/user/pipewire.socket.
linux-packages	Install build, package and native automation dependencies	2026-09-22T19:39:53.3284603Z Setting up libayatana-appindicator3-dev (0.5.90-7ubuntu2) ...
linux-packages	Install build, package and native automation dependencies	2026-09-22T19:39:53.3300350Z Setting up libsoup-3.0-dev:amd64 (3.0.7-0ubuntu1) ...
linux-packages	Install build, package and native automation dependencies	2026-09-22T19:39:53.3311491Z Setting up libwebkit2gtk-4.1-dev (2.50.4-0ubuntu0.22.04.1) ...
linux-packages	Install build, package and native automation dependencies	2026-09-22T19:39:53.3333038Z Setting up pipewire-media-session (0.4.1-2ubuntu1) ...
linux-packages	Install build, package and native automation dependencies	2026-09-22T19:39:53.3872685Z Created symlink /etc/systemd/user/pipewire-session-manager.service → /usr/lib/systemd/user/pipewire-media-session.service.
linux-packages	Install build, package and native automation dependencies	2026-09-22T19:39:53.3873537Z Created symlink /etc/systemd/user/pipewire.service.wants/pipewire-media-session.service → /usr/lib/systemd/user/pipewire-media-session.service.
linux-packages	Install build, package and native automation dependencies	2026-09-22T19:39:53.3890825Z Processing triggers for libc-bin (2.35-0ubuntu3.15) ...
linux-packages	Install build, package and native automation dependencies	2026-09-22T19:39:55.9742196Z Processing triggers for man-db (2.10.2-1) ...
linux-packages	Install build, package and native automation dependencies	2026-09-22T19:39:55.9756757Z Not building database; man-db/auto-update is not 'true'.
linux-packages	Install build, package and native automation dependencies	2026-09-22T19:39:55.9767552Z Processing triggers for dbus (1.12.20-2ubuntu4.1) ...
linux-packages	Install build, package and native automation dependencies	2026-09-22T19:39:55.9814671Z Processing triggers for mailcap (3.70+nmu1ubuntu1.22.04.1) ...
linux-packages	Install build, package and native automation dependencies	2026-09-22T19:39:56.8787208Z 
linux-packages	Install build, package and native automation dependencies	2026-09-22T19:39:56.8787743Z Running kernel seems to be up-to-date.
linux-packages	Install build, package and native automation dependencies	2026-09-22T19:39:56.8788077Z 
linux-packages	Install build, package and native automation dependencies	2026-09-22T19:39:56.8788170Z No services need to be restarted.
linux-packages	Install build, package and native automation dependencies	2026-09-22T19:39:56.8788364Z 
linux-packages	Install build, package and native automation dependencies	2026-09-22T19:39:56.8788426Z No containers need to be restarted.
linux-packages	Install build, package and native automation dependencies	2026-09-22T19:39:56.8788527Z 
linux-packages	Install build, package and native automation dependencies	2026-09-22T19:39:56.8788595Z No user sessions are running outdated binaries.
linux-packages	Install build, package and native automation dependencies	2026-09-22T19:39:56.8788717Z 
linux-packages	Install build, package and native automation dependencies	2026-09-22T19:39:56.8788823Z No VM guests are running outdated hypervisor (qemu) binaries on this host.
linux-packages	Install build, package and native automation dependencies	2026-09-22T19:39:57.6713228Z /usr/bin/WebKitWebDriver
linux-packages	Install build, package and native automation dependencies	2026-09-22T19:39:57.6713605Z /usr/bin/fusermount3
linux-packages	Install build, package and native automation dependencies	2026-09-22T19:39:57.6713802Z /usr/bin/import
linux-packages	Install build, package and native automation dependencies	2026-09-22T19:39:57.6782506Z fuse3	3.10.5-1build1
linux-packages	Install build, package and native automation dependencies	2026-09-22T19:39:57.6782713Z libfuse2:amd64	2.9.9-5ubuntu3
linux-packages	Install build, package and native automation dependencies	2026-09-22T19:39:57.6782949Z libwebkit2gtk-4.1-0:amd64	2.50.4-0ubuntu0.22.04.1
linux-packages	Install build, package and native automation dependencies	2026-09-22T19:39:57.6783134Z webkit2gtk-driver	2.50.4-0ubuntu0.22.04.1
linux-packages	Install build, package and native automation dependencies	2026-09-22T19:39:57.6783284Z xdotool	1:3.20160805.1-4
linux-packages	Run pnpm/action-setup@v4	2026-09-22T19:39:57.6827796Z Node 20 is being deprecated. This workflow is running with Node 24 by default. If you need to temporarily use Node 20, you can set the ACTIONS_ALLOW_USE_UNSECURE_NODE_VERSION=true environment variable. For more information see: https://github.blog/changelog/2025-09-19-deprecation-of-node-20-on-github-actions-runners/
linux-packages	Run pnpm/action-setup@v4	2026-09-22T19:39:57.6828953Z ##[group]Run pnpm/action-setup@v4
linux-packages	Run pnpm/action-setup@v4	2026-09-22T19:39:57.6829099Z with:
linux-packages	Run pnpm/action-setup@v4	2026-09-22T19:39:57.6829208Z   dest: ~/setup-pnpm
linux-packages	Run pnpm/action-setup@v4	2026-09-22T19:39:57.6829326Z   run_install: null
linux-packages	Run pnpm/action-setup@v4	2026-09-22T19:39:57.6829436Z   cache: false
linux-packages	Run pnpm/action-setup@v4	2026-09-22T19:39:57.6829560Z   cache_dependency_path: pnpm-lock.yaml
linux-packages	Run pnpm/action-setup@v4	2026-09-22T19:39:57.6829737Z   package_json_file: package.json
linux-packages	Run pnpm/action-setup@v4	2026-09-22T19:39:57.6829881Z   standalone: false
linux-packages	Run pnpm/action-setup@v4	2026-09-22T19:39:57.6829999Z ##[endgroup]
linux-packages	Run pnpm/action-setup@v4	2026-09-22T19:39:57.7627935Z ##[group]Running self-installer...
linux-packages	Run pnpm/action-setup@v4	2026-09-22T19:39:57.9848901Z (node:3930) [DEP0169] DeprecationWarning: `url.parse()` behavior is not standardized and prone to errors that have security implications. Use the WHATWG URL API instead. CVEs are not issued for `url.parse()` vulnerabilities.
linux-packages	Run pnpm/action-setup@v4	2026-09-22T19:39:57.9849798Z (Use `node --trace-deprecation ...` to show where the warning was created)
linux-packages	Run pnpm/action-setup@v4	2026-09-22T19:39:58.1513546Z Progress: resolved 1, reused 0, downloaded 0, added 0
linux-packages	Run pnpm/action-setup@v4	2026-09-22T19:39:58.3263554Z 
linux-packages	Run pnpm/action-setup@v4	2026-09-22T19:39:58.3264176Z dependencies:
linux-packages	Run pnpm/action-setup@v4	2026-09-22T19:39:58.3264440Z + pnpm 9.15.9
linux-packages	Run pnpm/action-setup@v4	2026-09-22T19:39:58.3264556Z 
linux-packages	Run pnpm/action-setup@v4	2026-09-22T19:39:58.3295079Z Packages: +1
linux-packages	Run pnpm/action-setup@v4	2026-09-22T19:39:58.3295295Z +
linux-packages	Run pnpm/action-setup@v4	2026-09-22T19:39:58.3573374Z Progress: resolved 1, reused 0, downloaded 1, added 1, done
linux-packages	Run pnpm/action-setup@v4	2026-09-22T19:39:58.3728124Z Done in 505ms
linux-packages	Run pnpm/action-setup@v4	2026-09-22T19:39:58.3807440Z ##[endgroup]
linux-packages	Run pnpm/action-setup@v4	2026-09-22T19:39:58.3807701Z Installation Completed!
linux-packages	Run actions/setup-node@v4	2026-09-22T19:39:58.3913343Z Node 20 is being deprecated. This workflow is running with Node 24 by default. If you need to temporarily use Node 20, you can set the ACTIONS_ALLOW_USE_UNSECURE_NODE_VERSION=true environment variable. For more information see: https://github.blog/changelog/2025-09-19-deprecation-of-node-20-on-github-actions-runners/
linux-packages	Run actions/setup-node@v4	2026-09-22T19:39:58.3914030Z ##[group]Run actions/setup-node@v4
linux-packages	Run actions/setup-node@v4	2026-09-22T19:39:58.3914177Z with:
linux-packages	Run actions/setup-node@v4	2026-09-22T19:39:58.3914289Z   node-version: 24
linux-packages	Run actions/setup-node@v4	2026-09-22T19:39:58.3914406Z   cache: pnpm
linux-packages	Run actions/setup-node@v4	2026-09-22T19:39:58.3914517Z   always-auth: false
linux-packages	Run actions/setup-node@v4	2026-09-22T19:39:58.3914640Z   check-latest: false
linux-packages	Run actions/setup-node@v4	2026-09-22T19:39:58.3916420Z   token: ***
linux-packages	Run actions/setup-node@v4	2026-09-22T19:39:58.3916553Z env:
linux-packages	Run actions/setup-node@v4	2026-09-22T19:39:58.3916701Z   PNPM_HOME: /home/runner/setup-pnpm/node_modules/.bin
linux-packages	Run actions/setup-node@v4	2026-09-22T19:39:58.3916881Z ##[endgroup]
linux-packages	Run actions/setup-node@v4	2026-09-22T19:39:58.5221335Z Found in cache @ /opt/hostedtoolcache/node/24.21.0/x64
linux-packages	Run actions/setup-node@v4	2026-09-22T19:39:58.5225805Z (node:3943) [DEP0040] DeprecationWarning: The `punycode` module is deprecated. Please use a userland alternative instead.
linux-packages	Run actions/setup-node@v4	2026-09-22T19:39:58.5226298Z (Use `node --trace-deprecation ...` to show where the warning was created)
linux-packages	Run actions/setup-node@v4	2026-09-22T19:39:58.5226642Z ##[group]Environment details
linux-packages	Run actions/setup-node@v4	2026-09-22T19:40:00.7398440Z node: v24.21.0
linux-packages	Run actions/setup-node@v4	2026-09-22T19:40:00.7398751Z npm: 11.19.0
linux-packages	Run actions/setup-node@v4	2026-09-22T19:40:00.7398924Z yarn: 1.22.22
linux-packages	Run actions/setup-node@v4	2026-09-22T19:40:00.7399439Z ##[endgroup]
linux-packages	Run actions/setup-node@v4	2026-09-22T19:40:00.7409766Z [command]/home/runner/setup-pnpm/node_modules/.bin/pnpm store path --silent
linux-packages	Run actions/setup-node@v4	2026-09-22T19:40:00.9460566Z /home/runner/setup-pnpm/node_modules/.bin/store/v3
linux-packages	Run actions/setup-node@v4	2026-09-22T19:40:01.1968381Z Cache hit for: node-cache-Linux-x64-pnpm-8aaaded7eb01b97ca71daf75d04c13d5b2391dc01462e06697eda248900fdd64
linux-packages	Run actions/setup-node@v4	2026-09-22T19:40:01.2030106Z (node:3943) [DEP0169] DeprecationWarning: `url.parse()` behavior is not standardized and prone to errors that have security implications. Use the WHATWG URL API instead. CVEs are not issued for `url.parse()` vulnerabilities.
linux-packages	Run actions/setup-node@v4	2026-09-22T19:40:02.5059538Z Received 16777216 of 111368687 (15.1%), 16.0 MBs/sec
linux-packages	Run actions/setup-node@v4	2026-09-22T19:40:03.5064705Z Received 90397167 of 111368687 (81.2%), 43.1 MBs/sec
linux-packages	Run actions/setup-node@v4	2026-09-22T19:40:04.5076628Z Received 90397167 of 111368687 (81.2%), 28.7 MBs/sec
linux-packages	Run actions/setup-node@v4	2026-09-22T19:40:05.5088786Z Received 90397167 of 111368687 (81.2%), 21.5 MBs/sec
linux-packages	Run actions/setup-node@v4	2026-09-22T19:40:06.5090895Z Received 90397167 of 111368687 (81.2%), 17.2 MBs/sec
linux-packages	Run actions/setup-node@v4	2026-09-22T19:40:07.5099709Z Received 98785775 of 111368687 (88.7%), 15.7 MBs/sec
linux-packages	Run actions/setup-node@v4	2026-09-22T19:40:08.5111562Z Received 98785775 of 111368687 (88.7%), 13.4 MBs/sec
linux-packages	Run actions/setup-node@v4	2026-09-22T19:40:09.5123439Z Received 98785775 of 111368687 (88.7%), 11.8 MBs/sec
linux-packages	Run actions/setup-node@v4	2026-09-22T19:40:10.5135639Z Received 98785775 of 111368687 (88.7%), 10.5 MBs/sec
linux-packages	Run actions/setup-node@v4	2026-09-22T19:40:11.5150389Z Received 98785775 of 111368687 (88.7%), 9.4 MBs/sec
linux-packages	Run actions/setup-node@v4	2026-09-22T19:40:12.5162562Z Received 98785775 of 111368687 (88.7%), 8.6 MBs/sec
linux-packages	Run actions/setup-node@v4	2026-09-22T19:40:13.5174245Z Received 98785775 of 111368687 (88.7%), 7.8 MBs/sec
linux-packages	Run actions/setup-node@v4	2026-09-22T19:40:14.5186418Z Received 98785775 of 111368687 (88.7%), 7.2 MBs/sec
linux-packages	Run actions/setup-node@v4	2026-09-22T19:40:15.5198836Z Received 98785775 of 111368687 (88.7%), 6.7 MBs/sec
linux-packages	Run actions/setup-node@v4	2026-09-22T19:40:16.5210452Z Received 98785775 of 111368687 (88.7%), 6.3 MBs/sec
linux-packages	Run actions/setup-node@v4	2026-09-22T19:40:17.4460409Z Received 111368687 of 111368687 (100.0%), 6.7 MBs/sec
linux-packages	Run actions/setup-node@v4	2026-09-22T19:40:17.4461070Z Cache Size: ~106 MB (111368687 B)
linux-packages	Run actions/setup-node@v4	2026-09-22T19:40:17.4501206Z [command]/usr/bin/tar -xf /home/runner/work/_temp/8dda65fc-cefd-4191-8b41-74496126e866/cache.tzst -P -C /home/runner/work/execs/execs --use-compress-program unzstd
linux-packages	Run actions/setup-node@v4	2026-09-22T19:40:17.7956501Z Cache restored successfully
linux-packages	Run actions/setup-node@v4	2026-09-22T19:40:17.8043005Z Cache restored from key: node-cache-Linux-x64-pnpm-8aaaded7eb01b97ca71daf75d04c13d5b2391dc01462e06697eda248900fdd64
linux-packages	Run dtolnay/rust-toolchain@stable	2026-09-22T19:40:17.8209519Z ##[group]Run dtolnay/rust-toolchain@stable
linux-packages	Run dtolnay/rust-toolchain@stable	2026-09-22T19:40:17.8209700Z with:
linux-packages	Run dtolnay/rust-toolchain@stable	2026-09-22T19:40:17.8209809Z   toolchain: stable
linux-packages	Run dtolnay/rust-toolchain@stable	2026-09-22T19:40:17.8209922Z env:
linux-packages	Run dtolnay/rust-toolchain@stable	2026-09-22T19:40:17.8210055Z   PNPM_HOME: /home/runner/setup-pnpm/node_modules/.bin
linux-packages	Run dtolnay/rust-toolchain@stable	2026-09-22T19:40:17.8210314Z ##[endgroup]
linux-packages	Run dtolnay/rust-toolchain@stable	2026-09-22T19:40:17.8268103Z ##[start-action display=Parse toolchain version;id=__dtolnay_rust-toolchain.parse]
linux-packages	Run dtolnay/rust-toolchain@stable	2026-09-22T19:40:17.8294050Z ##[group]Run if [[ -z $toolchain ]]; then
linux-packages	Run dtolnay/rust-toolchain@stable	2026-09-22T19:40:17.8294264Z if [[ -z $toolchain ]]; then
linux-packages	Run dtolnay/rust-toolchain@stable	2026-09-22T19:40:17.8294538Z   # GitHub does not enforce `required: true` inputs itself. https://github.com/actions/runner/issues/1070
linux-packages	Run dtolnay/rust-toolchain@stable	2026-09-22T19:40:17.8294827Z   echo "'toolchain' is a required input" >&2
linux-packages	Run dtolnay/rust-toolchain@stable	2026-09-22T19:40:17.8294984Z   exit 1
linux-packages	Run dtolnay/rust-toolchain@stable	2026-09-22T19:40:17.8295164Z elif [[ $toolchain =~ ^stable' '[0-9]+' '(year|month|week|day)s?' 'ago$ ]]; then
linux-packages	Run dtolnay/rust-toolchain@stable	2026-09-22T19:40:17.8295383Z   if [[ Linux == macOS ]]; then
linux-packages	Run dtolnay/rust-toolchain@stable	2026-09-22T19:40:17.8295699Z     echo "toolchain=1.$((($(date -v-$(sed 's/stable \([0-9]*\) \(.\).*/\1\2/' <<< $toolchain) +%s)/60/60/24-16569)/7/6))" >> $GITHUB_OUTPUT
linux-packages	Run dtolnay/rust-toolchain@stable	2026-09-22T19:40:17.8295961Z   else
linux-packages	Run dtolnay/rust-toolchain@stable	2026-09-22T19:40:17.8296186Z     echo "toolchain=1.$((($(date --date "${toolchain#stable }" +%s)/60/60/24-16569)/7/6))" >> $GITHUB_OUTPUT
linux-packages	Run dtolnay/rust-toolchain@stable	2026-09-22T19:40:17.8296420Z   fi
linux-packages	Run dtolnay/rust-toolchain@stable	2026-09-22T19:40:17.8296581Z elif [[ $toolchain =~ ^stable' 'minus' '[0-9]+' 'releases?$ ]]; then
linux-packages	Run dtolnay/rust-toolchain@stable	2026-09-22T19:40:17.8296855Z   echo "toolchain=1.$((($(date +%s)/60/60/24-16569)/7/6-${toolchain//[^0-9]/}))" >> $GITHUB_OUTPUT
linux-packages	Run dtolnay/rust-toolchain@stable	2026-09-22T19:40:17.8297094Z elif [[ $toolchain =~ ^1\.[0-9]+$ ]]; then
linux-packages	Run dtolnay/rust-toolchain@stable	2026-09-22T19:40:17.8297367Z   echo "toolchain=1.$((i=${toolchain#1.}, c=($(date +%s)/60/60/24-16569)/7/6, i+9*i*(10*i<=c)+90*i*(100*i<=c)))" >> $GITHUB_OUTPUT
linux-packages	Run dtolnay/rust-toolchain@stable	2026-09-22T19:40:17.8297618Z else
linux-packages	Run dtolnay/rust-toolchain@stable	2026-09-22T19:40:17.8297754Z   echo "toolchain=$toolchain" >> $GITHUB_OUTPUT
linux-packages	Run dtolnay/rust-toolchain@stable	2026-09-22T19:40:17.8298025Z fi
linux-packages	Run dtolnay/rust-toolchain@stable	2026-09-22T19:40:17.8338534Z shell: /usr/bin/bash --noprofile --norc -e -o pipefail {0}
linux-packages	Run dtolnay/rust-toolchain@stable	2026-09-22T19:40:17.8338719Z env:
linux-packages	Run dtolnay/rust-toolchain@stable	2026-09-22T19:40:17.8338857Z   PNPM_HOME: /home/runner/setup-pnpm/node_modules/.bin
linux-packages	Run dtolnay/rust-toolchain@stable	2026-09-22T19:40:17.8339029Z   toolchain: stable
linux-packages	Run dtolnay/rust-toolchain@stable	2026-09-22T19:40:17.8339146Z ##[endgroup]
linux-packages	Run dtolnay/rust-toolchain@stable	2026-09-22T19:40:17.8395000Z ##[end-action id=__dtolnay_rust-toolchain.parse;outcome=success;conclusion=success;duration_ms=12]
linux-packages	Run dtolnay/rust-toolchain@stable	2026-09-22T19:40:17.8398543Z ##[start-action display=Construct rustup command line;id=__dtolnay_rust-toolchain.flags]
linux-packages	Run dtolnay/rust-toolchain@stable	2026-09-22T19:40:17.8408683Z ##[group]Run echo "targets=$(for t in ${targets//,/ }; do echo -n ' --target' $t; done)" >> $GITHUB_OUTPUT
linux-packages	Run dtolnay/rust-toolchain@stable	2026-09-22T19:40:17.8409037Z echo "targets=$(for t in ${targets//,/ }; do echo -n ' --target' $t; done)" >> $GITHUB_OUTPUT
linux-packages	Run dtolnay/rust-toolchain@stable	2026-09-22T19:40:17.8409362Z echo "components=$(for c in ${components//,/ }; do echo -n ' --component' $c; done)" >> $GITHUB_OUTPUT
linux-packages	Run dtolnay/rust-toolchain@stable	2026-09-22T19:40:17.8409628Z echo "downgrade=" >> $GITHUB_OUTPUT
linux-packages	Run dtolnay/rust-toolchain@stable	2026-09-22T19:40:17.8430829Z shell: /usr/bin/bash --noprofile --norc -e -o pipefail {0}
linux-packages	Run dtolnay/rust-toolchain@stable	2026-09-22T19:40:17.8431008Z env:
linux-packages	Run dtolnay/rust-toolchain@stable	2026-09-22T19:40:17.8431153Z   PNPM_HOME: /home/runner/setup-pnpm/node_modules/.bin
linux-packages	Run dtolnay/rust-toolchain@stable	2026-09-22T19:40:17.8431319Z   targets: 
linux-packages	Run dtolnay/rust-toolchain@stable	2026-09-22T19:40:17.8431428Z   components: 
linux-packages	Run dtolnay/rust-toolchain@stable	2026-09-22T19:40:17.8431537Z ##[endgroup]
linux-packages	Run dtolnay/rust-toolchain@stable	2026-09-22T19:40:17.8470119Z ##[end-action id=__dtolnay_rust-toolchain.flags;outcome=success;conclusion=success;duration_ms=7]
linux-packages	Run dtolnay/rust-toolchain@stable	2026-09-22T19:40:17.8471271Z ##[start-action display=Set $CARGO_HOME;id=__dtolnay_rust-toolchain.__run]
linux-packages	Run dtolnay/rust-toolchain@stable	2026-09-22T19:40:17.8481237Z ##[group]Run echo CARGO_HOME=${CARGO_HOME:-"$HOME/.cargo"} >> $GITHUB_ENV
linux-packages	Run dtolnay/rust-toolchain@stable	2026-09-22T19:40:17.8481494Z echo CARGO_HOME=${CARGO_HOME:-"$HOME/.cargo"} >> $GITHUB_ENV
linux-packages	Run dtolnay/rust-toolchain@stable	2026-09-22T19:40:17.8499419Z shell: /usr/bin/bash --noprofile --norc -e -o pipefail {0}
linux-packages	Run dtolnay/rust-toolchain@stable	2026-09-22T19:40:17.8499600Z env:
linux-packages	Run dtolnay/rust-toolchain@stable	2026-09-22T19:40:17.8499734Z   PNPM_HOME: /home/runner/setup-pnpm/node_modules/.bin
linux-packages	Run dtolnay/rust-toolchain@stable	2026-09-22T19:40:17.8499999Z ##[endgroup]
linux-packages	Run dtolnay/rust-toolchain@stable	2026-09-22T19:40:17.8531206Z ##[end-action id=__dtolnay_rust-toolchain.__run;outcome=success;conclusion=success;duration_ms=5]
linux-packages	Run dtolnay/rust-toolchain@stable	2026-09-22T19:40:17.8532360Z ##[start-action display=Install rustup if needed;id=__dtolnay_rust-toolchain.__run_2]
linux-packages	Run dtolnay/rust-toolchain@stable	2026-09-22T19:40:17.8544217Z ##[group]Run if ! command -v rustup &>/dev/null; then
linux-packages	Run dtolnay/rust-toolchain@stable	2026-09-22T19:40:17.8544415Z if ! command -v rustup &>/dev/null; then
linux-packages	Run dtolnay/rust-toolchain@stable	2026-09-22T19:40:17.8544807Z   curl --proto '=https' --tlsv1.2 --retry 10 --retry-connrefused --location --silent --show-error --fail https://sh.rustup.rs | sh -s -- --default-toolchain none -y
linux-packages	Run dtolnay/rust-toolchain@stable	2026-09-22T19:40:17.8545180Z   echo "$CARGO_HOME/bin" >> $GITHUB_PATH
linux-packages	Run dtolnay/rust-toolchain@stable	2026-09-22T19:40:17.8545331Z fi
linux-packages	Run dtolnay/rust-toolchain@stable	2026-09-22T19:40:17.8562404Z shell: /usr/bin/bash --noprofile --norc -e -o pipefail {0}
linux-packages	Run dtolnay/rust-toolchain@stable	2026-09-22T19:40:17.8562580Z env:
linux-packages	Run dtolnay/rust-toolchain@stable	2026-09-22T19:40:17.8562714Z   PNPM_HOME: /home/runner/setup-pnpm/node_modules/.bin
linux-packages	Run dtolnay/rust-toolchain@stable	2026-09-22T19:40:17.8562889Z   CARGO_HOME: /home/runner/.cargo
linux-packages	Run dtolnay/rust-toolchain@stable	2026-09-22T19:40:17.8563024Z ##[endgroup]
linux-packages	Run dtolnay/rust-toolchain@stable	2026-09-22T19:40:17.8593194Z ##[end-action id=__dtolnay_rust-toolchain.__run_2;outcome=success;conclusion=success;duration_ms=6]
linux-packages	Run dtolnay/rust-toolchain@stable	2026-09-22T19:40:17.8594415Z ##[start-action display=Install rustup if needed on windows;id=__dtolnay_rust-toolchain.__run_3]
linux-packages	Run dtolnay/rust-toolchain@stable	2026-09-22T19:40:17.8597281Z ##[end-action id=__dtolnay_rust-toolchain.__run_3;outcome=skipped;conclusion=skipped;duration_ms=0]
linux-packages	Run dtolnay/rust-toolchain@stable	2026-09-22T19:40:17.8603638Z ##[start-action display=rustup toolchain install stable;id=__dtolnay_rust-toolchain.__run_4]
linux-packages	Run dtolnay/rust-toolchain@stable	2026-09-22T19:40:17.8613134Z ##[group]Run rustup toolchain install stable --profile minimal --no-self-update
linux-packages	Run dtolnay/rust-toolchain@stable	2026-09-22T19:40:17.8613430Z rustup toolchain install stable --profile minimal --no-self-update
linux-packages	Run dtolnay/rust-toolchain@stable	2026-09-22T19:40:17.8630556Z shell: /usr/bin/bash --noprofile --norc -e -o pipefail {0}
linux-packages	Run dtolnay/rust-toolchain@stable	2026-09-22T19:40:17.8630734Z env:
linux-packages	Run dtolnay/rust-toolchain@stable	2026-09-22T19:40:17.8630870Z   PNPM_HOME: /home/runner/setup-pnpm/node_modules/.bin
linux-packages	Run dtolnay/rust-toolchain@stable	2026-09-22T19:40:17.8631051Z   CARGO_HOME: /home/runner/.cargo
linux-packages	Run dtolnay/rust-toolchain@stable	2026-09-22T19:40:17.8631192Z   RUSTUP_PERMIT_COPY_RENAME: 1
linux-packages	Run dtolnay/rust-toolchain@stable	2026-09-22T19:40:17.8631324Z ##[endgroup]
linux-packages	Run dtolnay/rust-toolchain@stable	2026-09-22T19:40:18.6302667Z info: syncing channel updates for stable-x86_64-unknown-linux-gnu
linux-packages	Run dtolnay/rust-toolchain@stable	2026-09-22T19:40:18.7707154Z 
linux-packages	Run dtolnay/rust-toolchain@stable	2026-09-22T19:40:18.7756237Z   stable-x86_64-unknown-linux-gnu unchanged - rustc 1.98.1 (48a229cea 2026-09-01)
linux-packages	Run dtolnay/rust-toolchain@stable	2026-09-22T19:40:18.7768546Z 
linux-packages	Run dtolnay/rust-toolchain@stable	2026-09-22T19:40:18.7771789Z ##[end-action id=__dtolnay_rust-toolchain.__run_4;outcome=success;conclusion=success;duration_ms=916]
linux-packages	Run dtolnay/rust-toolchain@stable	2026-09-22T19:40:18.7776226Z ##[start-action display=rustup default stable;id=__dtolnay_rust-toolchain.__run_5]
linux-packages	Run dtolnay/rust-toolchain@stable	2026-09-22T19:40:18.7786953Z ##[group]Run rustup default stable
linux-packages	Run dtolnay/rust-toolchain@stable	2026-09-22T19:40:18.7787144Z rustup default stable
linux-packages	Run dtolnay/rust-toolchain@stable	2026-09-22T19:40:18.7816032Z shell: /usr/bin/bash --noprofile --norc -e -o pipefail {0}
linux-packages	Run dtolnay/rust-toolchain@stable	2026-09-22T19:40:18.7816215Z env:
linux-packages	Run dtolnay/rust-toolchain@stable	2026-09-22T19:40:18.7816354Z   PNPM_HOME: /home/runner/setup-pnpm/node_modules/.bin
linux-packages	Run dtolnay/rust-toolchain@stable	2026-09-22T19:40:18.7816530Z   CARGO_HOME: /home/runner/.cargo
linux-packages	Run dtolnay/rust-toolchain@stable	2026-09-22T19:40:18.7816686Z ##[endgroup]
linux-packages	Run dtolnay/rust-toolchain@stable	2026-09-22T19:40:18.7870865Z info: using existing install for stable-x86_64-unknown-linux-gnu
linux-packages	Run dtolnay/rust-toolchain@stable	2026-09-22T19:40:18.8286761Z info: default toolchain set to stable-x86_64-unknown-linux-gnu
linux-packages	Run dtolnay/rust-toolchain@stable	2026-09-22T19:40:18.8287040Z 
linux-packages	Run dtolnay/rust-toolchain@stable	2026-09-22T19:40:18.8330459Z   stable-x86_64-unknown-linux-gnu unchanged - rustc 1.98.1 (48a229cea 2026-09-01)
linux-packages	Run dtolnay/rust-toolchain@stable	2026-09-22T19:40:18.8330792Z 
linux-packages	Run dtolnay/rust-toolchain@stable	2026-09-22T19:40:18.8339292Z ##[end-action id=__dtolnay_rust-toolchain.__run_5;outcome=success;conclusion=success;duration_ms=56]
linux-packages	Run dtolnay/rust-toolchain@stable	2026-09-22T19:40:18.8340833Z ##[start-action display=Create cachekey;id=__dtolnay_rust-toolchain.rustc-version]
linux-packages	Run dtolnay/rust-toolchain@stable	2026-09-22T19:40:18.8351429Z ##[group]Run DATE=$(rustc +stable --version --verbose | sed -ne 's/^commit-date: \(20[0-9][0-9]\)-\([01][0-9]\)-\([0-3][0-9]\)$/\1\2\3/p')
linux-packages	Run dtolnay/rust-toolchain@stable	2026-09-22T19:40:18.8351873Z DATE=$(rustc +stable --version --verbose | sed -ne 's/^commit-date: \(20[0-9][0-9]\)-\([01][0-9]\)-\([0-3][0-9]\)$/\1\2\3/p')
linux-packages	Run dtolnay/rust-toolchain@stable	2026-09-22T19:40:18.8352283Z HASH=$(rustc +stable --version --verbose | sed -ne 's/^commit-hash: //p')
linux-packages	Run dtolnay/rust-toolchain@stable	2026-09-22T19:40:18.8352545Z echo "cachekey=$(echo $DATE$HASH | head -c12)" >> $GITHUB_OUTPUT
linux-packages	Run dtolnay/rust-toolchain@stable	2026-09-22T19:40:18.8375182Z shell: /usr/bin/bash --noprofile --norc -e -o pipefail {0}
linux-packages	Run dtolnay/rust-toolchain@stable	2026-09-22T19:40:18.8375362Z env:
linux-packages	Run dtolnay/rust-toolchain@stable	2026-09-22T19:40:18.8375502Z   PNPM_HOME: /home/runner/setup-pnpm/node_modules/.bin
linux-packages	Run dtolnay/rust-toolchain@stable	2026-09-22T19:40:18.8375676Z   CARGO_HOME: /home/runner/.cargo
linux-packages	Run dtolnay/rust-toolchain@stable	2026-09-22T19:40:18.8375816Z ##[endgroup]
linux-packages	Run dtolnay/rust-toolchain@stable	2026-09-22T19:40:18.8544445Z ##[end-action id=__dtolnay_rust-toolchain.rustc-version;outcome=success;conclusion=success;duration_ms=20]
linux-packages	Run dtolnay/rust-toolchain@stable	2026-09-22T19:40:18.8546043Z ##[start-action display=Disable incremental compilation;id=__dtolnay_rust-toolchain.__run_6]
linux-packages	Run dtolnay/rust-toolchain@stable	2026-09-22T19:40:18.8573455Z ##[group]Run if [ -z "${CARGO_INCREMENTAL+set}" ]; then
linux-packages	Run dtolnay/rust-toolchain@stable	2026-09-22T19:40:18.8573680Z if [ -z "${CARGO_INCREMENTAL+set}" ]; then
linux-packages	Run dtolnay/rust-toolchain@stable	2026-09-22T19:40:18.8573860Z   echo CARGO_INCREMENTAL=0 >> $GITHUB_ENV
linux-packages	Run dtolnay/rust-toolchain@stable	2026-09-22T19:40:18.8574026Z fi
linux-packages	Run dtolnay/rust-toolchain@stable	2026-09-22T19:40:18.8600503Z shell: /usr/bin/bash --noprofile --norc -e -o pipefail {0}
linux-packages	Run dtolnay/rust-toolchain@stable	2026-09-22T19:40:18.8600682Z env:
linux-packages	Run dtolnay/rust-toolchain@stable	2026-09-22T19:40:18.8600825Z   PNPM_HOME: /home/runner/setup-pnpm/node_modules/.bin
linux-packages	Run dtolnay/rust-toolchain@stable	2026-09-22T19:40:18.8601001Z   CARGO_HOME: /home/runner/.cargo
linux-packages	Run dtolnay/rust-toolchain@stable	2026-09-22T19:40:18.8601140Z ##[endgroup]
linux-packages	Run dtolnay/rust-toolchain@stable	2026-09-22T19:40:18.8633381Z ##[end-action id=__dtolnay_rust-toolchain.__run_6;outcome=success;conclusion=success;duration_ms=8]
linux-packages	Run dtolnay/rust-toolchain@stable	2026-09-22T19:40:18.8634583Z ##[start-action display=Enable colors in Cargo output;id=__dtolnay_rust-toolchain.__run_7]
linux-packages	Run dtolnay/rust-toolchain@stable	2026-09-22T19:40:18.8643577Z ##[group]Run if [ -z "${CARGO_TERM_COLOR+set}" ]; then
linux-packages	Run dtolnay/rust-toolchain@stable	2026-09-22T19:40:18.8643784Z if [ -z "${CARGO_TERM_COLOR+set}" ]; then
linux-packages	Run dtolnay/rust-toolchain@stable	2026-09-22T19:40:18.8643968Z   echo CARGO_TERM_COLOR=always >> $GITHUB_ENV
linux-packages	Run dtolnay/rust-toolchain@stable	2026-09-22T19:40:18.8644125Z fi
linux-packages	Run dtolnay/rust-toolchain@stable	2026-09-22T19:40:18.8660500Z shell: /usr/bin/bash --noprofile --norc -e -o pipefail {0}
linux-packages	Run dtolnay/rust-toolchain@stable	2026-09-22T19:40:18.8660682Z env:
linux-packages	Run dtolnay/rust-toolchain@stable	2026-09-22T19:40:18.8660827Z   PNPM_HOME: /home/runner/setup-pnpm/node_modules/.bin
linux-packages	Run dtolnay/rust-toolchain@stable	2026-09-22T19:40:18.8660999Z   CARGO_HOME: /home/runner/.cargo
linux-packages	Run dtolnay/rust-toolchain@stable	2026-09-22T19:40:18.8661138Z   CARGO_INCREMENTAL: 0
linux-packages	Run dtolnay/rust-toolchain@stable	2026-09-22T19:40:18.8661266Z ##[endgroup]
linux-packages	Run dtolnay/rust-toolchain@stable	2026-09-22T19:40:18.8690643Z ##[end-action id=__dtolnay_rust-toolchain.__run_7;outcome=success;conclusion=success;duration_ms=5]
linux-packages	Run dtolnay/rust-toolchain@stable	2026-09-22T19:40:18.8691804Z ##[start-action display=Enable Cargo sparse registry;id=__dtolnay_rust-toolchain.__run_8]
linux-packages	Run dtolnay/rust-toolchain@stable	2026-09-22T19:40:18.8701314Z ##[group]Run # implemented in 1.66, stabilized in 1.68, made default in 1.70
linux-packages	Run dtolnay/rust-toolchain@stable	2026-09-22T19:40:18.8701590Z # implemented in 1.66, stabilized in 1.68, made default in 1.70
linux-packages	Run dtolnay/rust-toolchain@stable	2026-09-22T19:40:18.8701955Z if [ -z "${CARGO_REGISTRIES_CRATES_IO_PROTOCOL+set}" -o -f "/home/runner/work/_temp"/.implicit_cargo_registries_crates_io_protocol ]; then
linux-packages	Run dtolnay/rust-toolchain@stable	2026-09-22T19:40:18.8702328Z   if rustc +stable --version --verbose | grep -q '^release: 1\.6[89]\.'; then
linux-packages	Run dtolnay/rust-toolchain@stable	2026-09-22T19:40:18.8702623Z     touch "/home/runner/work/_temp"/.implicit_cargo_registries_crates_io_protocol || true
linux-packages	Run dtolnay/rust-toolchain@stable	2026-09-22T19:40:18.8702903Z     echo CARGO_REGISTRIES_CRATES_IO_PROTOCOL=sparse >> $GITHUB_ENV
linux-packages	Run dtolnay/rust-toolchain@stable	2026-09-22T19:40:18.8703175Z   elif rustc +stable --version --verbose | grep -q '^release: 1\.6[67]\.'; then
linux-packages	Run dtolnay/rust-toolchain@stable	2026-09-22T19:40:18.8703466Z     touch "/home/runner/work/_temp"/.implicit_cargo_registries_crates_io_protocol || true
linux-packages	Run dtolnay/rust-toolchain@stable	2026-09-22T19:40:18.8703730Z     echo CARGO_REGISTRIES_CRATES_IO_PROTOCOL=git >> $GITHUB_ENV
linux-packages	Run dtolnay/rust-toolchain@stable	2026-09-22T19:40:18.8703913Z   fi
linux-packages	Run dtolnay/rust-toolchain@stable	2026-09-22T19:40:18.8704019Z fi
linux-packages	Run dtolnay/rust-toolchain@stable	2026-09-22T19:40:18.8720335Z shell: /usr/bin/bash --noprofile --norc -e -o pipefail {0}
linux-packages	Run dtolnay/rust-toolchain@stable	2026-09-22T19:40:18.8720517Z env:
linux-packages	Run dtolnay/rust-toolchain@stable	2026-09-22T19:40:18.8720654Z   PNPM_HOME: /home/runner/setup-pnpm/node_modules/.bin
linux-packages	Run dtolnay/rust-toolchain@stable	2026-09-22T19:40:18.8720825Z   CARGO_HOME: /home/runner/.cargo
linux-packages	Run dtolnay/rust-toolchain@stable	2026-09-22T19:40:18.8720963Z   CARGO_INCREMENTAL: 0
linux-packages	Run dtolnay/rust-toolchain@stable	2026-09-22T19:40:18.8721086Z   CARGO_TERM_COLOR: always
linux-packages	Run dtolnay/rust-toolchain@stable	2026-09-22T19:40:18.8721304Z ##[endgroup]
linux-packages	Run dtolnay/rust-toolchain@stable	2026-09-22T19:40:18.8882078Z ##[end-action id=__dtolnay_rust-toolchain.__run_8;outcome=success;conclusion=success;duration_ms=18]
linux-packages	Run dtolnay/rust-toolchain@stable	2026-09-22T19:40:18.8883744Z ##[start-action display=Work around spurious network errors in curl 8.0;id=__dtolnay_rust-toolchain.__run_9]
linux-packages	Run dtolnay/rust-toolchain@stable	2026-09-22T19:40:18.8894566Z ##[group]Run # https://rust-lang.zulipchat.com/#narrow/stream/246057-t-cargo/topic/timeout.20investigation
linux-packages	Run dtolnay/rust-toolchain@stable	2026-09-22T19:40:18.8894966Z # https://rust-lang.zulipchat.com/#narrow/stream/246057-t-cargo/topic/timeout.20investigation
linux-packages	Run dtolnay/rust-toolchain@stable	2026-09-22T19:40:18.8895280Z if rustc +stable --version --verbose | grep -q '^release: 1\.7[01]\.'; then
linux-packages	Run dtolnay/rust-toolchain@stable	2026-09-22T19:40:18.8895523Z   echo CARGO_HTTP_MULTIPLEXING=false >> $GITHUB_ENV
linux-packages	Run dtolnay/rust-toolchain@stable	2026-09-22T19:40:18.8895691Z fi
linux-packages	Run dtolnay/rust-toolchain@stable	2026-09-22T19:40:18.8919697Z shell: /usr/bin/bash --noprofile --norc -e -o pipefail {0}
linux-packages	Run dtolnay/rust-toolchain@stable	2026-09-22T19:40:18.8919877Z env:
linux-packages	Run dtolnay/rust-toolchain@stable	2026-09-22T19:40:18.8920015Z   PNPM_HOME: /home/runner/setup-pnpm/node_modules/.bin
linux-packages	Run dtolnay/rust-toolchain@stable	2026-09-22T19:40:18.8920200Z   CARGO_HOME: /home/runner/.cargo
linux-packages	Run dtolnay/rust-toolchain@stable	2026-09-22T19:40:18.8920338Z   CARGO_INCREMENTAL: 0
linux-packages	Run dtolnay/rust-toolchain@stable	2026-09-22T19:40:18.8920463Z   CARGO_TERM_COLOR: always
linux-packages	Run dtolnay/rust-toolchain@stable	2026-09-22T19:40:18.8920586Z ##[endgroup]
linux-packages	Run dtolnay/rust-toolchain@stable	2026-09-22T19:40:18.9013251Z ##[end-action id=__dtolnay_rust-toolchain.__run_9;outcome=success;conclusion=success;duration_ms=12]
linux-packages	Run dtolnay/rust-toolchain@stable	2026-09-22T19:40:18.9015454Z ##[start-action display=rustc +stable --version --verbose;id=__dtolnay_rust-toolchain.__run_10]
linux-packages	Run dtolnay/rust-toolchain@stable	2026-09-22T19:40:18.9024702Z ##[group]Run rustc +stable --version --verbose
linux-packages	Run dtolnay/rust-toolchain@stable	2026-09-22T19:40:18.9024898Z rustc +stable --version --verbose
linux-packages	Run dtolnay/rust-toolchain@stable	2026-09-22T19:40:18.9043188Z shell: /usr/bin/bash --noprofile --norc -e -o pipefail {0}
linux-packages	Run dtolnay/rust-toolchain@stable	2026-09-22T19:40:18.9043366Z env:
linux-packages	Run dtolnay/rust-toolchain@stable	2026-09-22T19:40:18.9043510Z   PNPM_HOME: /home/runner/setup-pnpm/node_modules/.bin
linux-packages	Run dtolnay/rust-toolchain@stable	2026-09-22T19:40:18.9043687Z   CARGO_HOME: /home/runner/.cargo
linux-packages	Run dtolnay/rust-toolchain@stable	2026-09-22T19:40:18.9043825Z   CARGO_INCREMENTAL: 0
linux-packages	Run dtolnay/rust-toolchain@stable	2026-09-22T19:40:18.9043948Z   CARGO_TERM_COLOR: always
linux-packages	Run dtolnay/rust-toolchain@stable	2026-09-22T19:40:18.9044087Z ##[endgroup]
linux-packages	Run dtolnay/rust-toolchain@stable	2026-09-22T19:40:18.9127350Z rustc 1.98.1 (48a229cea 2026-09-01)
linux-packages	Run dtolnay/rust-toolchain@stable	2026-09-22T19:40:18.9127637Z binary: rustc
linux-packages	Run dtolnay/rust-toolchain@stable	2026-09-22T19:40:18.9128035Z commit-hash: 48a229ceaefd4985c50990b14116b6d856af0985
linux-packages	Run dtolnay/rust-toolchain@stable	2026-09-22T19:40:18.9128343Z commit-date: 2026-09-01
linux-packages	Run dtolnay/rust-toolchain@stable	2026-09-22T19:40:18.9128584Z host: x86_64-unknown-linux-gnu
linux-packages	Run dtolnay/rust-toolchain@stable	2026-09-22T19:40:18.9128793Z release: 1.98.1
linux-packages	Run dtolnay/rust-toolchain@stable	2026-09-22T19:40:18.9128983Z LLVM version: 22.1.8
linux-packages	Run dtolnay/rust-toolchain@stable	2026-09-22T19:40:18.9136272Z ##[end-action id=__dtolnay_rust-toolchain.__run_10;outcome=success;conclusion=success;duration_ms=12]
linux-packages	Run Swatinem/rust-cache@v2	2026-09-22T19:40:18.9189189Z ##[group]Run Swatinem/rust-cache@v2
linux-packages	Run Swatinem/rust-cache@v2	2026-09-22T19:40:18.9189346Z with:
linux-packages	Run Swatinem/rust-cache@v2	2026-09-22T19:40:18.9189463Z   workspaces: apps/desktop/src-tauri
linux-packages	Run Swatinem/rust-cache@v2	2026-09-22T19:40:18.9189618Z   key: development-linux-packages
linux-packages	Run Swatinem/rust-cache@v2	2026-09-22T19:40:18.9189759Z   prefix-key: v0-rust
linux-packages	Run Swatinem/rust-cache@v2	2026-09-22T19:40:18.9189879Z   add-job-id-key: true
linux-packages	Run Swatinem/rust-cache@v2	2026-09-22T19:40:18.9190008Z   add-rust-environment-hash-key: true
linux-packages	Run Swatinem/rust-cache@v2	2026-09-22T19:40:18.9190150Z   cache-targets: true
linux-packages	Run Swatinem/rust-cache@v2	2026-09-22T19:40:18.9190273Z   cache-all-crates: false
linux-packages	Run Swatinem/rust-cache@v2	2026-09-22T19:40:18.9190409Z   cache-workspace-crates: false
linux-packages	Run Swatinem/rust-cache@v2	2026-09-22T19:40:18.9190538Z   save-if: true
linux-packages	Run Swatinem/rust-cache@v2	2026-09-22T19:40:18.9190649Z   cache-provider: github
linux-packages	Run Swatinem/rust-cache@v2	2026-09-22T19:40:18.9190778Z   cache-bin: true
linux-packages	Run Swatinem/rust-cache@v2	2026-09-22T19:40:18.9190888Z   lookup-only: false
linux-packages	Run Swatinem/rust-cache@v2	2026-09-22T19:40:18.9190999Z   cmd-format: {0}
linux-packages	Run Swatinem/rust-cache@v2	2026-09-22T19:40:18.9191103Z env:
linux-packages	Run Swatinem/rust-cache@v2	2026-09-22T19:40:18.9191232Z   PNPM_HOME: /home/runner/setup-pnpm/node_modules/.bin
linux-packages	Run Swatinem/rust-cache@v2	2026-09-22T19:40:18.9191401Z   CARGO_HOME: /home/runner/.cargo
linux-packages	Run Swatinem/rust-cache@v2	2026-09-22T19:40:18.9191536Z   CARGO_INCREMENTAL: 0
linux-packages	Run Swatinem/rust-cache@v2	2026-09-22T19:40:18.9191669Z   CARGO_TERM_COLOR: always
linux-packages	Run Swatinem/rust-cache@v2	2026-09-22T19:40:18.9191791Z ##[endgroup]
linux-packages	Run Swatinem/rust-cache@v2	2026-09-22T19:40:19.5010959Z ##[group]Cache Configuration
linux-packages	Run Swatinem/rust-cache@v2	2026-09-22T19:40:19.5011433Z Cache Provider:
linux-packages	Run Swatinem/rust-cache@v2	2026-09-22T19:40:19.5011628Z     github
linux-packages	Run Swatinem/rust-cache@v2	2026-09-22T19:40:19.5011802Z Workspaces:
linux-packages	Run Swatinem/rust-cache@v2	2026-09-22T19:40:19.5012155Z     /home/runner/work/execs/execs/apps/desktop/src-tauri
linux-packages	Run Swatinem/rust-cache@v2	2026-09-22T19:40:19.5012439Z Cache Paths:
linux-packages	Run Swatinem/rust-cache@v2	2026-09-22T19:40:19.5012627Z     /home/runner/.cargo/bin
linux-packages	Run Swatinem/rust-cache@v2	2026-09-22T19:40:19.5012865Z     /home/runner/.cargo/.crates.toml
linux-packages	Run Swatinem/rust-cache@v2	2026-09-22T19:40:19.5013117Z     /home/runner/.cargo/.crates2.json
linux-packages	Run Swatinem/rust-cache@v2	2026-09-22T19:40:19.5013363Z     /home/runner/.cargo/registry
linux-packages	Run Swatinem/rust-cache@v2	2026-09-22T19:40:19.5013850Z     /home/runner/.cargo/git
linux-packages	Run Swatinem/rust-cache@v2	2026-09-22T19:40:19.5014118Z     /home/runner/work/execs/execs/apps/desktop/src-tauri/target
linux-packages	Run Swatinem/rust-cache@v2	2026-09-22T19:40:19.5014303Z Restore Key:
linux-packages	Run Swatinem/rust-cache@v2	2026-09-22T19:40:19.5014513Z     v0-rust-development-linux-packages-linux-packages-Linux-x64-6ff13d87
linux-packages	Run Swatinem/rust-cache@v2	2026-09-22T19:40:19.5014730Z Cache Key:
linux-packages	Run Swatinem/rust-cache@v2	2026-09-22T19:40:19.5015064Z     v0-rust-development-linux-packages-linux-packages-Linux-x64-6ff13d87-35576014
linux-packages	Run Swatinem/rust-cache@v2	2026-09-22T19:40:19.5015459Z .. Prefix:
linux-packages	Run Swatinem/rust-cache@v2	2026-09-22T19:40:19.5015747Z   - v0-rust-development-linux-packages-linux-packages-Linux-x64
linux-packages	Run Swatinem/rust-cache@v2	2026-09-22T19:40:19.5016123Z .. Environment considered:
linux-packages	Run Swatinem/rust-cache@v2	2026-09-22T19:40:19.5016328Z   - Rust Versions:
linux-packages	Run Swatinem/rust-cache@v2	2026-09-22T19:40:19.5016555Z     - 1.98.1 x86_64-unknown-linux-gnu 48a229ceaefd4985c50990b14116b6d856af0985
linux-packages	Run Swatinem/rust-cache@v2	2026-09-22T19:40:19.5016754Z   - CARGO_HOME
linux-packages	Run Swatinem/rust-cache@v2	2026-09-22T19:40:19.5016866Z   - CARGO_INCREMENTAL
linux-packages	Run Swatinem/rust-cache@v2	2026-09-22T19:40:19.5016989Z   - CARGO_TERM_COLOR
linux-packages	Run Swatinem/rust-cache@v2	2026-09-22T19:40:19.5017121Z .. Lockfiles considered:
linux-packages	Run Swatinem/rust-cache@v2	2026-09-22T19:40:19.5017281Z   - /home/runner/work/execs/execs/.cargo/config.toml
linux-packages	Run Swatinem/rust-cache@v2	2026-09-22T19:40:19.5017513Z   - /home/runner/work/execs/execs/apps/desktop/src-tauri/Cargo.lock
linux-packages	Run Swatinem/rust-cache@v2	2026-09-22T19:40:19.5017757Z   - /home/runner/work/execs/execs/apps/desktop/src-tauri/Cargo.toml
linux-packages	Run Swatinem/rust-cache@v2	2026-09-22T19:40:19.5018136Z   - /home/runner/work/execs/execs/apps/desktop/src-tauri/core/Cargo.toml
linux-packages	Run Swatinem/rust-cache@v2	2026-09-22T19:40:19.5018416Z ##[endgroup]
linux-packages	Run Swatinem/rust-cache@v2	2026-09-22T19:40:19.5018485Z 
linux-packages	Run Swatinem/rust-cache@v2	2026-09-22T19:40:19.5018551Z ... Restoring cache ...
linux-packages	Run Swatinem/rust-cache@v2	2026-09-22T19:40:19.7691629Z No cache found.
linux-packages	Run pnpm install --frozen-lockfile	2026-09-22T19:40:19.7756492Z ##[group]Run pnpm install --frozen-lockfile
linux-packages	Run pnpm install --frozen-lockfile	2026-09-22T19:40:19.7756709Z pnpm install --frozen-lockfile
linux-packages	Run pnpm install --frozen-lockfile	2026-09-22T19:40:19.7786058Z shell: /usr/bin/bash -e {0}
linux-packages	Run pnpm install --frozen-lockfile	2026-09-22T19:40:19.7786196Z env:
linux-packages	Run pnpm install --frozen-lockfile	2026-09-22T19:40:19.7786334Z   PNPM_HOME: /home/runner/setup-pnpm/node_modules/.bin
linux-packages	Run pnpm install --frozen-lockfile	2026-09-22T19:40:19.7786512Z   CARGO_HOME: /home/runner/.cargo
linux-packages	Run pnpm install --frozen-lockfile	2026-09-22T19:40:19.7786653Z   CARGO_INCREMENTAL: 0
linux-packages	Run pnpm install --frozen-lockfile	2026-09-22T19:40:19.7786776Z   CARGO_TERM_COLOR: always
linux-packages	Run pnpm install --frozen-lockfile	2026-09-22T19:40:19.7786904Z   CACHE_ON_FAILURE: false
linux-packages	Run pnpm install --frozen-lockfile	2026-09-22T19:40:19.7787041Z ##[endgroup]
linux-packages	Run pnpm install --frozen-lockfile	2026-09-22T19:40:20.0011905Z Scope: all 3 workspace projects
linux-packages	Run pnpm install --frozen-lockfile	2026-09-22T19:40:20.0191819Z Lockfile is up to date, resolution step is skipped
linux-packages	Run pnpm install --frozen-lockfile	2026-09-22T19:40:20.0511483Z Packages: +193
linux-packages	Run pnpm install --frozen-lockfile	2026-09-22T19:40:20.0512321Z ++++++++++++++++++++++++++++++++++++++++++++++++++++++++++++++++++++++++++++++++
linux-packages	Run pnpm install --frozen-lockfile	2026-09-22T19:40:20.0794472Z Progress: resolved 0, reused 1, downloaded 0, added 0
linux-packages	Run pnpm install --frozen-lockfile	2026-09-22T19:40:20.3965516Z Progress: resolved 0, reused 193, downloaded 0, added 193, done
linux-packages	Run pnpm install --frozen-lockfile	2026-09-22T19:40:20.7714535Z 
linux-packages	Run pnpm install --frozen-lockfile	2026-09-22T19:40:20.7866647Z Done in 990ms using pnpm v9.15.9
linux-packages	Test package harness and data boundaries	2026-09-22T19:40:20.7979844Z ##[group]Run node --test scripts/development-package-*.test.mjs scripts/package-smoke-fixture.test.mjs scripts/release-guards.test.mjs
linux-packages	Test package harness and data boundaries	2026-09-22T19:40:20.7980356Z node --test scripts/development-package-*.test.mjs scripts/package-smoke-fixture.test.mjs scripts/release-guards.test.mjs
linux-packages	Test package harness and data boundaries	2026-09-22T19:40:20.8009320Z shell: /usr/bin/bash -e {0}
linux-packages	Test package harness and data boundaries	2026-09-22T19:40:20.8009474Z env:
linux-packages	Test package harness and data boundaries	2026-09-22T19:40:20.8009611Z   PNPM_HOME: /home/runner/setup-pnpm/node_modules/.bin
linux-packages	Test package harness and data boundaries	2026-09-22T19:40:20.8009787Z   CARGO_HOME: /home/runner/.cargo
linux-packages	Test package harness and data boundaries	2026-09-22T19:40:20.8009928Z   CARGO_INCREMENTAL: 0
linux-packages	Test package harness and data boundaries	2026-09-22T19:40:20.8010051Z   CARGO_TERM_COLOR: always
linux-packages	Test package harness and data boundaries	2026-09-22T19:40:20.8010180Z   CACHE_ON_FAILURE: false
linux-packages	Test package harness and data boundaries	2026-09-22T19:40:20.8010304Z ##[endgroup]
linux-packages	Test package harness and data boundaries	2026-09-22T19:40:22.3359921Z ✔ development fixture retains tagged payloads and adds a fully private Linux environment (17.574083ms)
linux-packages	Test package harness and data boundaries	2026-09-22T19:40:22.3366625Z ✔ export proof validates the exact portable metadata and all four bounded payloads (56.571112ms)
linux-packages	Test package harness and data boundaries	2026-09-22T19:40:22.3367409Z ✔ inspector reads the unchanged actual v0.1.8 exporter archive (44.042929ms)
linux-packages	Test package harness and data boundaries	2026-09-22T19:40:22.3370960Z ✔ modeled import remains inactive, switch selects its UUID, restart preserves every byte (63.497408ms)
linux-packages	Test package harness and data boundaries	2026-09-22T19:40:22.3371898Z ✔ original profile metadata, settings, live bytes and shared blobs are never normalized away (205.328952ms)
linux-packages	Test package harness and data boundaries	2026-09-22T19:40:22.3373106Z ✔ import rejects auto-activation, extra profiles and inherited HUD/preloader/cloud state (326.172075ms)
linux-packages	Test package harness and data boundaries	2026-09-22T19:40:22.3374032Z ✔ switch rejects changed library bytes and restart rejects even semantic-only metadata rewrites (109.254913ms)
linux-packages	Test package harness and data boundaries	2026-09-22T19:40:22.3374953Z ✔ empty incoming container is allowed only post-import; staged contents and journals fail (165.010044ms)
linux-packages	Test package harness and data boundaries	2026-09-22T19:40:22.3375862Z ✔ archive inspection refuses changed metadata/payload, traversal, duplicate and oversized members (410.403827ms)
linux-packages	Test package harness and data boundaries	2026-09-22T19:40:22.3376770Z ✔ archive replacement, alternate Save destination and proof from another case are refused (40.835216ms)
linux-packages	Test package harness and data boundaries	2026-09-22T19:40:22.3377677Z ✔ all Steam candidates, dangling discovery ancestors and linked library paths are refused (33.162861ms)
linux-packages	Test package harness and data boundaries	2026-09-22T19:40:22.3418302Z ✔ development host gate rejects player hosts, tags, forks and signing secrets before work (1.700495ms)
linux-packages	Test package harness and data boundaries	2026-09-22T19:40:22.3419135Z ✔ unsigned configuration is a fresh contained file and cannot reuse or redirect a destination (4.320145ms)
linux-packages	Test package harness and data boundaries	2026-09-22T19:40:22.3419928Z ✔ development version rehearsal uses actual repository history without changing it (114.762141ms)
linux-packages	Test package harness and data boundaries	2026-09-22T19:40:22.3420677Z ✔ public package selection binds exact version, public state, signature and asset origin (4.84785ms)
linux-packages	Test package harness and data boundaries	2026-09-22T19:40:22.3421429Z ✔ package authenticity refuses tampered downloaded bytes before any executable use (4.118281ms)
linux-packages	Test package harness and data boundaries	2026-09-22T19:40:22.3422123Z ✔ GTK dialog selection refuses a foreign PID, ambiguous window or different title (0.297769ms)
linux-packages	Test package harness and data boundaries	2026-09-22T19:40:22.3422751Z ✔ configuration entrypoint refuses a local host before creating any file (29.536122ms)
linux-packages	Test package harness and data boundaries	2026-09-22T19:40:22.3423392Z ✔ runtime entrypoint refuses a player host before package or native commands (35.110108ms)
linux-packages	Test package harness and data boundaries	2026-09-22T19:40:22.3424082Z ✔ candidate and process selection refuses ambiguity, wrong revision and player processes (0.751403ms)
linux-packages	Test package harness and data boundaries	2026-09-22T19:40:22.3424783Z ✔ normal AppImage identity requires its exact private read-only FUSE mount (1.583208ms)
linux-packages	Test package harness and data boundaries	2026-09-22T19:40:22.3425511Z ✔ failed native work retains its original failure and still detects post-cleanup corruption (1.216004ms)
linux-packages	Test package harness and data boundaries	2026-09-22T19:40:22.3426400Z ✔ successful native work cannot mask cleanup, comparison or evidence-write failure (1.440822ms)
linux-packages	Test package harness and data boundaries	2026-09-22T19:40:22.3427059Z ✔ driver cleanup reports an unexplained close failure without a native process (0.450259ms)
linux-packages	Test package harness and data boundaries	2026-09-22T19:40:22.3427710Z ✔ package fixture retains tagged v0.1.8 cfg and valid Source VPK bytes with provenance (9.447196ms)
linux-packages	Test package harness and data boundaries	2026-09-22T19:40:22.3428577Z ✔ package fixture covers Windows and Linux data roots without inheriting host settings (5.638343ms)
linux-packages	Test package harness and data boundaries	2026-09-22T19:40:22.3429466Z ✔ package fixture refuses scratch reuse and a stale previous-public baseline (2.524407ms)
linux-packages	Test package harness and data boundaries	2026-09-22T19:40:22.3430145Z ✔ preservation fails on independent corruption of active, inactive, and shared payloads (101.129108ms)
linux-packages	Test package harness and data boundaries	2026-09-22T19:40:22.3430816Z ✔ preservation fails on deletion, new files, and unfinished recovery journals (10.640716ms)
linux-packages	Test package harness and data boundaries	2026-09-22T19:40:22.3431528Z ✔ preservation fails on lost active identity, deleted profiles, launch options or HUD options (22.749833ms)
linux-packages	Test package harness and data boundaries	2026-09-22T19:40:22.3432270Z ✔ preservation tolerates only documented additive defaults and harmless JSON formatting (6.029898ms)
linux-packages	Test package harness and data boundaries	2026-09-22T19:40:22.3433033Z ✔ preservation does not accept new preloader selections, arbitrary metadata or false sync success (14.900696ms)
linux-packages	Test package harness and data boundaries	2026-09-22T19:40:22.3433773Z ✔ preservation rejects changed confirmed root and changes to the synthetic live install (10.760107ms)
linux-packages	Test package harness and data boundaries	2026-09-22T19:40:22.3434424Z ✔ preservation refuses linked library directories rather than following them (3.493779ms)
linux-packages	Test package harness and data boundaries	2026-09-22T19:40:22.3435074Z ✔ Steam isolation guards cover native, Flatpak, Snap and XDG discovery paths (2.64584ms)
linux-packages	Test package harness and data boundaries	2026-09-22T19:40:22.3435711Z ✔ Minisign verification rejects changed bytes, signatures, keys and comments (4.349169ms)
linux-packages	Test package harness and data boundaries	2026-09-22T19:40:22.3436309Z ✔ release validation binds signatures to both assets and their release (3.370053ms)
linux-packages	Test package harness and data boundaries	2026-09-22T19:40:22.3437103Z ✔ draft URL identity accepts its stable signed API assets and refuses temporary feed URLs (1.531179ms)
linux-packages	Test package harness and data boundaries	2026-09-22T19:40:22.3437792Z ✔ previous installers use actual published asset names with literal or sanitized revisions (0.487815ms)
linux-packages	Test package harness and data boundaries	2026-09-22T19:40:22.3438586Z ✔ stable hotfix versions accept only canonical positive bounded numeric revisions (0.430989ms)
linux-packages	Test package harness and data boundaries	2026-09-22T19:40:22.3439285Z ✔ a hotfix requires its own exact tag, four source versions and substantive changelog section (9.160024ms)
linux-packages	Test package harness and data boundaries	2026-09-22T19:40:22.3439968Z ✔ updater history selects the immediately preceding stable release or numeric hotfix (2.279607ms)
linux-packages	Test package harness and data boundaries	2026-09-22T19:40:22.3440645Z ✔ repository release history selects the public version used by the package fixture (0.680487ms)
linux-packages	Test package harness and data boundaries	2026-09-22T19:40:22.3441384Z ✔ signed hotfix assets accept literal or encoded plus URLs and reject original-release substitutions (3.240423ms)
linux-packages	Test package harness and data boundaries	2026-09-22T19:40:22.3442030Z ✔ all product versions, the tag and substantive notes must agree (42.896344ms)
linux-packages	Test package harness and data boundaries	2026-09-22T19:40:22.3442640Z ✔ package smoke derives and passes the immediately previous changelog release (0.298921ms)
linux-packages	Test package harness and data boundaries	2026-09-22T19:40:22.3443198Z ✔ release workflow always waits for the reusable CI gate (0.301625ms)
linux-packages	Test package harness and data boundaries	2026-09-22T19:40:22.3443758Z ✔ release candidates and tag builds share a product-tag concurrency lock (0.223247ms)
linux-packages	Test package harness and data boundaries	2026-09-22T19:40:22.3444125Z ℹ tests 48
linux-packages	Test package harness and data boundaries	2026-09-22T19:40:22.3444307Z ℹ suites 0
linux-packages	Test package harness and data boundaries	2026-09-22T19:40:22.3444481Z ℹ pass 48
linux-packages	Test package harness and data boundaries	2026-09-22T19:40:22.3444651Z ℹ fail 0
linux-packages	Test package harness and data boundaries	2026-09-22T19:40:22.3444830Z ℹ cancelled 0
linux-packages	Test package harness and data boundaries	2026-09-22T19:40:22.3445013Z ℹ skipped 0
linux-packages	Test package harness and data boundaries	2026-09-22T19:40:22.3445183Z ℹ todo 0
linux-packages	Test package harness and data boundaries	2026-09-22T19:40:22.3445382Z ℹ duration_ms 1520.109694
linux-packages	Verify packaged notices	2026-09-22T19:40:22.3482289Z ##[group]Run node scripts/third-party-notices.mjs --check
linux-packages	Verify packaged notices	2026-09-22T19:40:22.3482654Z node scripts/third-party-notices.mjs --check
linux-packages	Verify packaged notices	2026-09-22T19:40:22.3482946Z python3 scripts/linux-notices.py
linux-packages	Verify packaged notices	2026-09-22T19:40:22.3519066Z shell: /usr/bin/bash -e {0}
linux-packages	Verify packaged notices	2026-09-22T19:40:22.3519221Z env:
linux-packages	Verify packaged notices	2026-09-22T19:40:22.3519368Z   PNPM_HOME: /home/runner/setup-pnpm/node_modules/.bin
linux-packages	Verify packaged notices	2026-09-22T19:40:22.3519562Z   CARGO_HOME: /home/runner/.cargo
linux-packages	Verify packaged notices	2026-09-22T19:40:22.3519703Z   CARGO_INCREMENTAL: 0
linux-packages	Verify packaged notices	2026-09-22T19:40:22.3519825Z   CARGO_TERM_COLOR: always
linux-packages	Verify packaged notices	2026-09-22T19:40:22.3519953Z   CACHE_ON_FAILURE: false
linux-packages	Verify packaged notices	2026-09-22T19:40:22.3520076Z ##[endgroup]
linux-packages	Verify packaged notices	2026-09-22T19:40:24.9712922Z     Updating crates.io index
linux-packages	Verify packaged notices	2026-09-22T19:40:24.9713365Z  Downloading crates ...
linux-packages	Verify packaged notices	2026-09-22T19:40:24.9713677Z   Downloaded adler2 v2.0.1
linux-packages	Verify packaged notices	2026-09-22T19:40:24.9713983Z   Downloaded bit-set v0.8.0
linux-packages	Verify packaged notices	2026-09-22T19:40:24.9714185Z   Downloaded cesu8 v1.1.0
linux-packages	Verify packaged notices	2026-09-22T19:40:24.9714443Z   Downloaded cfg_aliases v0.2.2
linux-packages	Verify packaged notices	2026-09-22T19:40:24.9714637Z   Downloaded autocfg v1.5.1
linux-packages	Verify packaged notices	2026-09-22T19:40:24.9714835Z   Downloaded dtoa-short v0.3.5
linux-packages	Verify packaged notices	2026-09-22T19:40:24.9715051Z   Downloaded cargo_metadata v0.19.2
linux-packages	Verify packaged notices	2026-09-22T19:40:24.9715256Z   Downloaded cfg-if v1.0.4
linux-packages	Verify packaged notices	2026-09-22T19:40:24.9715487Z   Downloaded foreign-types-shared v0.3.1
linux-packages	Verify packaged notices	2026-09-22T19:40:24.9715706Z   Downloaded enumflags2 v0.7.12
linux-packages	Verify packaged notices	2026-09-22T19:40:24.9715897Z   Downloaded bit-vec v0.8.0
linux-packages	Verify packaged notices	2026-09-22T19:40:24.9716090Z   Downloaded cargo_toml v0.22.3
linux-packages	Verify packaged notices	2026-09-22T19:40:24.9716281Z   Downloaded cfg-expr v0.15.8
linux-packages	Verify packaged notices	2026-09-22T19:40:24.9716473Z   Downloaded chacha20 v0.10.2
linux-packages	Verify packaged notices	2026-09-22T19:40:24.9716657Z   Downloaded cfb v0.7.3
linux-packages	Verify packaged notices	2026-09-22T19:40:24.9716857Z   Downloaded crossbeam-deque v0.8.7
linux-packages	Verify packaged notices	2026-09-22T19:40:24.9717055Z   Downloaded base64 v0.21.7
linux-packages	Verify packaged notices	2026-09-22T19:40:24.9717240Z   Downloaded base64 v0.22.1
linux-packages	Verify packaged notices	2026-09-22T19:40:24.9717422Z   Downloaded cc v1.4.4
linux-packages	Verify packaged notices	2026-09-22T19:40:24.9717631Z   Downloaded brotli-decompressor v5.0.3
linux-packages	Verify packaged notices	2026-09-22T19:40:24.9717946Z   Downloaded combine v4.6.8
linux-packages	Verify packaged notices	2026-09-22T19:40:24.9718136Z   Downloaded camino v1.2.5
linux-packages	Verify packaged notices	2026-09-22T19:40:24.9718649Z   Downloaded crypto-common v0.1.7
linux-packages	Verify packaged notices	2026-09-22T19:40:24.9718847Z   Downloaded chrono v0.4.45
linux-packages	Verify packaged notices	2026-09-22T19:40:24.9719037Z   Downloaded crc32fast v1.5.1
linux-packages	Verify packaged notices	2026-09-22T19:40:24.9719230Z   Downloaded dirs-sys v0.5.0
linux-packages	Verify packaged notices	2026-09-22T19:40:24.9719433Z   Downloaded dlopen2_derive v0.4.3
linux-packages	Verify packaged notices	2026-09-22T19:40:24.9719631Z   Downloaded endi v1.1.1
linux-packages	Verify packaged notices	2026-09-22T19:40:24.9719837Z   Downloaded find-msvc-tools v0.1.11
linux-packages	Verify packaged notices	2026-09-22T19:40:24.9720049Z   Downloaded version_check v0.9.5
linux-packages	Verify packaged notices	2026-09-22T19:40:24.9720240Z   Downloaded ctor v0.8.0
linux-packages	Verify packaged notices	2026-09-22T19:40:24.9720440Z   Downloaded defmt-parser v1.0.0
linux-packages	Verify packaged notices	2026-09-22T19:40:24.9720650Z   Downloaded darling_core v0.23.0
linux-packages	Verify packaged notices	2026-09-22T19:40:24.9720851Z   Downloaded block-buffer v0.10.4
linux-packages	Verify packaged notices	2026-09-22T19:40:24.9721059Z   Downloaded core-graphics v0.25.0
linux-packages	Verify packaged notices	2026-09-22T19:40:24.9721272Z   Downloaded embed-resource v3.0.11
linux-packages	Verify packaged notices	2026-09-22T19:40:24.9721486Z   Downloaded cargo-platform v0.1.9
linux-packages	Verify packaged notices	2026-09-22T19:40:24.9721708Z   Downloaded core-foundation-sys v0.8.7
linux-packages	Verify packaged notices	2026-09-22T19:40:24.9722086Z   Downloaded derive_more v2.1.1
linux-packages	Verify packaged notices	2026-09-22T19:40:24.9722418Z   Downloaded form_urlencoded v1.2.2
linux-packages	Verify packaged notices	2026-09-22T19:40:24.9722763Z   Downloaded foreign-types v0.5.0
linux-packages	Verify packaged notices	2026-09-22T19:40:24.9723012Z   Downloaded core-foundation v0.10.1
linux-packages	Verify packaged notices	2026-09-22T19:40:24.9723212Z   Downloaded dunce v1.0.5
linux-packages	Verify packaged notices	2026-09-22T19:40:24.9723411Z   Downloaded cairo-sys-rs v0.18.2
linux-packages	Verify packaged notices	2026-09-22T19:40:24.9723611Z   Downloaded darling v0.23.0
linux-packages	Verify packaged notices	2026-09-22T19:40:24.9723955Z   Downloaded filetime v0.2.29
linux-packages	Verify packaged notices	2026-09-22T19:40:24.9724155Z   Downloaded erased-serde v0.4.10
linux-packages	Verify packaged notices	2026-09-22T19:40:24.9724351Z   Downloaded dirs v6.0.0
linux-packages	Verify packaged notices	2026-09-22T19:40:24.9724540Z   Downloaded displaydoc v0.2.7
linux-packages	Verify packaged notices	2026-09-22T19:40:24.9724729Z   Downloaded dtor v0.3.0
linux-packages	Verify packaged notices	2026-09-22T19:40:24.9724940Z   Downloaded cssparser-macros v0.6.1
linux-packages	Verify packaged notices	2026-09-22T19:40:24.9725136Z   Downloaded osakit v0.3.1
linux-packages	Verify packaged notices	2026-09-22T19:40:24.9725332Z   Downloaded cpufeatures v0.2.17
linux-packages	Verify packaged notices	2026-09-22T19:40:24.9725533Z   Downloaded dyn-clone v1.0.20
linux-packages	Verify packaged notices	2026-09-22T19:40:24.9725721Z   Downloaded errno v0.3.14
linux-packages	Verify packaged notices	2026-09-22T19:40:24.9725913Z   Downloaded field-offset v0.3.6
linux-packages	Verify packaged notices	2026-09-22T19:40:24.9726103Z   Downloaded dpi v0.1.2
linux-packages	Verify packaged notices	2026-09-22T19:40:24.9726295Z   Downloaded embed_plist v1.2.2
linux-packages	Verify packaged notices	2026-09-22T19:40:24.9726491Z   Downloaded equivalent v1.0.2
linux-packages	Verify packaged notices	2026-09-22T19:40:24.9726690Z   Downloaded byteorder v1.5.0
linux-packages	Verify packaged notices	2026-09-22T19:40:24.9726879Z   Downloaded dtoa v1.0.11
linux-packages	Verify packaged notices	2026-09-22T19:40:24.9727082Z   Downloaded concurrent-queue v2.5.0
linux-packages	Verify packaged notices	2026-09-22T19:40:24.9727280Z   Downloaded cookie v0.18.2
linux-packages	Verify packaged notices	2026-09-22T19:40:24.9727471Z   Downloaded num-conv v0.2.2
linux-packages	Verify packaged notices	2026-09-22T19:40:24.9727706Z   Downloaded objc2-user-notifications v0.3.2
linux-packages	Verify packaged notices	2026-09-22T19:40:24.9728053Z   Downloaded cpufeatures v0.3.1
linux-packages	Verify packaged notices	2026-09-22T19:40:24.9728258Z   Downloaded darling_macro v0.23.0
linux-packages	Verify packaged notices	2026-09-22T19:40:24.9728466Z   Downloaded openssl-probe v0.2.1
linux-packages	Verify packaged notices	2026-09-22T19:40:24.9728664Z   Downloaded option-ext v0.2.0
linux-packages	Verify packaged notices	2026-09-22T19:40:24.9728875Z   Downloaded enumflags2_derive v0.7.12
linux-packages	Verify packaged notices	2026-09-22T19:40:24.9729112Z   Downloaded event-listener-strategy v0.5.4
linux-packages	Verify packaged notices	2026-09-22T19:40:24.9729318Z   Downloaded fnv v1.0.7
linux-packages	Verify packaged notices	2026-09-22T19:40:24.9729503Z   Downloaded foldhash v0.2.0
linux-packages	Verify packaged notices	2026-09-22T19:40:24.9729722Z   Downloaded core-graphics-types v0.2.0
linux-packages	Verify packaged notices	2026-09-22T19:40:24.9729940Z   Downloaded derive_arbitrary v1.4.2
linux-packages	Verify packaged notices	2026-09-22T19:40:24.9730152Z   Downloaded dtor-proc-macro v0.0.6
linux-packages	Verify packaged notices	2026-09-22T19:40:24.9730351Z   Downloaded typeid v1.0.3
linux-packages	Verify packaged notices	2026-09-22T19:40:24.9730630Z   Downloaded foreign-types-macros v0.2.4
linux-packages	Verify packaged notices	2026-09-22T19:40:24.9730846Z   Downloaded unic-char-range v0.9.0
linux-packages	Verify packaged notices	2026-09-22T19:40:24.9731058Z   Downloaded ctor-proc-macro v0.0.7
linux-packages	Verify packaged notices	2026-09-22T19:40:24.9731277Z   Downloaded webview2-com-macros v0.8.1
linux-packages	Verify packaged notices	2026-09-22T19:40:24.9731479Z   Downloaded either v1.18.0
linux-packages	Verify packaged notices	2026-09-22T19:40:24.9731699Z   Downloaded objc2-exception-helper v0.1.1
linux-packages	Verify packaged notices	2026-09-22T19:40:24.9732005Z   Downloaded objc2-core-location v0.3.2
linux-packages	Verify packaged notices	2026-09-22T19:40:24.9732361Z   Downloaded windows-implement v0.60.2
linux-packages	Verify packaged notices	2026-09-22T19:40:24.9732696Z   Downloaded bitflags v1.3.2
linux-packages	Verify packaged notices	2026-09-22T19:40:24.9733014Z   Downloaded blocking v1.7.0
linux-packages	Verify packaged notices	2026-09-22T19:40:24.9733320Z   Downloaded bs58 v0.5.1
linux-packages	Verify packaged notices	2026-09-22T19:40:24.9733627Z   Downloaded cssparser v0.36.0
linux-packages	Verify packaged notices	2026-09-22T19:40:24.9733944Z   Downloaded defmt v1.1.1
linux-packages	Verify packaged notices	2026-09-22T19:40:24.9734271Z   Downloaded defmt-macros v1.1.1
linux-packages	Verify packaged notices	2026-09-22T19:40:24.9734559Z   Downloaded deranged v0.5.8
linux-packages	Verify packaged notices	2026-09-22T19:40:24.9734752Z   Downloaded digest v0.10.7
linux-packages	Verify packaged notices	2026-09-22T19:40:24.9734942Z   Downloaded dispatch2 v0.3.1
linux-packages	Verify packaged notices	2026-09-22T19:40:24.9735147Z   Downloaded event-listener v5.4.2
linux-packages	Verify packaged notices	2026-09-22T19:40:24.9735346Z   Downloaded fastrand v2.5.0
linux-packages	Verify packaged notices	2026-09-22T19:40:24.9735533Z   Downloaded fdeflate v0.3.7
linux-packages	Verify packaged notices	2026-09-22T19:40:24.9735723Z   Downloaded num_enum v0.7.6
linux-packages	Verify packaged notices	2026-09-22T19:40:24.9735914Z   Downloaded urlpattern v0.3.0
linux-packages	Verify packaged notices	2026-09-22T19:40:24.9736162Z   Downloaded want v0.3.1
linux-packages	Verify packaged notices	2026-09-22T19:40:24.9736485Z   Downloaded wasi v0.11.1+wasi-snapshot-preview1
linux-packages	Verify packaged notices	2026-09-22T19:40:24.9736712Z   Downloaded bytemuck v1.25.2
linux-packages	Verify packaged notices	2026-09-22T19:40:24.9736922Z   Downloaded crossbeam-epoch v0.9.20
linux-packages	Verify packaged notices	2026-09-22T19:40:24.9737136Z   Downloaded crossbeam-utils v0.8.22
linux-packages	Verify packaged notices	2026-09-22T19:40:24.9737333Z   Downloaded dbus v0.9.12
linux-packages	Verify packaged notices	2026-09-22T19:40:24.9737526Z   Downloaded dlopen2 v0.8.2
linux-packages	Verify packaged notices	2026-09-22T19:40:24.9737723Z   Downloaded wasm-streams v0.5.0
linux-packages	Verify packaged notices	2026-09-22T19:40:24.9738323Z   Downloaded bitflags v2.13.1
linux-packages	Verify packaged notices	2026-09-22T19:40:24.9738518Z   Downloaded block2 v0.6.2
linux-packages	Verify packaged notices	2026-09-22T19:40:24.9738717Z   Downloaded objc2-osa-kit v0.3.2
linux-packages	Verify packaged notices	2026-09-22T19:40:24.9738923Z   Downloaded rustc_version v0.4.1
linux-packages	Verify packaged notices	2026-09-22T19:40:24.9739129Z   Downloaded unicode-ident v1.0.24
linux-packages	Verify packaged notices	2026-09-22T19:40:24.9739375Z   Downloaded objc2-quartz-core v0.3.2
linux-packages	Verify packaged notices	2026-09-22T19:40:24.9739589Z   Downloaded ordered-stream v0.2.0
linux-packages	Verify packaged notices	2026-09-22T19:40:24.9739794Z   Downloaded cairo-rs v0.18.5
linux-packages	Verify packaged notices	2026-09-22T19:40:24.9739991Z   Downloaded dom_query v0.27.0
linux-packages	Verify packaged notices	2026-09-22T19:40:24.9740184Z   Downloaded webkit2gtk v2.0.2
linux-packages	Verify packaged notices	2026-09-22T19:40:24.9740387Z   Downloaded windows-result v0.1.2
linux-packages	Verify packaged notices	2026-09-22T19:40:24.9740593Z   Downloaded async-lock v3.4.2
linux-packages	Verify packaged notices	2026-09-22T19:40:24.9740781Z   Downloaded bytes v1.12.1
linux-packages	Verify packaged notices	2026-09-22T19:40:24.9740986Z   Downloaded crossbeam-channel v0.5.16
linux-packages	Verify packaged notices	2026-09-22T19:40:24.9741187Z   Downloaded flate2 v1.1.10
linux-packages	Verify packaged notices	2026-09-22T19:40:24.9741393Z   Downloaded futures-channel v0.3.34
linux-packages	Verify packaged notices	2026-09-22T19:40:24.9741595Z   Downloaded piper v0.2.5
linux-packages	Verify packaged notices	2026-09-22T19:40:24.9741794Z   Downloaded num_enum_derive v0.7.6
linux-packages	Verify packaged notices	2026-09-22T19:40:24.9742010Z   Downloaded objc2-io-surface v0.3.2
linux-packages	Verify packaged notices	2026-09-22T19:40:24.9742206Z   Downloaded muda v0.19.3
linux-packages	Verify packaged notices	2026-09-22T19:40:24.9742421Z   Downloaded objc2-encode v4.1.0
linux-packages	Verify packaged notices	2026-09-22T19:40:24.9742642Z   Downloaded webview2-com v0.38.2
linux-packages	Verify packaged notices	2026-09-22T19:40:24.9742857Z   Downloaded windows-interface v0.57.0
linux-packages	Verify packaged notices	2026-09-22T19:40:24.9743076Z   Downloaded windows-targets v0.53.5
linux-packages	Verify packaged notices	2026-09-22T19:40:24.9743486Z   Downloaded anyhow v1.0.104
linux-packages	Verify packaged notices	2026-09-22T19:40:24.9743854Z   Downloaded zbus_macros v5.19.0
linux-packages	Verify packaged notices	2026-09-22T19:40:24.9744139Z   Downloaded bumpalo v3.20.3
linux-packages	Verify packaged notices	2026-09-22T19:40:24.9744439Z   Downloaded derive_more-impl v2.1.1
linux-packages	Verify packaged notices	2026-09-22T19:40:24.9744740Z   Downloaded once_cell v1.21.4
linux-packages	Verify packaged notices	2026-09-22T19:40:24.9745024Z   Downloaded open v5.4.2
linux-packages	Verify packaged notices	2026-09-22T19:40:24.9745315Z   Downloaded async-recursion v1.1.1
linux-packages	Verify packaged notices	2026-09-22T19:40:24.9745629Z   Downloaded num-traits v0.2.19
linux-packages	Verify packaged notices	2026-09-22T19:40:24.9745918Z   Downloaded winreg v0.52.0
linux-packages	Verify packaged notices	2026-09-22T19:40:24.9746193Z   Downloaded winreg v0.55.0
linux-packages	Verify packaged notices	2026-09-22T19:40:24.9746474Z   Downloaded libloading v0.7.4
linux-packages	Verify packaged notices	2026-09-22T19:40:24.9746781Z   Downloaded objc2-core-data v0.3.2
linux-packages	Verify packaged notices	2026-09-22T19:40:24.9747086Z   Downloaded pango-sys v0.18.0
linux-packages	Verify packaged notices	2026-09-22T19:40:24.9747304Z   Downloaded phf_shared v0.13.1
linux-packages	Verify packaged notices	2026-09-22T19:40:24.9747516Z   Downloaded pin-project-lite v0.2.17
linux-packages	Verify packaged notices	2026-09-22T19:40:24.9747735Z   Downloaded potential_utf v0.1.6
linux-packages	Verify packaged notices	2026-09-22T19:40:24.9748085Z   Downloaded r-efi v6.0.0
linux-packages	Verify packaged notices	2026-09-22T19:40:24.9748268Z   Downloaded rfd v0.16.0
linux-packages	Verify packaged notices	2026-09-22T19:40:24.9748468Z   Downloaded objc2-cloud-kit v0.3.2
linux-packages	Verify packaged notices	2026-09-22T19:40:24.9748673Z   Downloaded parking_lot v0.12.5
linux-packages	Verify packaged notices	2026-09-22T19:40:24.9748873Z   Downloaded phf_macros v0.13.1
linux-packages	Verify packaged notices	2026-09-22T19:40:24.9749072Z   Downloaded plist v1.10.0
linux-packages	Verify packaged notices	2026-09-22T19:40:24.9749275Z   Downloaded precomputed-hash v0.1.1
linux-packages	Verify packaged notices	2026-09-22T19:40:24.9749479Z   Downloaded rustc-hash v2.1.3
linux-packages	Verify packaged notices	2026-09-22T19:40:24.9749762Z   Downloaded schannel v0.1.29
linux-packages	Verify packaged notices	2026-09-22T19:40:24.9749952Z   Downloaded schemars v0.9.0
linux-packages	Verify packaged notices	2026-09-22T19:40:24.9750152Z   Downloaded phf_generator v0.13.1
linux-packages	Verify packaged notices	2026-09-22T19:40:24.9750352Z   Downloaded same-file v1.0.6
linux-packages	Verify packaged notices	2026-09-22T19:40:24.9750553Z   Downloaded async-channel v2.5.0
linux-packages	Verify packaged notices	2026-09-22T19:40:24.9750760Z   Downloaded futures-sink v0.3.34
linux-packages	Verify packaged notices	2026-09-22T19:40:24.9750962Z   Downloaded phf_codegen v0.13.1
linux-packages	Verify packaged notices	2026-09-22T19:40:24.9751157Z   Downloaded async-io v2.6.0
linux-packages	Verify packaged notices	2026-09-22T19:40:24.9751344Z   Downloaded pango v0.18.3
linux-packages	Verify packaged notices	2026-09-22T19:40:24.9751558Z   Downloaded portable-atomic-util v0.2.7
linux-packages	Verify packaged notices	2026-09-22T19:40:24.9751781Z   Downloaded percent-encoding v2.3.2
linux-packages	Verify packaged notices	2026-09-22T19:40:24.9751978Z   Downloaded powerfmt v0.2.0
linux-packages	Verify packaged notices	2026-09-22T19:40:24.9752180Z   Downloaded proc-macro-crate v2.0.2
linux-packages	Verify packaged notices	2026-09-22T19:40:24.9752410Z   Downloaded proc-macro-error-attr v1.0.4
linux-packages	Verify packaged notices	2026-09-22T19:40:24.9752619Z   Downloaded heck v0.4.1
linux-packages	Verify packaged notices	2026-09-22T19:40:24.9752814Z   Downloaded objc2-core-text v0.3.2
linux-packages	Verify packaged notices	2026-09-22T19:40:24.9753007Z   Downloaded phf v0.13.1
linux-packages	Verify packaged notices	2026-09-22T19:40:24.9753196Z   Downloaded rand_core v0.10.1
linux-packages	Verify packaged notices	2026-09-22T19:40:24.9753405Z   Downloaded raw-window-handle v0.6.2
linux-packages	Verify packaged notices	2026-09-22T19:40:24.9753613Z   Downloaded zcheapstr v1.1.0
linux-packages	Verify packaged notices	2026-09-22T19:40:24.9753822Z   Downloaded futures-executor v0.3.34
linux-packages	Verify packaged notices	2026-09-22T19:40:24.9754033Z   Downloaded futures-task v0.3.34
linux-packages	Verify packaged notices	2026-09-22T19:40:24.9754225Z   Downloaded gdkx11 v0.18.2
linux-packages	Verify packaged notices	2026-09-22T19:40:24.9754420Z   Downloaded gdkx11-sys v0.18.2
linux-packages	Verify packaged notices	2026-09-22T19:40:24.9754623Z   Downloaded generic-array v0.14.7
linux-packages	Verify packaged notices	2026-09-22T19:40:24.9754821Z   Downloaded ref-cast v1.0.27
linux-packages	Verify packaged notices	2026-09-22T19:40:24.9755028Z   Downloaded ref-cast-impl v1.0.27
linux-packages	Verify packaged notices	2026-09-22T19:40:24.9755285Z   Downloaded rustls-platform-verifier-android v0.1.1
linux-packages	Verify packaged notices	2026-09-22T19:40:24.9755520Z   Downloaded parking v2.2.1
linux-packages	Verify packaged notices	2026-09-22T19:40:24.9755727Z   Downloaded proc-macro-crate v1.3.1
linux-packages	Verify packaged notices	2026-09-22T19:40:24.9755941Z   Downloaded proc-macro-error v1.0.4
linux-packages	Verify packaged notices	2026-09-22T19:40:24.9756141Z   Downloaded rand_pcg v0.10.2
linux-packages	Verify packaged notices	2026-09-22T19:40:24.9756402Z   Downloaded objc2-core-graphics v0.3.2
linux-packages	Verify packaged notices	2026-09-22T19:40:24.9756638Z   Downloaded javascriptcore-rs-sys v1.1.1
linux-packages	Verify packaged notices	2026-09-22T19:40:24.9756862Z   Downloaded parking_lot_core v0.9.12
linux-packages	Verify packaged notices	2026-09-22T19:40:24.9757074Z   Downloaded async-process v2.5.0
linux-packages	Verify packaged notices	2026-09-22T19:40:24.9757277Z   Downloaded zbus_names v4.3.4
linux-packages	Verify packaged notices	2026-09-22T19:40:24.9757479Z   Downloaded http-body-util v0.1.5
linux-packages	Verify packaged notices	2026-09-22T19:40:24.9757673Z   Downloaded jni-sys v0.3.1
linux-packages	Verify packaged notices	2026-09-22T19:40:24.9757988Z   Downloaded proc-macro-crate v3.5.0
linux-packages	Verify packaged notices	2026-09-22T19:40:24.9758200Z   Downloaded async-executor v1.14.0
linux-packages	Verify packaged notices	2026-09-22T19:40:24.9758415Z   Downloaded objc2-core-image v0.3.2
linux-packages	Verify packaged notices	2026-09-22T19:40:24.9758623Z   Downloaded serde_spanned v0.6.9
linux-packages	Verify packaged notices	2026-09-22T19:40:24.9758817Z   Downloaded subtle v2.6.1
linux-packages	Verify packaged notices	2026-09-22T19:40:24.9759008Z   Downloaded system-deps v6.2.2
linux-packages	Verify packaged notices	2026-09-22T19:40:24.9759217Z   Downloaded prost-derive v0.13.5
linux-packages	Verify packaged notices	2026-09-22T19:40:24.9759420Z   Downloaded redox_syscall v0.5.18
linux-packages	Verify packaged notices	2026-09-22T19:40:24.9759620Z   Downloaded redox_users v0.5.2
linux-packages	Verify packaged notices	2026-09-22T19:40:24.9759821Z   Downloaded unic-ucd-ident v0.9.0
linux-packages	Verify packaged notices	2026-09-22T19:40:24.9760018Z   Downloaded r-efi v5.3.0
linux-packages	Verify packaged notices	2026-09-22T19:40:24.9760226Z   Downloaded rustls-native-certs v0.8.4
linux-packages	Verify packaged notices	2026-09-22T19:40:24.9760427Z   Downloaded mime v0.3.17
linux-packages	Verify packaged notices	2026-09-22T19:40:24.9760619Z   Downloaded pkg-config v0.3.34
linux-packages	Verify packaged notices	2026-09-22T19:40:24.9760812Z   Downloaded prost v0.13.5
linux-packages	Verify packaged notices	2026-09-22T19:40:24.9760999Z   Downloaded quinn-udp v0.5.15
linux-packages	Verify packaged notices	2026-09-22T19:40:24.9761266Z   Downloaded rustls-pki-types v1.15.1
linux-packages	Verify packaged notices	2026-09-22T19:40:24.9761475Z   Downloaded tauri-winres v0.3.6
linux-packages	Verify packaged notices	2026-09-22T19:40:24.9761675Z   Downloaded markup5ever v0.38.0
linux-packages	Verify packaged notices	2026-09-22T19:40:24.9761868Z   Downloaded ntapi v0.4.3
linux-packages	Verify packaged notices	2026-09-22T19:40:24.9762052Z   Downloaded quote v1.0.47
linux-packages	Verify packaged notices	2026-09-22T19:40:24.9762316Z   Downloaded rustversion v1.0.23
linux-packages	Verify packaged notices	2026-09-22T19:40:24.9762683Z   Downloaded security-framework-sys v2.17.0
linux-packages	Verify packaged notices	2026-09-22T19:40:24.9763044Z   Downloaded serde_spanned v1.1.1
linux-packages	Verify packaged notices	2026-09-22T19:40:24.9763370Z   Downloaded tauri-plugin v2.6.3
linux-packages	Verify packaged notices	2026-09-22T19:40:24.9763687Z   Downloaded json-patch v3.0.1
linux-packages	Verify packaged notices	2026-09-22T19:40:24.9764001Z   Downloaded polling v3.11.0
linux-packages	Verify packaged notices	2026-09-22T19:40:24.9764325Z   Downloaded proc-macro2 v1.0.107
linux-packages	Verify packaged notices	2026-09-22T19:40:24.9764638Z   Downloaded ryu v1.0.23
linux-packages	Verify packaged notices	2026-09-22T19:40:24.9764967Z   Downloaded thiserror-impl v2.0.20
linux-packages	Verify packaged notices	2026-09-22T19:40:24.9765300Z   Downloaded icu_provider v2.3.1
linux-packages	Verify packaged notices	2026-09-22T19:40:24.9765639Z   Downloaded libappindicator v0.9.0
linux-packages	Verify packaged notices	2026-09-22T19:40:24.9765984Z   Downloaded objc2-web-kit v0.3.2
linux-packages	Verify packaged notices	2026-09-22T19:40:24.9766357Z   Downloaded rustls-platform-verifier v0.7.0
linux-packages	Verify packaged notices	2026-09-22T19:40:24.9766757Z   Downloaded signal-hook-registry v1.4.8
linux-packages	Verify packaged notices	2026-09-22T19:40:24.9767091Z   Downloaded hex v0.4.3
linux-packages	Verify packaged notices	2026-09-22T19:40:24.9767397Z   Downloaded http-body v1.1.0
linux-packages	Verify packaged notices	2026-09-22T19:40:24.9767764Z   Downloaded schemars v0.8.22
linux-packages	Verify packaged notices	2026-09-22T19:40:24.9768184Z   Downloaded toml v1.1.4+spec-1.1.0
linux-packages	Verify packaged notices	2026-09-22T19:40:24.9768510Z   Downloaded utf8_iter v1.0.4
linux-packages	Verify packaged notices	2026-09-22T19:40:24.9768766Z   Downloaded rayon-core v1.13.0
linux-packages	Verify packaged notices	2026-09-22T19:40:24.9768962Z   Downloaded selectors v0.36.1
linux-packages	Verify packaged notices	2026-09-22T19:40:24.9769153Z   Downloaded ico v0.5.0
linux-packages	Verify packaged notices	2026-09-22T19:40:24.9769337Z   Downloaded log v0.4.34
linux-packages	Verify packaged notices	2026-09-22T19:40:24.9769536Z   Downloaded rustls-webpki v0.103.15
linux-packages	Verify packaged notices	2026-09-22T19:40:24.9769739Z   Downloaded png v0.18.1
linux-packages	Verify packaged notices	2026-09-22T19:40:24.9769933Z   Downloaded glib-macros v0.18.5
linux-packages	Verify packaged notices	2026-09-22T19:40:24.9770141Z   Downloaded thiserror-impl v1.0.69
linux-packages	Verify packaged notices	2026-09-22T19:40:24.9770396Z   Downloaded gio-sys v0.18.1
linux-packages	Verify packaged notices	2026-09-22T19:40:24.9770582Z   Downloaded quinn v0.11.11
linux-packages	Verify packaged notices	2026-09-22T19:40:24.9770777Z   Downloaded sync_wrapper v1.0.2
linux-packages	Verify packaged notices	2026-09-22T19:40:24.9770982Z   Downloaded tinyvec_macros v0.1.1
linux-packages	Verify packaged notices	2026-09-22T19:40:24.9771188Z   Downloaded serde_repr v0.1.21
linux-packages	Verify packaged notices	2026-09-22T19:40:24.9771389Z   Downloaded webkit2gtk-sys v2.0.2
linux-packages	Verify packaged notices	2026-09-22T19:40:24.9771603Z   Downloaded zerovec-derive v0.11.6
linux-packages	Verify packaged notices	2026-09-22T19:40:24.9771800Z   Downloaded shlex v2.0.1
linux-packages	Verify packaged notices	2026-09-22T19:40:24.9772004Z   Downloaded windows-threading v0.1.0
linux-packages	Verify packaged notices	2026-09-22T19:40:24.9772212Z   Downloaded unic-common v0.9.0
linux-packages	Verify packaged notices	2026-09-22T19:40:24.9772417Z   Downloaded jni-sys-macros v0.4.1
linux-packages	Verify packaged notices	2026-09-22T19:40:24.9772613Z   Downloaded serde v1.0.229
linux-packages	Verify packaged notices	2026-09-22T19:40:24.9772811Z   Downloaded simd-adler32 v0.3.10
linux-packages	Verify packaged notices	2026-09-22T19:40:24.9773011Z   Downloaded web_atoms v0.2.6
linux-packages	Verify packaged notices	2026-09-22T19:40:24.9773208Z   Downloaded hermit-abi v0.5.2
linux-packages	Verify packaged notices	2026-09-22T19:40:24.9773399Z   Downloaded time-core v0.1.9
linux-packages	Verify packaged notices	2026-09-22T19:40:24.9773582Z   Downloaded heck v0.5.0
linux-packages	Verify packaged notices	2026-09-22T19:40:24.9773764Z   Downloaded itoa v1.0.18
linux-packages	Verify packaged notices	2026-09-22T19:40:24.9773947Z   Downloaded jni-sys v0.4.1
linux-packages	Verify packaged notices	2026-09-22T19:40:24.9774160Z   Downloaded wasm-bindgen-shared v0.2.127
linux-packages	Verify packaged notices	2026-09-22T19:40:24.9774377Z   Downloaded winapi-util v0.1.11
linux-packages	Verify packaged notices	2026-09-22T19:40:24.9774591Z   Downloaded windows-interface v0.59.3
linux-packages	Verify packaged notices	2026-09-22T19:40:24.9774796Z   Downloaded swift-rs v1.0.8
linux-packages	Verify packaged notices	2026-09-22T19:40:24.9775043Z   Downloaded tauri-codegen v2.6.3
linux-packages	Verify packaged notices	2026-09-22T19:40:24.9775247Z   Downloaded tokio-rustls v0.26.4
linux-packages	Verify packaged notices	2026-09-22T19:40:24.9775447Z   Downloaded wit-bindgen v0.57.1
linux-packages	Verify packaged notices	2026-09-22T19:40:24.9775644Z   Downloaded web-time v1.1.0
linux-packages	Verify packaged notices	2026-09-22T19:40:24.9775858Z   Downloaded windows-implement v0.57.0
linux-packages	Verify packaged notices	2026-09-22T19:40:24.9776068Z   Downloaded alloc-stdlib v0.2.4
linux-packages	Verify packaged notices	2026-09-22T19:40:24.9776270Z   Downloaded futures-core v0.3.34
linux-packages	Verify packaged notices	2026-09-22T19:40:24.9776470Z   Downloaded html5ever v0.38.0
linux-packages	Verify packaged notices	2026-09-22T19:40:24.9776683Z   Downloaded string_cache_codegen v0.6.1
linux-packages	Verify packaged notices	2026-09-22T19:40:24.9776885Z   Downloaded strsim v0.11.1
linux-packages	Verify packaged notices	2026-09-22T19:40:24.9777081Z   Downloaded windows-link v0.2.1
linux-packages	Verify packaged notices	2026-09-22T19:40:24.9777301Z   Downloaded objc2-core-foundation v0.3.2
linux-packages	Verify packaged notices	2026-09-22T19:40:24.9777527Z   Downloaded jiff-tzdb-platform v0.1.3
linux-packages	Verify packaged notices	2026-09-22T19:40:24.9777749Z   Downloaded serde_urlencoded v0.7.1
linux-packages	Verify packaged notices	2026-09-22T19:40:24.9778171Z   Downloaded icu_normalizer_data v2.3.0
linux-packages	Verify packaged notices	2026-09-22T19:40:24.9778519Z   Downloaded idna_adapter v1.2.2
linux-packages	Verify packaged notices	2026-09-22T19:40:24.9778831Z   Downloaded rand v0.10.2
linux-packages	Verify packaged notices	2026-09-22T19:40:24.9779127Z   Downloaded rayon v1.12.0
linux-packages	Verify packaged notices	2026-09-22T19:40:24.9779444Z   Downloaded tauri-macros v2.6.3
linux-packages	Verify packaged notices	2026-09-22T19:40:24.9779777Z   Downloaded time-macros v0.2.32
linux-packages	Verify packaged notices	2026-09-22T19:40:24.9780093Z   Downloaded tinystr v0.8.4
linux-packages	Verify packaged notices	2026-09-22T19:40:24.9780397Z   Downloaded toml v0.8.2
linux-packages	Verify packaged notices	2026-09-22T19:40:24.9780727Z   Downloaded windows-targets v0.52.6
linux-packages	Verify packaged notices	2026-09-22T19:40:24.9781060Z   Downloaded xattr v1.6.1
linux-packages	Verify packaged notices	2026-09-22T19:40:24.9781382Z   Downloaded gtk3-macros v0.18.2
linux-packages	Verify packaged notices	2026-09-22T19:40:24.9781726Z   Downloaded portable-atomic v1.15.0
linux-packages	Verify packaged notices	2026-09-22T19:40:24.9795320Z   Downloaded wasm-bindgen-futures v0.4.77
linux-packages	Verify packaged notices	2026-09-22T19:40:24.9795576Z   Downloaded windows-link v0.1.3
linux-packages	Verify packaged notices	2026-09-22T19:40:24.9795771Z   Downloaded mio v1.2.2
linux-packages	Verify packaged notices	2026-09-22T19:40:24.9795966Z   Downloaded scopeguard v1.2.0
linux-packages	Verify packaged notices	2026-09-22T19:40:24.9796162Z   Downloaded simdutf8 v0.1.5
linux-packages	Verify packaged notices	2026-09-22T19:40:24.9796368Z   Downloaded alloc-no-stdlib v2.0.4
linux-packages	Verify packaged notices	2026-09-22T19:40:24.9796705Z   Downloaded android_system_properties v0.1.6
linux-packages	Verify packaged notices	2026-09-22T19:40:24.9796922Z   Downloaded zerofrom v0.1.8
linux-packages	Verify packaged notices	2026-09-22T19:40:24.9797123Z   Downloaded futures-io v0.3.34
linux-packages	Verify packaged notices	2026-09-22T19:40:24.9797329Z   Downloaded icu_properties v2.3.0
linux-packages	Verify packaged notices	2026-09-22T19:40:24.9797548Z   Downloaded javascriptcore-rs v1.1.2
linux-packages	Verify packaged notices	2026-09-22T19:40:24.9797757Z   Downloaded lru-slab v0.1.2
linux-packages	Verify packaged notices	2026-09-22T19:40:24.9798117Z   Downloaded png v0.17.16
linux-packages	Verify packaged notices	2026-09-22T19:40:24.9798317Z   Downloaded schemars_derive v0.8.22
linux-packages	Verify packaged notices	2026-09-22T19:40:24.9798527Z   Downloaded string_cache v0.9.0
linux-packages	Verify packaged notices	2026-09-22T19:40:24.9798722Z   Downloaded ipnet v2.12.1
linux-packages	Verify packaged notices	2026-09-22T19:40:24.9798917Z   Downloaded toml_datetime v0.6.3
linux-packages	Verify packaged notices	2026-09-22T19:40:24.9799111Z   Downloaded walkdir v2.5.0
linux-packages	Verify packaged notices	2026-09-22T19:40:24.9799300Z   Downloaded tao-macros v0.1.4
linux-packages	Verify packaged notices	2026-09-22T19:40:24.9799510Z   Downloaded toml v0.9.12+spec-1.1.0
linux-packages	Verify packaged notices	2026-09-22T19:40:24.9799721Z   Downloaded serde-untagged v0.1.9
linux-packages	Verify packaged notices	2026-09-22T19:40:24.9799915Z   Downloaded zip v2.4.2
linux-packages	Verify packaged notices	2026-09-22T19:40:24.9800100Z   Downloaded js-sys v0.3.104
linux-packages	Verify packaged notices	2026-09-22T19:40:24.9800306Z   Downloaded stable_deref_trait v1.2.1
linux-packages	Verify packaged notices	2026-09-22T19:40:24.9800535Z   Downloaded wasm-bindgen-macro v0.2.127
linux-packages	Verify packaged notices	2026-09-22T19:40:24.9800753Z   Downloaded windows-version v0.1.7
linux-packages	Verify packaged notices	2026-09-22T19:40:24.9800955Z   Downloaded yoke-derive v0.8.2
linux-packages	Verify packaged notices	2026-09-22T19:40:24.9801152Z   Downloaded hashbrown v0.12.3
linux-packages	Verify packaged notices	2026-09-22T19:40:24.9801387Z   Downloaded jiff-tzdb v0.1.8
linux-packages	Verify packaged notices	2026-09-22T19:40:24.9801569Z   Downloaded ndk v0.9.0
linux-packages	Verify packaged notices	2026-09-22T19:40:24.9801770Z   Downloaded version-compare v0.2.1
linux-packages	Verify packaged notices	2026-09-22T19:40:24.9801965Z   Downloaded vswhom v0.1.0
linux-packages	Verify packaged notices	2026-09-22T19:40:24.9802173Z   Downloaded libappindicator-sys v0.9.0
linux-packages	Verify packaged notices	2026-09-22T19:40:24.9802379Z   Downloaded regex v1.13.1
linux-packages	Verify packaged notices	2026-09-22T19:40:24.9802570Z   Downloaded synstructure v0.13.2
linux-packages	Verify packaged notices	2026-09-22T19:40:24.9802759Z   Downloaded uuid v1.11.1
linux-packages	Verify packaged notices	2026-09-22T19:40:24.9802938Z   Downloaded zip v4.6.1
linux-packages	Verify packaged notices	2026-09-22T19:40:24.9803118Z   Downloaded yoke v0.8.3
linux-packages	Verify packaged notices	2026-09-22T19:40:24.9803304Z   Downloaded vswhom-sys v0.1.3
linux-packages	Verify packaged notices	2026-09-22T19:40:24.9803491Z   Downloaded tinyvec v1.12.0
linux-packages	Verify packaged notices	2026-09-22T19:40:24.9803698Z   Downloaded security-framework v3.7.0
linux-packages	Verify packaged notices	2026-09-22T19:40:24.9803900Z   Downloaded tempfile v3.27.0
linux-packages	Verify packaged notices	2026-09-22T19:40:24.9804089Z   Downloaded soup3-sys v0.5.0
linux-packages	Verify packaged notices	2026-09-22T19:40:24.9804314Z   Downloaded toml_writer v1.1.2+spec-1.1.0
linux-packages	Verify packaged notices	2026-09-22T19:40:24.9804518Z   Downloaded arbitrary v1.4.2
linux-packages	Verify packaged notices	2026-09-22T19:40:24.9804712Z   Downloaded miniz_oxide v0.9.1
linux-packages	Verify packaged notices	2026-09-22T19:40:24.9804924Z   Downloaded unic-char-property v0.9.0
linux-packages	Verify packaged notices	2026-09-22T19:40:24.9805126Z   Downloaded jiff-core v0.1.0
linux-packages	Verify packaged notices	2026-09-22T19:40:24.9805314Z   Downloaded httparse v1.10.1
linux-packages	Verify packaged notices	2026-09-22T19:40:24.9805518Z   Downloaded windows-targets v0.48.5
linux-packages	Verify packaged notices	2026-09-22T19:40:24.9805749Z   Downloaded toml_datetime v1.1.1+spec-1.1.0
linux-packages	Verify packaged notices	2026-09-22T19:40:24.9805964Z   Downloaded uds_windows v1.2.1
linux-packages	Verify packaged notices	2026-09-22T19:40:24.9806166Z   Downloaded windows-result v0.4.1
linux-packages	Verify packaged notices	2026-09-22T19:40:24.9806376Z   Downloaded async-broadcast v0.7.2
linux-packages	Verify packaged notices	2026-09-22T19:40:24.9806582Z   Downloaded zvariant_utils v4.2.0
linux-packages	Verify packaged notices	2026-09-22T19:40:24.9806778Z   Downloaded reqwest v0.12.28
linux-packages	Verify packaged notices	2026-09-22T19:40:24.9806986Z   Downloaded target-lexicon v0.12.16
linux-packages	Verify packaged notices	2026-09-22T19:40:24.9807187Z   Downloaded thiserror v2.0.20
linux-packages	Verify packaged notices	2026-09-22T19:40:24.9807376Z   Downloaded tray-icon v0.24.2
linux-packages	Verify packaged notices	2026-09-22T19:40:24.9807580Z   Downloaded gdkwayland-sys v0.18.2
linux-packages	Verify packaged notices	2026-09-22T19:40:24.9808023Z   Downloaded iana-time-zone-haiku v0.1.2
linux-packages	Verify packaged notices	2026-09-22T19:40:24.9808228Z   Downloaded lock_api v0.4.14
linux-packages	Verify packaged notices	2026-09-22T19:40:24.9808423Z   Downloaded miniz_oxide v0.8.9
linux-packages	Verify packaged notices	2026-09-22T19:40:24.9808610Z   Downloaded sha2 v0.10.9
linux-packages	Verify packaged notices	2026-09-22T19:40:24.9809231Z   Downloaded smallvec v1.15.2
linux-packages	Verify packaged notices	2026-09-22T19:40:24.9809506Z   Downloaded tendril v0.5.1
linux-packages	Verify packaged notices	2026-09-22T19:40:24.9809927Z   Downloaded wasm-bindgen v0.2.127
linux-packages	Verify packaged notices	2026-09-22T19:40:24.9810273Z   Downloaded windows-numerics v0.2.0
linux-packages	Verify packaged notices	2026-09-22T19:40:24.9810595Z   Downloaded x11-dl v2.21.0
linux-packages	Verify packaged notices	2026-09-22T19:40:24.9810902Z   Downloaded getrandom v0.4.3
linux-packages	Verify packaged notices	2026-09-22T19:40:24.9811220Z   Downloaded hashbrown v0.17.1
linux-packages	Verify packaged notices	2026-09-22T19:40:24.9811533Z   Downloaded is-docker v0.2.0
linux-packages	Verify packaged notices	2026-09-22T19:40:24.9811887Z   Downloaded new_debug_unreachable v1.0.6
linux-packages	Verify packaged notices	2026-09-22T19:40:24.9812179Z   Downloaded tracing-core v0.1.36
linux-packages	Verify packaged notices	2026-09-22T19:40:24.9812387Z   Downloaded async-signal v0.2.14
linux-packages	Verify packaged notices	2026-09-22T19:40:24.9812580Z   Downloaded http v1.5.0
linux-packages	Verify packaged notices	2026-09-22T19:40:24.9812765Z   Downloaded getrandom v0.3.4
linux-packages	Verify packaged notices	2026-09-22T19:40:24.9812976Z   Downloaded tracing-attributes v0.1.31
linux-packages	Verify packaged notices	2026-09-22T19:40:24.9813198Z   Downloaded webpki-root-certs v1.0.9
linux-packages	Verify packaged notices	2026-09-22T19:40:24.9813409Z   Downloaded windows-core v0.61.2
linux-packages	Verify packaged notices	2026-09-22T19:40:24.9813599Z   Downloaded zeroize v1.9.0
linux-packages	Verify packaged notices	2026-09-22T19:40:24.9813785Z   Downloaded zerotrie v0.2.5
linux-packages	Verify packaged notices	2026-09-22T19:40:24.9813971Z   Downloaded zmij v1.0.23
linux-packages	Verify packaged notices	2026-09-22T19:40:24.9814340Z   Downloaded infer v0.19.0
linux-packages	Verify packaged notices	2026-09-22T19:40:24.9814638Z   Downloaded semver v1.0.28
linux-packages	Verify packaged notices	2026-09-22T19:40:24.9814994Z   Downloaded toml_parser v1.1.3+spec-1.1.0
linux-packages	Verify packaged notices	2026-09-22T19:40:24.9815467Z   Downloaded webpki-roots v1.0.9
linux-packages	Verify packaged notices	2026-09-22T19:40:24.9815923Z   Downloaded serde_json v1.0.151
linux-packages	Verify packaged notices	2026-09-22T19:40:24.9816251Z   Downloaded async-trait v0.1.92
linux-packages	Verify packaged notices	2026-09-22T19:40:24.9816583Z   Downloaded windows-strings v0.5.1
linux-packages	Verify packaged notices	2026-09-22T19:40:24.9816954Z   Downloaded serde_derive_internals v0.29.1
linux-packages	Verify packaged notices	2026-09-22T19:40:24.9817346Z   Downloaded serialize-to-javascript v0.1.2
linux-packages	Verify packaged notices	2026-09-22T19:40:24.9817578Z   Downloaded glib-sys v0.18.1
linux-packages	Verify packaged notices	2026-09-22T19:40:24.9817923Z   Downloaded icu_locale_core v2.3.0
linux-packages	Verify packaged notices	2026-09-22T19:40:24.9818237Z   Downloaded reqwest v0.13.4
linux-packages	Verify packaged notices	2026-09-22T19:40:24.9818574Z   Downloaded wasip2 v1.0.4+wasi-0.2.12
linux-packages	Verify packaged notices	2026-09-22T19:40:24.9818928Z   Downloaded windows-strings v0.4.2
linux-packages	Verify packaged notices	2026-09-22T19:40:24.9819246Z   Downloaded zbus v5.19.0
linux-packages	Verify packaged notices	2026-09-22T19:40:24.9819527Z   Downloaded schemars v1.2.2
linux-packages	Verify packaged notices	2026-09-22T19:40:24.9819723Z   Downloaded serde_core v1.0.229
linux-packages	Verify packaged notices	2026-09-22T19:40:24.9820120Z   Downloaded serialize-to-javascript-impl v0.1.2
linux-packages	Verify packaged notices	2026-09-22T19:40:24.9820396Z   Downloaded siphasher v1.0.3
linux-packages	Verify packaged notices	2026-09-22T19:40:24.9820696Z   Downloaded windows-targets v0.42.2
linux-packages	Verify packaged notices	2026-09-22T19:40:24.9820904Z   Downloaded zerofrom-derive v0.1.7
linux-packages	Verify packaged notices	2026-09-22T19:40:24.9821109Z   Downloaded hyper-rustls v0.27.9
linux-packages	Verify packaged notices	2026-09-22T19:40:24.9821313Z   Downloaded keyboard-types v0.7.0
linux-packages	Verify packaged notices	2026-09-22T19:40:24.9821645Z   Downloaded objc2 v0.6.4
linux-packages	Verify packaged notices	2026-09-22T19:40:24.9821956Z   Downloaded tower-layer v0.3.3
linux-packages	Verify packaged notices	2026-09-22T19:40:24.9822282Z   Downloaded async-task v4.7.1
linux-packages	Verify packaged notices	2026-09-22T19:40:24.9822602Z   Downloaded zerovec v0.11.8
linux-packages	Verify packaged notices	2026-09-22T19:40:24.9822928Z   Downloaded toml_edit v0.25.13+spec-1.1.0
linux-packages	Verify packaged notices	2026-09-22T19:40:24.9823144Z   Downloaded windows-result v0.3.4
linux-packages	Verify packaged notices	2026-09-22T19:40:24.9823348Z   Downloaded tower-service v0.3.3
linux-packages	Verify packaged notices	2026-09-22T19:40:24.9823563Z   Downloaded icu_properties_data v2.3.0
linux-packages	Verify packaged notices	2026-09-22T19:40:24.9823766Z   Downloaded jni v0.21.1
linux-packages	Verify packaged notices	2026-09-22T19:40:24.9824001Z   Downloaded libredox v0.1.21
linux-packages	Verify packaged notices	2026-09-22T19:40:24.9824184Z   Downloaded tar v0.4.46
linux-packages	Verify packaged notices	2026-09-22T19:40:24.9824373Z   Downloaded tokio-util v0.7.19
linux-packages	Verify packaged notices	2026-09-22T19:40:24.9824694Z   Downloaded wasm-bindgen-macro-support v0.2.127
linux-packages	Verify packaged notices	2026-09-22T19:40:24.9825044Z   Downloaded glob v0.3.4
linux-packages	Verify packaged notices	2026-09-22T19:40:24.9825349Z   Downloaded quick-xml v0.41.0
linux-packages	Verify packaged notices	2026-09-22T19:40:24.9825686Z   Downloaded serde_with_macros v3.22.0
linux-packages	Verify packaged notices	2026-09-22T19:40:24.9826032Z   Downloaded minisign-verify v0.2.5
linux-packages	Verify packaged notices	2026-09-22T19:40:24.9826294Z   Downloaded try-lock v0.2.5
linux-packages	Verify packaged notices	2026-09-22T19:40:24.9826492Z   Downloaded atomic-waker v1.1.2
linux-packages	Verify packaged notices	2026-09-22T19:40:24.9826682Z   Downloaded winnow v0.5.40
linux-packages	Verify packaged notices	2026-09-22T19:40:24.9826869Z   Downloaded writeable v0.6.4
linux-packages	Verify packaged notices	2026-09-22T19:40:24.9827073Z   Downloaded zvariant_derive v5.15.0
linux-packages	Verify packaged notices	2026-09-22T19:40:24.9827274Z   Downloaded ident_case v1.0.1
linux-packages	Verify packaged notices	2026-09-22T19:40:24.9827465Z   Downloaded indexmap v1.9.3
linux-packages	Verify packaged notices	2026-09-22T19:40:24.9827660Z   Downloaded itertools v0.14.0
linux-packages	Verify packaged notices	2026-09-22T19:40:24.9828005Z   Downloaded tauri-build v2.6.3
linux-packages	Verify packaged notices	2026-09-22T19:40:24.9828202Z   Downloaded toml_edit v0.19.15
linux-packages	Verify packaged notices	2026-09-22T19:40:24.9828395Z   Downloaded untrusted v0.9.0
linux-packages	Verify packaged notices	2026-09-22T19:40:24.9828615Z   Downloaded toml_datetime v0.7.5+spec-1.1.0
linux-packages	Verify packaged notices	2026-09-22T19:40:24.9828837Z   Downloaded unic-ucd-version v0.9.0
linux-packages	Verify packaged notices	2026-09-22T19:40:24.9829046Z   Downloaded gobject-sys v0.18.0
linux-packages	Verify packaged notices	2026-09-22T19:40:24.9829250Z   Downloaded iana-time-zone v0.1.65
linux-packages	Verify packaged notices	2026-09-22T19:40:24.9829498Z   Downloaded serde_derive v1.0.229
linux-packages	Verify packaged notices	2026-09-22T19:40:24.9829694Z   Downloaded sysinfo v0.33.1
linux-packages	Verify packaged notices	2026-09-22T19:40:24.9829884Z   Downloaded toml_edit v0.20.2
linux-packages	Verify packaged notices	2026-09-22T19:40:24.9830082Z   Downloaded tauri-plugin-fs v2.5.1
linux-packages	Verify packaged notices	2026-09-22T19:40:24.9830306Z   Downloaded windows-collections v0.2.0
linux-packages	Verify packaged notices	2026-09-22T19:40:24.9830511Z   Downloaded libloading v0.8.9
linux-packages	Verify packaged notices	2026-09-22T19:40:24.9830702Z   Downloaded thiserror v1.0.69
linux-packages	Verify packaged notices	2026-09-22T19:40:24.9831007Z   Downloaded icu_collections v2.3.0
linux-packages	Verify packaged notices	2026-09-22T19:40:24.9831296Z   Downloaded litemap v0.8.3
linux-packages	Verify packaged notices	2026-09-22T19:40:24.9831595Z   Downloaded windows-core v0.62.2
linux-packages	Verify packaged notices	2026-09-22T19:40:24.9831897Z   Downloaded windows-core v0.57.0
linux-packages	Verify packaged notices	2026-09-22T19:40:24.9832190Z   Downloaded getrandom v0.2.17
linux-packages	Verify packaged notices	2026-09-22T19:40:24.9832409Z   Downloaded jsonptr v0.6.3
linux-packages	Verify packaged notices	2026-09-22T19:40:24.9832610Z   Downloaded quinn-proto v0.11.17
linux-packages	Verify packaged notices	2026-09-22T19:40:24.9832808Z   Downloaded indexmap v2.14.1
linux-packages	Verify packaged notices	2026-09-22T19:40:24.9832995Z   Downloaded is-wsl v0.4.0
linux-packages	Verify packaged notices	2026-09-22T19:40:24.9833180Z   Downloaded servo_arc v0.4.3
linux-packages	Verify packaged notices	2026-09-22T19:40:24.9833367Z   Downloaded soup3 v0.5.0
linux-packages	Verify packaged notices	2026-09-22T19:40:24.9833563Z   Downloaded gdk-pixbuf v0.18.5
linux-packages	Verify packaged notices	2026-09-22T19:40:24.9833759Z   Downloaded jiff-static v0.2.35
linux-packages	Verify packaged notices	2026-09-22T19:40:24.9833954Z   Downloaded atk-sys v0.18.2
linux-packages	Verify packaged notices	2026-09-22T19:40:24.9834149Z   Downloaded futures-macro v0.3.34
linux-packages	Verify packaged notices	2026-09-22T19:40:24.9834340Z   Downloaded memoffset v0.9.1
linux-packages	Verify packaged notices	2026-09-22T19:40:24.9834535Z   Downloaded gdk-pixbuf-sys v0.18.0
linux-packages	Verify packaged notices	2026-09-22T19:40:24.9834725Z   Downloaded slab v0.4.12
linux-packages	Verify packaged notices	2026-09-22T19:40:24.9834919Z   Downloaded windows-future v0.2.1
linux-packages	Verify packaged notices	2026-09-22T19:40:24.9835168Z   Downloaded atk v0.18.2
linux-packages	Verify packaged notices	2026-09-22T19:40:24.9835500Z   Downloaded tower v0.5.3
linux-packages	Verify packaged notices	2026-09-22T19:40:24.9835810Z   Downloaded gdk-sys v0.18.2
linux-packages	Verify packaged notices	2026-09-22T19:40:24.9836142Z   Downloaded tauri-runtime v2.11.3
linux-packages	Verify packaged notices	2026-09-22T19:40:24.9836471Z   Downloaded url v2.5.8
linux-packages	Verify packaged notices	2026-09-22T19:40:24.9836790Z   Downloaded x11 v2.21.0
linux-packages	Verify packaged notices	2026-09-22T19:40:24.9837151Z   Downloaded socket2 v0.6.5
linux-packages	Verify packaged notices	2026-09-22T19:40:24.9837345Z   Downloaded softbuffer v0.4.8
linux-packages	Verify packaged notices	2026-09-22T19:40:24.9837556Z   Downloaded tauri-plugin-opener v2.5.4
linux-packages	Verify packaged notices	2026-09-22T19:40:24.9837763Z   Downloaded jni-macros v0.22.4
linux-packages	Verify packaged notices	2026-09-22T19:40:24.9838080Z   Downloaded zopfli v0.8.3
linux-packages	Verify packaged notices	2026-09-22T19:40:24.9838269Z   Downloaded zvariant v5.15.0
linux-packages	Verify packaged notices	2026-09-22T19:40:24.9838451Z   Downloaded gdk v0.18.2
linux-packages	Verify packaged notices	2026-09-22T19:40:24.9838636Z   Downloaded gtk-sys v0.18.2
linux-packages	Verify packaged notices	2026-09-22T19:40:24.9838867Z   Downloaded tauri-plugin-single-instance v2.4.4
linux-packages	Verify packaged notices	2026-09-22T19:40:24.9839108Z   Downloaded tauri-runtime-wry v2.11.4
linux-packages	Verify packaged notices	2026-09-22T19:40:24.9839317Z   Downloaded aho-corasick v1.1.5
linux-packages	Verify packaged notices	2026-09-22T19:40:24.9839525Z   Downloaded futures-lite v2.6.1
linux-packages	Verify packaged notices	2026-09-22T19:40:24.9839743Z   Downloaded unicode-segmentation v1.13.3
linux-packages	Verify packaged notices	2026-09-22T19:40:24.9839947Z   Downloaded hyper v1.11.1
linux-packages	Verify packaged notices	2026-09-22T19:40:24.9840143Z   Downloaded hyper-util v0.1.20
linux-packages	Verify packaged notices	2026-09-22T19:40:24.9840331Z   Downloaded memchr v2.8.3
linux-packages	Verify packaged notices	2026-09-22T19:40:24.9840533Z   Downloaded objc2-foundation v0.3.2
linux-packages	Verify packaged notices	2026-09-22T19:40:24.9840735Z   Downloaded serde_with v3.22.0
linux-packages	Verify packaged notices	2026-09-22T19:40:24.9840925Z   Downloaded time v0.3.55
linux-packages	Verify packaged notices	2026-09-22T19:40:24.9841115Z   Downloaded tower-http v0.6.11
linux-packages	Verify packaged notices	2026-09-22T19:40:24.9841304Z   Downloaded typenum v1.20.1
linux-packages	Verify packaged notices	2026-09-22T19:40:24.9841524Z   Downloaded windows_aarch64_gnullvm v0.42.2
linux-packages	Verify packaged notices	2026-09-22T19:40:24.9841729Z   Downloaded wry v0.55.1
linux-packages	Verify packaged notices	2026-09-22T19:40:24.9841952Z   Downloaded gio v0.18.4
linux-packages	Verify packaged notices	2026-09-22T19:40:24.9842131Z   Downloaded syn v3.0.4
linux-packages	Verify packaged notices	2026-09-22T19:40:24.9842338Z   Downloaded tauri-plugin-updater v2.10.1
linux-packages	Verify packaged notices	2026-09-22T19:40:24.9842572Z   Downloaded windows_x86_64_gnullvm v0.42.2
linux-packages	Verify packaged notices	2026-09-22T19:40:24.9842777Z   Downloaded syn v1.0.109
linux-packages	Verify packaged notices	2026-09-22T19:40:24.9842972Z   Downloaded regex-syntax v0.8.11
linux-packages	Verify packaged notices	2026-09-22T19:40:24.9843166Z   Downloaded rustls v0.23.43
linux-packages	Verify packaged notices	2026-09-22T19:40:24.9843362Z   Downloaded tauri-utils v2.9.3
linux-packages	Verify packaged notices	2026-09-22T19:40:24.9843561Z   Downloaded futures-util v0.3.34
linux-packages	Verify packaged notices	2026-09-22T19:40:24.9843752Z   Downloaded zlib-rs v0.6.7
linux-packages	Verify packaged notices	2026-09-22T19:40:24.9843934Z   Downloaded idna v1.1.0
linux-packages	Verify packaged notices	2026-09-22T19:40:24.9844141Z   Downloaded tauri-plugin-dialog v2.7.2
linux-packages	Verify packaged notices	2026-09-22T19:40:24.9844341Z   Downloaded syn v2.0.119
linux-packages	Verify packaged notices	2026-09-22T19:40:24.9844524Z   Downloaded winnow v0.7.15
linux-packages	Verify packaged notices	2026-09-22T19:40:24.9844715Z   Downloaded winnow v1.0.4
linux-packages	Verify packaged notices	2026-09-22T19:40:24.9844897Z   Downloaded glib v0.18.5
linux-packages	Verify packaged notices	2026-09-22T19:40:24.9845083Z   Downloaded simd_cesu8 v1.2.0
linux-packages	Verify packaged notices	2026-09-22T19:40:24.9845270Z   Downloaded tao v0.35.3
linux-packages	Verify packaged notices	2026-09-22T19:40:24.9845482Z   Downloaded windows_aarch64_gnullvm v0.48.5
linux-packages	Verify packaged notices	2026-09-22T19:40:24.9845706Z   Downloaded ndk-sys v0.6.0+11769913
linux-packages	Verify packaged notices	2026-09-22T19:40:24.9845904Z   Downloaded rustix v1.1.4
linux-packages	Verify packaged notices	2026-09-22T19:40:24.9846085Z   Downloaded tauri v2.11.5
linux-packages	Verify packaged notices	2026-09-22T19:40:24.9846297Z   Downloaded windows_x86_64_gnullvm v0.48.5
linux-packages	Verify packaged notices	2026-09-22T19:40:24.9846495Z   Downloaded jni v0.22.4
linux-packages	Verify packaged notices	2026-09-22T19:40:24.9846684Z   Downloaded lzma-rust2 v0.20.1
linux-packages	Verify packaged notices	2026-09-22T19:40:24.9846882Z   Downloaded objc2-ui-kit v0.3.2
linux-packages	Verify packaged notices	2026-09-22T19:40:24.9847085Z   Downloaded objc2-app-kit v0.3.2
linux-packages	Verify packaged notices	2026-09-22T19:40:24.9847305Z   Downloaded windows_i686_gnullvm v0.52.6
linux-packages	Verify packaged notices	2026-09-22T19:40:24.9847503Z   Downloaded gtk v0.18.2
linux-packages	Verify packaged notices	2026-09-22T19:40:24.9847714Z   Downloaded windows_aarch64_gnullvm v0.52.6
linux-packages	Verify packaged notices	2026-09-22T19:40:24.9848065Z   Downloaded regex-automata v0.4.18
linux-packages	Verify packaged notices	2026-09-22T19:40:24.9848263Z   Downloaded tracing v0.1.44
linux-packages	Verify packaged notices	2026-09-22T19:40:24.9848519Z   Downloaded windows_aarch64_msvc v0.42.2
linux-packages	Verify packaged notices	2026-09-22T19:40:24.9848719Z   Downloaded brotli v8.0.4
linux-packages	Verify packaged notices	2026-09-22T19:40:24.9848914Z   Downloaded icu_normalizer v2.3.0
linux-packages	Verify packaged notices	2026-09-22T19:40:24.9849111Z   Downloaded web-sys v0.3.104
linux-packages	Verify packaged notices	2026-09-22T19:40:24.9849324Z   Downloaded windows_aarch64_msvc v0.52.6
linux-packages	Verify packaged notices	2026-09-22T19:40:24.9849547Z   Downloaded windows_i686_gnullvm v0.53.1
linux-packages	Verify packaged notices	2026-09-22T19:40:24.9849765Z   Downloaded windows_i686_gnu v0.42.2
linux-packages	Verify packaged notices	2026-09-22T19:40:24.9849990Z   Downloaded windows_x86_64_gnullvm v0.52.6
linux-packages	Verify packaged notices	2026-09-22T19:40:24.9850193Z   Downloaded libc v0.2.189
linux-packages	Verify packaged notices	2026-09-22T19:40:24.9850403Z   Downloaded windows_aarch64_msvc v0.53.1
linux-packages	Verify packaged notices	2026-09-22T19:40:24.9850621Z   Downloaded windows_x86_64_gnu v0.52.6
linux-packages	Verify packaged notices	2026-09-22T19:40:24.9850836Z   Downloaded windows_i686_gnu v0.48.5
linux-packages	Verify packaged notices	2026-09-22T19:40:24.9851146Z   Downloaded windows_x86_64_gnu v0.53.1
linux-packages	Verify packaged notices	2026-09-22T19:40:24.9851472Z   Downloaded jiff v0.2.35
linux-packages	Verify packaged notices	2026-09-22T19:40:24.9851705Z   Downloaded windows_x86_64_msvc v0.42.2
linux-packages	Verify packaged notices	2026-09-22T19:40:24.9851927Z   Downloaded windows_aarch64_msvc v0.48.5
linux-packages	Verify packaged notices	2026-09-22T19:40:24.9852143Z   Downloaded windows_i686_msvc v0.42.2
linux-packages	Verify packaged notices	2026-09-22T19:40:24.9852344Z   Downloaded ring v0.17.14
linux-packages	Verify packaged notices	2026-09-22T19:40:24.9852550Z   Downloaded windows_x86_64_msvc v0.48.5
linux-packages	Verify packaged notices	2026-09-22T19:40:24.9852768Z   Downloaded windows_x86_64_msvc v0.52.6
linux-packages	Verify packaged notices	2026-09-22T19:40:24.9852994Z   Downloaded windows_aarch64_gnullvm v0.53.1
linux-packages	Verify packaged notices	2026-09-22T19:40:24.9853229Z   Downloaded windows_x86_64_gnullvm v0.53.1
linux-packages	Verify packaged notices	2026-09-22T19:40:24.9853498Z   Downloaded windows_x86_64_gnu v0.42.2
linux-packages	Verify packaged notices	2026-09-22T19:40:24.9853714Z   Downloaded windows_x86_64_msvc v0.53.1
linux-packages	Verify packaged notices	2026-09-22T19:40:24.9853932Z   Downloaded windows_x86_64_gnu v0.48.5
linux-packages	Verify packaged notices	2026-09-22T19:40:24.9854146Z   Downloaded windows_i686_msvc v0.48.5
linux-packages	Verify packaged notices	2026-09-22T19:40:24.9854348Z   Downloaded tokio v1.53.1
linux-packages	Verify packaged notices	2026-09-22T19:40:24.9854553Z   Downloaded windows_i686_gnu v0.52.6
linux-packages	Verify packaged notices	2026-09-22T19:40:24.9854763Z   Downloaded windows_i686_gnu v0.53.1
linux-packages	Verify packaged notices	2026-09-22T19:40:24.9854973Z   Downloaded windows_i686_msvc v0.53.1
linux-packages	Verify packaged notices	2026-09-22T19:40:24.9855189Z   Downloaded windows_i686_msvc v0.52.6
linux-packages	Verify packaged notices	2026-09-22T19:40:24.9855391Z   Downloaded libdbus-sys v0.2.7
linux-packages	Verify packaged notices	2026-09-22T19:40:24.9855590Z   Downloaded windows-sys v0.60.2
linux-packages	Verify packaged notices	2026-09-22T19:40:24.9855798Z   Downloaded sevenz-rust2 v0.22.2
linux-packages	Verify packaged notices	2026-09-22T19:40:24.9856003Z   Downloaded linux-raw-sys v0.12.1
linux-packages	Verify packaged notices	2026-09-22T19:40:24.9856200Z   Downloaded winapi v0.3.9
linux-packages	Verify packaged notices	2026-09-22T19:40:24.9856401Z   Downloaded window-vibrancy v0.6.0
linux-packages	Verify packaged notices	2026-09-22T19:40:24.9856596Z   Downloaded windows v0.57.0
linux-packages	Verify packaged notices	2026-09-22T19:40:24.9856792Z   Downloaded windows-sys v0.45.0
linux-packages	Verify packaged notices	2026-09-22T19:40:24.9856993Z   Downloaded windows-sys v0.61.2
linux-packages	Verify packaged notices	2026-09-22T19:40:24.9857193Z   Downloaded windows-sys v0.59.0
linux-packages	Verify packaged notices	2026-09-22T19:40:24.9857390Z   Downloaded windows-sys v0.48.0
linux-packages	Verify packaged notices	2026-09-22T19:40:24.9857586Z   Downloaded windows-sys v0.52.0
linux-packages	Verify packaged notices	2026-09-22T19:40:24.9857953Z   Downloaded winapi-i686-pc-windows-gnu v0.4.0
linux-packages	Verify packaged notices	2026-09-22T19:40:24.9858231Z   Downloaded winapi-x86_64-pc-windows-gnu v0.4.0
linux-packages	Verify packaged notices	2026-09-22T19:40:24.9858465Z   Downloaded webview2-com-sys v0.38.2
linux-packages	Verify packaged notices	2026-09-22T19:40:24.9858668Z   Downloaded windows v0.61.3
linux-packages	Verify packaged notices	2026-09-22T19:40:25.3583248Z file:///home/runner/work/execs/execs/scripts/third-party-notices.mjs:122
linux-packages	Verify packaged notices	2026-09-22T19:40:25.3583713Z     throw new Error("Regenerate packaged credits");
linux-packages	Verify packaged notices	2026-09-22T19:40:25.3583883Z           ^
linux-packages	Verify packaged notices	2026-09-22T19:40:25.3583951Z 
linux-packages	Verify packaged notices	2026-09-22T19:40:25.3584036Z Error: Regenerate packaged credits
linux-packages	Verify packaged notices	2026-09-22T19:40:25.3584286Z     at file:///home/runner/work/execs/execs/scripts/third-party-notices.mjs:122:11
linux-packages	Verify packaged notices	2026-09-22T19:40:25.3584813Z     at ModuleJob.run (node:internal/modules/esm/module_job:561:25)
linux-packages	Verify packaged notices	2026-09-22T19:40:25.3585032Z     at async node:internal/modules/esm/loader:647:26
linux-packages	Verify packaged notices	2026-09-22T19:40:25.3585288Z     at async asyncRunEntryPointWithESMLoader (node:internal/modules/run_main:101:5)
linux-packages	Verify packaged notices	2026-09-22T19:40:25.3585456Z 
linux-packages	Verify packaged notices	2026-09-22T19:40:25.3585507Z Node.js v24.21.0
linux-packages	Verify packaged notices	2026-09-22T19:40:25.3621259Z ##[error]Process completed with exit code 1.
linux-packages	Retain fixture-only qualification evidence	2026-09-22T19:40:25.3668977Z Node 20 is being deprecated. This workflow is running with Node 24 by default. If you need to temporarily use Node 20, you can set the ACTIONS_ALLOW_USE_UNSECURE_NODE_VERSION=true environment variable. For more information see: https://github.blog/changelog/2025-09-19-deprecation-of-node-20-on-github-actions-runners/
linux-packages	Retain fixture-only qualification evidence	2026-09-22T19:40:25.3669700Z ##[group]Run actions/upload-artifact@v4
linux-packages	Retain fixture-only qualification evidence	2026-09-22T19:40:25.3669851Z with:
linux-packages	Retain fixture-only qualification evidence	2026-09-22T19:40:25.3670037Z   name: development-linux-packages-6a738eebb77de9594219de389667397c509380f0
linux-packages	Retain fixture-only qualification evidence	2026-09-22T19:40:25.3670326Z   path: /home/runner/work/_temp/execs-development-packages-*/evidence/
linux-packages	Retain fixture-only qualification evidence	2026-09-22T19:40:25.3670527Z   if-no-files-found: warn
linux-packages	Retain fixture-only qualification evidence	2026-09-22T19:40:25.3670654Z   retention-days: 7
linux-packages	Retain fixture-only qualification evidence	2026-09-22T19:40:25.3670770Z   compression-level: 6
linux-packages	Retain fixture-only qualification evidence	2026-09-22T19:40:25.3670886Z   overwrite: false
linux-packages	Retain fixture-only qualification evidence	2026-09-22T19:40:25.3671009Z   include-hidden-files: false
linux-packages	Retain fixture-only qualification evidence	2026-09-22T19:40:25.3671139Z env:
linux-packages	Retain fixture-only qualification evidence	2026-09-22T19:40:25.3671266Z   PNPM_HOME: /home/runner/setup-pnpm/node_modules/.bin
linux-packages	Retain fixture-only qualification evidence	2026-09-22T19:40:25.3671453Z   CARGO_HOME: /home/runner/.cargo
linux-packages	Retain fixture-only qualification evidence	2026-09-22T19:40:25.3671587Z   CARGO_INCREMENTAL: 0
linux-packages	Retain fixture-only qualification evidence	2026-09-22T19:40:25.3671705Z   CARGO_TERM_COLOR: always
linux-packages	Retain fixture-only qualification evidence	2026-09-22T19:40:25.3671833Z   CACHE_ON_FAILURE: false
linux-packages	Retain fixture-only qualification evidence	2026-09-22T19:40:25.3671953Z ##[endgroup]
linux-packages	Retain fixture-only qualification evidence	2026-09-22T19:40:25.4585931Z (node:4357) [DEP0040] DeprecationWarning: The `punycode` module is deprecated. Please use a userland alternative instead.
linux-packages	Retain fixture-only qualification evidence	2026-09-22T19:40:25.4586424Z (Use `node --trace-deprecation ...` to show where the warning was created)
linux-packages	Retain fixture-only qualification evidence	2026-09-22T19:40:25.4629846Z ##[warning]No files were found with the provided path: /home/runner/work/_temp/execs-development-packages-*/evidence/. No artifacts will be uploaded.
linux-packages	Post Run pnpm/action-setup@v4	2026-09-22T19:40:25.5035558Z Node 20 is being deprecated. This workflow is running with Node 24 by default. If you need to temporarily use Node 20, you can set the ACTIONS_ALLOW_USE_UNSECURE_NODE_VERSION=true environment variable. For more information see: https://github.blog/changelog/2025-09-19-deprecation-of-node-20-on-github-actions-runners/
linux-packages	Post Run pnpm/action-setup@v4	2026-09-22T19:40:25.5036227Z Post job cleanup.
linux-packages	Post Run pnpm/action-setup@v4	2026-09-22T19:40:25.5834893Z Pruning is unnecessary.
linux-packages	Post Run actions/checkout@v4	2026-09-22T19:40:25.5940811Z Node 20 is being deprecated. This workflow is running with Node 24 by default. If you need to temporarily use Node 20, you can set the ACTIONS_ALLOW_USE_UNSECURE_NODE_VERSION=true environment variable. For more information see: https://github.blog/changelog/2025-09-19-deprecation-of-node-20-on-github-actions-runners/
linux-packages	Post Run actions/checkout@v4	2026-09-22T19:40:25.5941454Z Post job cleanup.
linux-packages	Post Run actions/checkout@v4	2026-09-22T19:40:25.6458409Z [command]/usr/bin/git version
linux-packages	Post Run actions/checkout@v4	2026-09-22T19:40:25.6481048Z git version 2.55.0
linux-packages	Post Run actions/checkout@v4	2026-09-22T19:40:25.6502688Z Temporarily overriding HOME='/home/runner/work/_temp/3a5c1bc4-2469-41b8-a1b5-5b901ce50fbf' before making global git config changes
linux-packages	Post Run actions/checkout@v4	2026-09-22T19:40:25.6503447Z Adding repository directory to the temporary git global config as a safe directory
linux-packages	Post Run actions/checkout@v4	2026-09-22T19:40:25.6505724Z [command]/usr/bin/git config --global --add safe.directory /home/runner/work/execs/execs
linux-packages	Post Run actions/checkout@v4	2026-09-22T19:40:25.7442622Z [command]/usr/bin/git config --local --name-only --get-regexp core\.sshCommand
linux-packages	Post Run actions/checkout@v4	2026-09-22T19:40:25.7467669Z [command]/usr/bin/git submodule foreach --recursive sh -c "git config --local --name-only --get-regexp 'core\.sshCommand' && git config --local --unset-all 'core.sshCommand' || :"
linux-packages	Post Run actions/checkout@v4	2026-09-22T19:40:25.7572088Z [command]/usr/bin/git config --local --name-only --get-regexp http\.https\:\/\/github\.com\/\.extraheader
linux-packages	Post Run actions/checkout@v4	2026-09-22T19:40:25.7588209Z [command]/usr/bin/git submodule foreach --recursive sh -c "git config --local --name-only --get-regexp 'http\.https\:\/\/github\.com\/\.extraheader' && git config --local --unset-all 'http.https://github.com/.extraheader' || :"
linux-packages	Post Run actions/checkout@v4	2026-09-22T19:40:25.7686219Z [command]/usr/bin/git config --local --name-only --get-regexp ^includeIf\.gitdir:
linux-packages	Post Run actions/checkout@v4	2026-09-22T19:40:25.7701920Z [command]/usr/bin/git submodule foreach --recursive git config --local --show-origin --name-only --get-regexp remote.origin.url
linux-packages	Complete job	2026-09-22T19:40:25.8309662Z Cleaning up orphan processes
linux-packages	Complete job	2026-09-22T19:40:25.8451044Z ##[warning]Node.js 20 is deprecated. The following actions target Node.js 20 but are being forced to run on Node.js 24: actions/checkout@v4, actions/setup-node@v4, actions/upload-artifact@v4, pnpm/action-setup@v4. For more information see: https://github.blog/changelog/2025-09-19-deprecation-of-node-20-on-github-actions-runners/
