linux-packages	Set up job	2026-09-22T19:59:05.5697218Z Current runner version: '2.337.0'
linux-packages	Set up job	2026-09-22T19:59:05.5720930Z ##[group]Runner Image Provisioner
linux-packages	Set up job	2026-09-22T19:59:05.5721806Z Hosted Compute Agent
linux-packages	Set up job	2026-09-22T19:59:05.5722436Z Version: 20260828.587
linux-packages	Set up job	2026-09-22T19:59:05.5723020Z Commit: abac92662cab4cc7352de4f9f9d2e2419aad9c29
linux-packages	Set up job	2026-09-22T19:59:05.5723761Z Build Date: 2026-08-28T16:44:25Z
linux-packages	Set up job	2026-09-22T19:59:05.5724377Z Worker ID: {63a8485d-7118-4912-9470-ce3bcb552d0e}
linux-packages	Set up job	2026-09-22T19:59:05.5725015Z Azure Region: centralus
linux-packages	Set up job	2026-09-22T19:59:05.5726079Z ##[endgroup]
linux-packages	Set up job	2026-09-22T19:59:05.5727493Z ##[group]Operating System
linux-packages	Set up job	2026-09-22T19:59:05.5728074Z Ubuntu
linux-packages	Set up job	2026-09-22T19:59:05.5728565Z 22.04.5
linux-packages	Set up job	2026-09-22T19:59:05.5729076Z LTS
linux-packages	Set up job	2026-09-22T19:59:05.5729561Z ##[endgroup]
linux-packages	Set up job	2026-09-22T19:59:05.5730051Z ##[group]Runner Image
linux-packages	Set up job	2026-09-22T19:59:05.5730655Z Image: ubuntu-22.04
linux-packages	Set up job	2026-09-22T19:59:05.5731174Z Version: 20260907.292.1
linux-packages	Set up job	2026-09-22T19:59:05.5732123Z Included Software: https://github.com/actions/runner-images/blob/ubuntu22/20260907.292/images/ubuntu/Ubuntu2204-Readme.md
linux-packages	Set up job	2026-09-22T19:59:05.5733727Z Image Release: https://github.com/actions/runner-images/releases/tag/ubuntu22%2F20260907.292
linux-packages	Set up job	2026-09-22T19:59:05.5734619Z ##[endgroup]
linux-packages	Set up job	2026-09-22T19:59:05.5735888Z ##[group]GITHUB_TOKEN Permissions
linux-packages	Set up job	2026-09-22T19:59:05.5737980Z Contents: read
linux-packages	Set up job	2026-09-22T19:59:05.5738524Z Metadata: read
linux-packages	Set up job	2026-09-22T19:59:05.5739047Z ##[endgroup]
linux-packages	Set up job	2026-09-22T19:59:05.5741019Z Secret source: Actions
linux-packages	Set up job	2026-09-22T19:59:05.5741878Z Cache mode: write
linux-packages	Set up job	2026-09-22T19:59:05.5742557Z Prepare workflow directory
linux-packages	Set up job	2026-09-22T19:59:05.6090807Z Prepare all required actions
linux-packages	Set up job	2026-09-22T19:59:05.6137912Z Getting action download info
linux-packages	Set up job	2026-09-22T19:59:05.9433336Z Download action repository 'actions/checkout@v4' (SHA:11d5960a326750d5838078e36cf38b85af677262)
linux-packages	Set up job	2026-09-22T19:59:06.0234017Z Download action repository 'pnpm/action-setup@v4' (SHA:b906affcce14559ad1aafd4ab0e942779e9f58b1)
linux-packages	Set up job	2026-09-22T19:59:06.4384724Z Download action repository 'actions/setup-node@v4' (SHA:49933ea5288caeca8642d1e84afbd3f7d6820020)
linux-packages	Set up job	2026-09-22T19:59:06.5755328Z Download action repository 'dtolnay/rust-toolchain@stable' (SHA:6bed0761d98439e5a578e2877258200ad565ba87)
linux-packages	Set up job	2026-09-22T19:59:06.7483466Z Download action repository 'Swatinem/rust-cache@v2' (SHA:6323deb102c322ba6fcbdcafc7e3dddab59af2b6)
linux-packages	Set up job	2026-09-22T19:59:07.1415789Z Download action repository 'actions/upload-artifact@v4' (SHA:ea165f8d65b6e75b540449e92b4886f43607fa02)
linux-packages	Set up job	2026-09-22T19:59:07.4243502Z Complete job name: linux-packages
linux-packages	Run actions/checkout@v4	2026-09-22T19:59:07.4917211Z Node 20 is being deprecated. This workflow is running with Node 24 by default. If you need to temporarily use Node 20, you can set the ACTIONS_ALLOW_USE_UNSECURE_NODE_VERSION=true environment variable. For more information see: https://github.blog/changelog/2025-09-19-deprecation-of-node-20-on-github-actions-runners/
linux-packages	Run actions/checkout@v4	2026-09-22T19:59:07.4924371Z ##[group]Run actions/checkout@v4
linux-packages	Run actions/checkout@v4	2026-09-22T19:59:07.4924983Z with:
linux-packages	Run actions/checkout@v4	2026-09-22T19:59:07.4925616Z   persist-credentials: false
linux-packages	Run actions/checkout@v4	2026-09-22T19:59:07.4926155Z   repository: rndaom/execs
linux-packages	Run actions/checkout@v4	2026-09-22T19:59:07.4928615Z   token: ***
linux-packages	Run actions/checkout@v4	2026-09-22T19:59:07.4929049Z   ssh-strict: true
linux-packages	Run actions/checkout@v4	2026-09-22T19:59:07.4929477Z   ssh-user: git
linux-packages	Run actions/checkout@v4	2026-09-22T19:59:07.4929883Z   clean: true
linux-packages	Run actions/checkout@v4	2026-09-22T19:59:07.4930368Z   sparse-checkout-cone-mode: true
linux-packages	Run actions/checkout@v4	2026-09-22T19:59:07.4930823Z   fetch-depth: 1
linux-packages	Run actions/checkout@v4	2026-09-22T19:59:07.4931230Z   fetch-tags: false
linux-packages	Run actions/checkout@v4	2026-09-22T19:59:07.4931678Z   show-progress: true
linux-packages	Run actions/checkout@v4	2026-09-22T19:59:07.4932157Z   lfs: false
linux-packages	Run actions/checkout@v4	2026-09-22T19:59:07.4932586Z   submodules: false
linux-packages	Run actions/checkout@v4	2026-09-22T19:59:07.4933121Z   set-safe-directory: true
linux-packages	Run actions/checkout@v4	2026-09-22T19:59:07.4933620Z   allow-unsafe-pr-checkout: false
linux-packages	Run actions/checkout@v4	2026-09-22T19:59:07.4934248Z ##[endgroup]
linux-packages	Run actions/checkout@v4	2026-09-22T19:59:07.5958345Z Syncing repository: rndaom/execs
linux-packages	Run actions/checkout@v4	2026-09-22T19:59:07.5960524Z ##[group]Getting Git version info
linux-packages	Run actions/checkout@v4	2026-09-22T19:59:07.5961464Z Working directory is '/home/runner/work/execs/execs'
linux-packages	Run actions/checkout@v4	2026-09-22T19:59:07.5962709Z [command]/usr/bin/git version
linux-packages	Run actions/checkout@v4	2026-09-22T19:59:07.5980735Z git version 2.55.0
linux-packages	Run actions/checkout@v4	2026-09-22T19:59:07.6005000Z ##[endgroup]
linux-packages	Run actions/checkout@v4	2026-09-22T19:59:07.6021723Z Temporarily overriding HOME='/home/runner/work/_temp/e9f85bd5-6a04-4a3e-9292-36ae624ab7f6' before making global git config changes
linux-packages	Run actions/checkout@v4	2026-09-22T19:59:07.6023967Z Adding repository directory to the temporary git global config as a safe directory
linux-packages	Run actions/checkout@v4	2026-09-22T19:59:07.6029879Z [command]/usr/bin/git config --global --add safe.directory /home/runner/work/execs/execs
linux-packages	Run actions/checkout@v4	2026-09-22T19:59:07.6071238Z Deleting the contents of '/home/runner/work/execs/execs'
linux-packages	Run actions/checkout@v4	2026-09-22T19:59:07.6077360Z ##[group]Initializing the repository
linux-packages	Run actions/checkout@v4	2026-09-22T19:59:07.6092621Z [command]/usr/bin/git init /home/runner/work/execs/execs
linux-packages	Run actions/checkout@v4	2026-09-22T19:59:07.6189149Z hint: Using 'master' as the name for the initial branch. This default branch name
linux-packages	Run actions/checkout@v4	2026-09-22T19:59:07.6206930Z hint: will change to "main" in Git 3.0. To configure the initial branch name
linux-packages	Run actions/checkout@v4	2026-09-22T19:59:07.6208333Z hint: to use in all of your new repositories, which will suppress this warning,
linux-packages	Run actions/checkout@v4	2026-09-22T19:59:07.6209212Z hint: call:
linux-packages	Run actions/checkout@v4	2026-09-22T19:59:07.6209830Z hint:
linux-packages	Run actions/checkout@v4	2026-09-22T19:59:07.6210925Z hint: 	git config --global init.defaultBranch <name>
linux-packages	Run actions/checkout@v4	2026-09-22T19:59:07.6211707Z hint:
linux-packages	Run actions/checkout@v4	2026-09-22T19:59:07.6212447Z hint: Names commonly chosen instead of 'master' are 'main', 'trunk' and
linux-packages	Run actions/checkout@v4	2026-09-22T19:59:07.6213482Z hint: 'development'. The just-created branch can be renamed via this command:
linux-packages	Run actions/checkout@v4	2026-09-22T19:59:07.6214311Z hint:
linux-packages	Run actions/checkout@v4	2026-09-22T19:59:07.6214904Z hint: 	git branch -m <name>
linux-packages	Run actions/checkout@v4	2026-09-22T19:59:07.6215701Z hint:
linux-packages	Run actions/checkout@v4	2026-09-22T19:59:07.6216415Z hint: Disable this message with "git config set advice.defaultBranchName false"
linux-packages	Run actions/checkout@v4	2026-09-22T19:59:07.6217626Z Initialized empty Git repository in /home/runner/work/execs/execs/.git/
linux-packages	Run actions/checkout@v4	2026-09-22T19:59:07.6219652Z [command]/usr/bin/git remote add origin https://github.com/rndaom/execs
linux-packages	Run actions/checkout@v4	2026-09-22T19:59:07.6263146Z ##[endgroup]
linux-packages	Run actions/checkout@v4	2026-09-22T19:59:07.6264307Z ##[group]Disabling automatic garbage collection
linux-packages	Run actions/checkout@v4	2026-09-22T19:59:07.6265846Z [command]/usr/bin/git config --local gc.auto 0
linux-packages	Run actions/checkout@v4	2026-09-22T19:59:07.6298994Z ##[endgroup]
linux-packages	Run actions/checkout@v4	2026-09-22T19:59:07.6306324Z ##[group]Setting up auth
linux-packages	Run actions/checkout@v4	2026-09-22T19:59:07.6307744Z [command]/usr/bin/git config --local --name-only --get-regexp core\.sshCommand
linux-packages	Run actions/checkout@v4	2026-09-22T19:59:07.6344172Z [command]/usr/bin/git submodule foreach --recursive sh -c "git config --local --name-only --get-regexp 'core\.sshCommand' && git config --local --unset-all 'core.sshCommand' || :"
linux-packages	Run actions/checkout@v4	2026-09-22T19:59:07.6650486Z [command]/usr/bin/git config --local --name-only --get-regexp http\.https\:\/\/github\.com\/\.extraheader
linux-packages	Run actions/checkout@v4	2026-09-22T19:59:07.6683016Z [command]/usr/bin/git submodule foreach --recursive sh -c "git config --local --name-only --get-regexp 'http\.https\:\/\/github\.com\/\.extraheader' && git config --local --unset-all 'http.https://github.com/.extraheader' || :"
linux-packages	Run actions/checkout@v4	2026-09-22T19:59:07.6908734Z [command]/usr/bin/git config --local --name-only --get-regexp ^includeIf\.gitdir:
linux-packages	Run actions/checkout@v4	2026-09-22T19:59:07.6943231Z [command]/usr/bin/git submodule foreach --recursive git config --local --show-origin --name-only --get-regexp remote.origin.url
linux-packages	Run actions/checkout@v4	2026-09-22T19:59:07.7127068Z [command]/usr/bin/git config --local http.https://github.com/.extraheader AUTHORIZATION: basic ***
linux-packages	Run actions/checkout@v4	2026-09-22T19:59:07.7158112Z ##[endgroup]
linux-packages	Run actions/checkout@v4	2026-09-22T19:59:07.7158863Z ##[group]Fetching the repository
linux-packages	Run actions/checkout@v4	2026-09-22T19:59:07.7166524Z [command]/usr/bin/git -c protocol.version=2 fetch --no-tags --prune --no-recurse-submodules --depth=1 origin +30624b62b2af65d6fd48ecae1d62618ad2cbc1fa:refs/remotes/pull/60/merge
linux-packages	Run actions/checkout@v4	2026-09-22T19:59:10.9644903Z From https://github.com/rndaom/execs
linux-packages	Run actions/checkout@v4	2026-09-22T19:59:10.9645824Z  * [new ref]         30624b62b2af65d6fd48ecae1d62618ad2cbc1fa -> pull/60/merge
linux-packages	Run actions/checkout@v4	2026-09-22T19:59:10.9649101Z ##[endgroup]
linux-packages	Run actions/checkout@v4	2026-09-22T19:59:10.9649671Z ##[group]Determining the checkout info
linux-packages	Run actions/checkout@v4	2026-09-22T19:59:10.9652164Z ##[endgroup]
linux-packages	Run actions/checkout@v4	2026-09-22T19:59:10.9659034Z [command]/usr/bin/git sparse-checkout disable
linux-packages	Run actions/checkout@v4	2026-09-22T19:59:10.9704885Z [command]/usr/bin/git config --local --unset-all extensions.worktreeConfig
linux-packages	Run actions/checkout@v4	2026-09-22T19:59:10.9730848Z ##[group]Checking out the ref
linux-packages	Run actions/checkout@v4	2026-09-22T19:59:10.9756383Z [command]/usr/bin/git checkout --progress --force refs/remotes/pull/60/merge
linux-packages	Run actions/checkout@v4	2026-09-22T19:59:11.3818469Z Note: switching to 'refs/remotes/pull/60/merge'.
linux-packages	Run actions/checkout@v4	2026-09-22T19:59:11.3819043Z 
linux-packages	Run actions/checkout@v4	2026-09-22T19:59:11.3819337Z You are in 'detached HEAD' state. You can look around, make experimental
linux-packages	Run actions/checkout@v4	2026-09-22T19:59:11.3820366Z changes and commit them, and you can discard any commits you make in this
linux-packages	Run actions/checkout@v4	2026-09-22T19:59:11.3821014Z state without impacting any branches by switching back to a branch.
linux-packages	Run actions/checkout@v4	2026-09-22T19:59:11.3821420Z 
linux-packages	Run actions/checkout@v4	2026-09-22T19:59:11.3821792Z If you want to create a new branch to retain commits you create, you may
linux-packages	Run actions/checkout@v4	2026-09-22T19:59:11.3822447Z do so (now or later) by using -c with the switch command. Example:
linux-packages	Run actions/checkout@v4	2026-09-22T19:59:11.3822755Z 
linux-packages	Run actions/checkout@v4	2026-09-22T19:59:11.3822990Z   git switch -c <new-branch-name>
linux-packages	Run actions/checkout@v4	2026-09-22T19:59:11.3823238Z 
linux-packages	Run actions/checkout@v4	2026-09-22T19:59:11.3823501Z Or undo this operation with:
linux-packages	Run actions/checkout@v4	2026-09-22T19:59:11.3823844Z 
linux-packages	Run actions/checkout@v4	2026-09-22T19:59:11.3823999Z   git switch -
linux-packages	Run actions/checkout@v4	2026-09-22T19:59:11.3824305Z 
linux-packages	Run actions/checkout@v4	2026-09-22T19:59:11.3824749Z Turn off this advice by setting config variable advice.detachedHead to false
linux-packages	Run actions/checkout@v4	2026-09-22T19:59:11.3836145Z 
linux-packages	Run actions/checkout@v4	2026-09-22T19:59:11.3837658Z HEAD is now at 30624b6 Merge d80fe576f90fc0ca8a4e5c37ea8decb8274c4475 into 0c5aa21e9b16e3bd3c05c1bb4d9d7e9acddfc7be
linux-packages	Run actions/checkout@v4	2026-09-22T19:59:11.3871317Z ##[endgroup]
linux-packages	Run actions/checkout@v4	2026-09-22T19:59:11.3874742Z [command]/usr/bin/git log -1 --format=%H
linux-packages	Run actions/checkout@v4	2026-09-22T19:59:11.3898149Z 30624b62b2af65d6fd48ecae1d62618ad2cbc1fa
linux-packages	Run actions/checkout@v4	2026-09-22T19:59:11.3906741Z ##[group]Removing auth
linux-packages	Run actions/checkout@v4	2026-09-22T19:59:11.3909131Z [command]/usr/bin/git config --local --name-only --get-regexp core\.sshCommand
linux-packages	Run actions/checkout@v4	2026-09-22T19:59:11.3938895Z [command]/usr/bin/git submodule foreach --recursive sh -c "git config --local --name-only --get-regexp 'core\.sshCommand' && git config --local --unset-all 'core.sshCommand' || :"
linux-packages	Run actions/checkout@v4	2026-09-22T19:59:11.4139643Z [command]/usr/bin/git config --local --name-only --get-regexp http\.https\:\/\/github\.com\/\.extraheader
linux-packages	Run actions/checkout@v4	2026-09-22T19:59:11.4166305Z http.https://github.com/.extraheader
linux-packages	Run actions/checkout@v4	2026-09-22T19:59:11.4169373Z [command]/usr/bin/git config --local --unset-all http.https://github.com/.extraheader
linux-packages	Run actions/checkout@v4	2026-09-22T19:59:11.4199429Z [command]/usr/bin/git submodule foreach --recursive sh -c "git config --local --name-only --get-regexp 'http\.https\:\/\/github\.com\/\.extraheader' && git config --local --unset-all 'http.https://github.com/.extraheader' || :"
linux-packages	Run actions/checkout@v4	2026-09-22T19:59:11.4387954Z [command]/usr/bin/git config --local --name-only --get-regexp ^includeIf\.gitdir:
linux-packages	Run actions/checkout@v4	2026-09-22T19:59:11.4417668Z [command]/usr/bin/git submodule foreach --recursive git config --local --show-origin --name-only --get-regexp remote.origin.url
linux-packages	Run actions/checkout@v4	2026-09-22T19:59:11.4605637Z ##[endgroup]
linux-packages	Install build, package and native automation dependencies	2026-09-22T19:59:11.4786260Z ##[group]Run sudo apt-get update
linux-packages	Install build, package and native automation dependencies	2026-09-22T19:59:11.4786799Z sudo apt-get update
linux-packages	Install build, package and native automation dependencies	2026-09-22T19:59:11.4787627Z sudo apt-get install -y libwebkit2gtk-4.1-dev libayatana-appindicator3-dev librsvg2-dev patchelf webkit2gtk-driver xvfb xauth dbus-x11 xclip xdotool imagemagick python3 libfuse2 fuse3
linux-packages	Install build, package and native automation dependencies	2026-09-22T19:59:11.4788421Z command -v WebKitWebDriver
linux-packages	Install build, package and native automation dependencies	2026-09-22T19:59:11.4788859Z command -v fusermount3
linux-packages	Install build, package and native automation dependencies	2026-09-22T19:59:11.4789185Z command -v import
linux-packages	Install build, package and native automation dependencies	2026-09-22T19:59:11.4789637Z dpkg-query -W libwebkit2gtk-4.1-0 webkit2gtk-driver libfuse2 fuse3 xdotool
linux-packages	Install build, package and native automation dependencies	2026-09-22T19:59:11.5059285Z shell: /usr/bin/bash -e {0}
linux-packages	Install build, package and native automation dependencies	2026-09-22T19:59:11.5059927Z ##[endgroup]
linux-packages	Install build, package and native automation dependencies	2026-09-22T19:59:11.6057978Z Get:1 file:/etc/apt/apt-mirrors.txt Mirrorlist [144 B]
linux-packages	Install build, package and native automation dependencies	2026-09-22T19:59:11.6482177Z Hit:2 http://azure.archive.ubuntu.com/ubuntu jammy InRelease
linux-packages	Install build, package and native automation dependencies	2026-09-22T19:59:11.6566694Z Get:3 http://azure.archive.ubuntu.com/ubuntu jammy-updates InRelease [128 kB]
linux-packages	Install build, package and native automation dependencies	2026-09-22T19:59:11.6584537Z Get:4 http://azure.archive.ubuntu.com/ubuntu jammy-backports InRelease [127 kB]
linux-packages	Install build, package and native automation dependencies	2026-09-22T19:59:11.6608110Z Get:5 http://azure.archive.ubuntu.com/ubuntu jammy-security InRelease [129 kB]
linux-packages	Install build, package and native automation dependencies	2026-09-22T19:59:11.6765726Z Get:6 https://packages.microsoft.com/ubuntu/22.04/prod jammy InRelease [3632 B]
linux-packages	Install build, package and native automation dependencies	2026-09-22T19:59:11.7510780Z Get:7 https://dl.google.com/linux/chrome-stable/deb stable InRelease [2548 B]
linux-packages	Install build, package and native automation dependencies	2026-09-22T19:59:11.7983046Z Get:8 http://azure.archive.ubuntu.com/ubuntu jammy-updates/main amd64 Packages [3819 kB]
linux-packages	Install build, package and native automation dependencies	2026-09-22T19:59:11.8188247Z Get:9 http://azure.archive.ubuntu.com/ubuntu jammy-updates/main Translation-en [567 kB]
linux-packages	Install build, package and native automation dependencies	2026-09-22T19:59:11.8217949Z Get:10 http://azure.archive.ubuntu.com/ubuntu jammy-updates/restricted amd64 Packages [6579 kB]
linux-packages	Install build, package and native automation dependencies	2026-09-22T19:59:11.8482114Z Get:11 http://azure.archive.ubuntu.com/ubuntu jammy-updates/restricted Translation-en [1263 kB]
linux-packages	Install build, package and native automation dependencies	2026-09-22T19:59:11.8533967Z Get:12 http://azure.archive.ubuntu.com/ubuntu jammy-updates/universe amd64 Packages [1283 kB]
linux-packages	Install build, package and native automation dependencies	2026-09-22T19:59:11.8609322Z Get:13 http://azure.archive.ubuntu.com/ubuntu jammy-updates/universe Translation-en [324 kB]
linux-packages	Install build, package and native automation dependencies	2026-09-22T19:59:11.8626098Z Get:14 http://azure.archive.ubuntu.com/ubuntu jammy-updates/multiverse amd64 Packages [76.8 kB]
linux-packages	Install build, package and native automation dependencies	2026-09-22T19:59:11.8637819Z Get:15 http://azure.archive.ubuntu.com/ubuntu jammy-updates/multiverse Translation-en [15.9 kB]
linux-packages	Install build, package and native automation dependencies	2026-09-22T19:59:11.8728847Z Get:16 http://azure.archive.ubuntu.com/ubuntu jammy-backports/main amd64 Packages [70.2 kB]
linux-packages	Install build, package and native automation dependencies	2026-09-22T19:59:11.8738909Z Get:17 http://azure.archive.ubuntu.com/ubuntu jammy-backports/universe amd64 Packages [30.8 kB]
linux-packages	Install build, package and native automation dependencies	2026-09-22T19:59:11.9217382Z Get:18 http://azure.archive.ubuntu.com/ubuntu jammy-backports/universe Translation-en [16.9 kB]
linux-packages	Install build, package and native automation dependencies	2026-09-22T19:59:11.9357177Z Get:19 http://azure.archive.ubuntu.com/ubuntu jammy-security/main amd64 Packages [3548 kB]
linux-packages	Install build, package and native automation dependencies	2026-09-22T19:59:11.9537454Z Get:20 http://azure.archive.ubuntu.com/ubuntu jammy-security/main Translation-en [499 kB]
linux-packages	Install build, package and native automation dependencies	2026-09-22T19:59:11.9597014Z Get:21 http://azure.archive.ubuntu.com/ubuntu jammy-security/restricted amd64 Packages [6342 kB]
linux-packages	Install build, package and native automation dependencies	2026-09-22T19:59:11.9833793Z Get:22 http://azure.archive.ubuntu.com/ubuntu jammy-security/restricted Translation-en [1219 kB]
linux-packages	Install build, package and native automation dependencies	2026-09-22T19:59:11.9897178Z Get:23 http://azure.archive.ubuntu.com/ubuntu jammy-security/universe amd64 Packages [1049 kB]
linux-packages	Install build, package and native automation dependencies	2026-09-22T19:59:11.9926139Z Get:24 http://azure.archive.ubuntu.com/ubuntu jammy-security/universe Translation-en [235 kB]
linux-packages	Install build, package and native automation dependencies	2026-09-22T19:59:11.9947934Z Get:25 http://azure.archive.ubuntu.com/ubuntu jammy-security/multiverse amd64 Packages [69.4 kB]
linux-packages	Install build, package and native automation dependencies	2026-09-22T19:59:11.9960341Z Get:26 http://azure.archive.ubuntu.com/ubuntu jammy-security/multiverse Translation-en [12.9 kB]
linux-packages	Install build, package and native automation dependencies	2026-09-22T19:59:12.0107213Z Get:27 https://packages.microsoft.com/ubuntu/22.04/prod jammy/main arm64 Packages [529 kB]
linux-packages	Install build, package and native automation dependencies	2026-09-22T19:59:12.0782120Z Get:28 https://dl.google.com/linux/chrome-stable/deb stable/main amd64 Packages [1412 B]
linux-packages	Install build, package and native automation dependencies	2026-09-22T19:59:12.0802565Z Get:29 https://packages.microsoft.com/ubuntu/22.04/prod jammy/main amd64 Packages [763 kB]
linux-packages	Install build, package and native automation dependencies	2026-09-22T19:59:21.3369431Z Fetched 28.7 MB in 3s (8832 kB/s)
linux-packages	Install build, package and native automation dependencies	2026-09-22T19:59:22.6291593Z Reading package lists...
linux-packages	Install build, package and native automation dependencies	2026-09-22T19:59:22.6948109Z Reading package lists...
linux-packages	Install build, package and native automation dependencies	2026-09-22T19:59:22.9621854Z Building dependency tree...
linux-packages	Install build, package and native automation dependencies	2026-09-22T19:59:22.9632619Z Reading state information...
linux-packages	Install build, package and native automation dependencies	2026-09-22T19:59:23.1630116Z fuse3 is already the newest version (3.10.5-1build1).
linux-packages	Install build, package and native automation dependencies	2026-09-22T19:59:23.1631011Z fuse3 set to manually installed.
linux-packages	Install build, package and native automation dependencies	2026-09-22T19:59:23.1631464Z xauth is already the newest version (1:1.1-1build2).
linux-packages	Install build, package and native automation dependencies	2026-09-22T19:59:23.1631937Z xauth set to manually installed.
linux-packages	Install build, package and native automation dependencies	2026-09-22T19:59:23.1632456Z patchelf is already the newest version (0.14.3-1).
linux-packages	Install build, package and native automation dependencies	2026-09-22T19:59:23.1633012Z librsvg2-dev is already the newest version (2.52.5+dfsg-3ubuntu0.2).
linux-packages	Install build, package and native automation dependencies	2026-09-22T19:59:23.1633587Z librsvg2-dev set to manually installed.
linux-packages	Install build, package and native automation dependencies	2026-09-22T19:59:23.1634048Z python3 is already the newest version (3.10.6-1~22.04.1).
linux-packages	Install build, package and native automation dependencies	2026-09-22T19:59:23.1634629Z imagemagick is already the newest version (8:6.9.11.60+dfsg-1.3ubuntu0.22.04.5).
linux-packages	Install build, package and native automation dependencies	2026-09-22T19:59:23.1635798Z xvfb is already the newest version (2:21.1.4-2ubuntu1.7~22.04.16).
linux-packages	Install build, package and native automation dependencies	2026-09-22T19:59:23.1636604Z The following additional packages will be installed:
linux-packages	Install build, package and native automation dependencies	2026-09-22T19:59:23.1637455Z   bubblewrap gir1.2-atk-1.0 gir1.2-atspi-2.0 gir1.2-ayatanaappindicator3-0.1
linux-packages	Install build, package and native automation dependencies	2026-09-22T19:59:23.1638248Z   gir1.2-ayatanaido3-0.4 gir1.2-dazzle-1.0 gir1.2-dbusmenu-glib-0.4
linux-packages	Install build, package and native automation dependencies	2026-09-22T19:59:23.1639429Z   gir1.2-gtk-3.0 gir1.2-harfbuzz-0.0 gir1.2-json-1.0 gir1.2-pango-1.0
linux-packages	Install build, package and native automation dependencies	2026-09-22T19:59:23.1640098Z   gir1.2-polkit-1.0 gir1.2-soup-3.0 gstreamer1.0-gl gstreamer1.0-plugins-base
linux-packages	Install build, package and native automation dependencies	2026-09-22T19:59:23.1640827Z   gstreamer1.0-plugins-good gstreamer1.0-x libaa1 libasyncns0
linux-packages	Install build, package and native automation dependencies	2026-09-22T19:59:23.1641299Z   libatk-bridge2.0-dev libatk1.0-dev libatspi2.0-dev libavc1394-0
linux-packages	Install build, package and native automation dependencies	2026-09-22T19:59:23.1641786Z   libayatana-appindicator3-1 libayatana-ido3-0.4-0 libayatana-ido3-dev
linux-packages	Install build, package and native automation dependencies	2026-09-22T19:59:23.1642442Z   libayatana-indicator3-7 libayatana-indicator3-dev libcaca0 libcdparanoia0
linux-packages	Install build, package and native automation dependencies	2026-09-22T19:59:23.1643013Z   libdatrie-dev libdazzle-1.0-0 libdazzle-1.0-dev libdazzle-common
linux-packages	Install build, package and native automation dependencies	2026-09-22T19:59:23.1643609Z   libdbus-1-dev libdbus-glib-1-dev libdbus-glib-1-dev-bin libdbusmenu-glib-dev
linux-packages	Install build, package and native automation dependencies	2026-09-22T19:59:23.1644363Z   libdv4 libegl-dev libegl-mesa0 libegl1 libegl1-mesa-dev libepoxy-dev
linux-packages	Install build, package and native automation dependencies	2026-09-22T19:59:23.1644888Z   libevdev2 libflac8 libfribidi-dev libgl-dev libgles-dev libgles1 libgles2
linux-packages	Install build, package and native automation dependencies	2026-09-22T19:59:23.1645685Z   libglvnd-core-dev libglvnd-dev libglx-dev libgraphene-1.0-0 libgraphite2-dev
linux-packages	Install build, package and native automation dependencies	2026-09-22T19:59:23.1646194Z   libgstreamer-gl1.0-0 libgstreamer-plugins-base1.0-0
linux-packages	Install build, package and native automation dependencies	2026-09-22T19:59:23.1646643Z   libgstreamer-plugins-good1.0-0 libgtk-3-dev libharfbuzz-dev
linux-packages	Install build, package and native automation dependencies	2026-09-22T19:59:23.1647126Z   libharfbuzz-gobject0 libharfbuzz-icu0 libhyphen0 libiec61883-0
linux-packages	Install build, package and native automation dependencies	2026-09-22T19:59:23.1647672Z   libjack-jackd2-0 libjavascriptcoregtk-4.1-0 libjavascriptcoregtk-4.1-dev
linux-packages	Install build, package and native automation dependencies	2026-09-22T19:59:23.1648240Z   libjson-glib-dev libmanette-0.2-0 libmp3lame0 libmpg123-0 libnghttp2-dev
linux-packages	Install build, package and native automation dependencies	2026-09-22T19:59:23.1648748Z   libopengl-dev libopengl0 libopus0 liborc-0.4-0 libpango1.0-dev
linux-packages	Install build, package and native automation dependencies	2026-09-22T19:59:23.1649224Z   libpangoxft-1.0-0 libpipewire-0.3-0 libpipewire-0.3-common
linux-packages	Install build, package and native automation dependencies	2026-09-22T19:59:23.1649719Z   libpipewire-0.3-modules libpolkit-agent-1-0 libpolkit-gobject-1-0
linux-packages	Install build, package and native automation dependencies	2026-09-22T19:59:23.1650231Z   libpolkit-gobject-1-dev libpsl-dev libpulse0 libraw1394-11 libsamplerate0
linux-packages	Install build, package and native automation dependencies	2026-09-22T19:59:23.1650759Z   libshout3 libsndfile1 libsoup-3.0-0 libsoup-3.0-common libsoup-3.0-dev
linux-packages	Install build, package and native automation dependencies	2026-09-22T19:59:23.1651335Z   libspa-0.2-modules libspeex1 libsysprof-4 libsysprof-4-dev libsysprof-ui-4
linux-packages	Install build, package and native automation dependencies	2026-09-22T19:59:23.1651860Z   libtag1v5 libtag1v5-vanilla libthai-dev libtheora0 libtwolame0 libv4l-0
linux-packages	Install build, package and native automation dependencies	2026-09-22T19:59:23.1652378Z   libv4lconvert0 libvisual-0.4-0 libvorbisenc2 libvpx7 libwavpack1
linux-packages	Install build, package and native automation dependencies	2026-09-22T19:59:23.1652917Z   libwayland-bin libwayland-dev libwebkit2gtk-4.1-0
linux-packages	Install build, package and native automation dependencies	2026-09-22T19:59:23.1653566Z   libwebrtc-audio-processing1 libwoff1 libxcomposite-dev libxcursor-dev
linux-packages	Install build, package and native automation dependencies	2026-09-22T19:59:23.1654088Z   libxdamage-dev libxdo3 libxfixes-dev libxft-dev libxi-dev libxinerama-dev
linux-packages	Install build, package and native automation dependencies	2026-09-22T19:59:23.1654796Z   libxkbcommon-dev libxrandr-dev libxtst-dev libxv1 pango1.0-tools pipewire
linux-packages	Install build, package and native automation dependencies	2026-09-22T19:59:23.1655621Z   pipewire-bin pipewire-media-session pkexec policykit-1 polkitd rtkit
linux-packages	Install build, package and native automation dependencies	2026-09-22T19:59:23.1656138Z   wayland-protocols xdg-dbus-proxy xdg-desktop-portal xdg-desktop-portal-gtk
linux-packages	Install build, package and native automation dependencies	2026-09-22T19:59:23.1656630Z Suggested packages:
linux-packages	Install build, package and native automation dependencies	2026-09-22T19:59:23.1657015Z   gvfs libdatrie-doc libdazzle-doc libdazzle-tools libdv-bin oss-compat
linux-packages	Install build, package and native automation dependencies	2026-09-22T19:59:23.1657514Z   libgraphite2-utils libvisual-0.4-plugins libgtk-3-doc jackd2
linux-packages	Install build, package and native automation dependencies	2026-09-22T19:59:23.1658008Z   libjson-glib-doc libnghttp2-doc opus-tools libpango1.0-doc pulseaudio
linux-packages	Install build, package and native automation dependencies	2026-09-22T19:59:23.1658498Z   libraw1394-doc libsoup-3.0-doc speex libthai-doc libwayland-doc
linux-packages	Install build, package and native automation dependencies	2026-09-22T19:59:23.1659043Z   gstreamer1.0-libav gstreamer1.0-plugins-bad gstreamer1.0-alsa graphicsmagick
linux-packages	Install build, package and native automation dependencies	2026-09-22T19:59:23.1659556Z   accountsservice evince xdg-desktop-portal-gnome
linux-packages	Install build, package and native automation dependencies	2026-09-22T19:59:23.2104251Z The following NEW packages will be installed:
linux-packages	Install build, package and native automation dependencies	2026-09-22T19:59:23.2105467Z   bubblewrap dbus-x11 gir1.2-atk-1.0 gir1.2-atspi-2.0
linux-packages	Install build, package and native automation dependencies	2026-09-22T19:59:23.2106170Z   gir1.2-ayatanaappindicator3-0.1 gir1.2-ayatanaido3-0.4 gir1.2-dazzle-1.0
linux-packages	Install build, package and native automation dependencies	2026-09-22T19:59:23.2106861Z   gir1.2-dbusmenu-glib-0.4 gir1.2-gtk-3.0 gir1.2-harfbuzz-0.0 gir1.2-json-1.0
linux-packages	Install build, package and native automation dependencies	2026-09-22T19:59:23.2107595Z   gir1.2-pango-1.0 gir1.2-polkit-1.0 gir1.2-soup-3.0 gstreamer1.0-gl
linux-packages	Install build, package and native automation dependencies	2026-09-22T19:59:23.2108732Z   gstreamer1.0-plugins-base gstreamer1.0-plugins-good gstreamer1.0-x libaa1
linux-packages	Install build, package and native automation dependencies	2026-09-22T19:59:23.2109659Z   libasyncns0 libatk-bridge2.0-dev libatk1.0-dev libatspi2.0-dev libavc1394-0
linux-packages	Install build, package and native automation dependencies	2026-09-22T19:59:23.2110398Z   libayatana-appindicator3-1 libayatana-appindicator3-dev
linux-packages	Install build, package and native automation dependencies	2026-09-22T19:59:23.2110869Z   libayatana-ido3-0.4-0 libayatana-ido3-dev libayatana-indicator3-7
linux-packages	Install build, package and native automation dependencies	2026-09-22T19:59:23.2111402Z   libayatana-indicator3-dev libcaca0 libcdparanoia0 libdatrie-dev
linux-packages	Install build, package and native automation dependencies	2026-09-22T19:59:23.2111890Z   libdazzle-1.0-0 libdazzle-1.0-dev libdazzle-common libdbus-1-dev
linux-packages	Install build, package and native automation dependencies	2026-09-22T19:59:23.2112387Z   libdbus-glib-1-dev libdbus-glib-1-dev-bin libdbusmenu-glib-dev libdv4
linux-packages	Install build, package and native automation dependencies	2026-09-22T19:59:23.2112941Z   libegl-dev libegl-mesa0 libegl1 libegl1-mesa-dev libepoxy-dev libevdev2
linux-packages	Install build, package and native automation dependencies	2026-09-22T19:59:23.2113457Z   libflac8 libfribidi-dev libfuse2 libgl-dev libgles-dev libgles1 libgles2
linux-packages	Install build, package and native automation dependencies	2026-09-22T19:59:23.2114057Z   libglvnd-core-dev libglvnd-dev libglx-dev libgraphene-1.0-0 libgraphite2-dev
linux-packages	Install build, package and native automation dependencies	2026-09-22T19:59:23.2114567Z   libgstreamer-gl1.0-0 libgstreamer-plugins-base1.0-0
linux-packages	Install build, package and native automation dependencies	2026-09-22T19:59:23.2115020Z   libgstreamer-plugins-good1.0-0 libgtk-3-dev libharfbuzz-dev
linux-packages	Install build, package and native automation dependencies	2026-09-22T19:59:23.2115952Z   libharfbuzz-gobject0 libharfbuzz-icu0 libhyphen0 libiec61883-0
linux-packages	Install build, package and native automation dependencies	2026-09-22T19:59:23.2116546Z   libjack-jackd2-0 libjavascriptcoregtk-4.1-0 libjavascriptcoregtk-4.1-dev
linux-packages	Install build, package and native automation dependencies	2026-09-22T19:59:23.2117108Z   libjson-glib-dev libmanette-0.2-0 libmp3lame0 libmpg123-0 libnghttp2-dev
linux-packages	Install build, package and native automation dependencies	2026-09-22T19:59:23.2117608Z   libopengl-dev libopengl0 libopus0 liborc-0.4-0 libpango1.0-dev
linux-packages	Install build, package and native automation dependencies	2026-09-22T19:59:23.2118116Z   libpangoxft-1.0-0 libpipewire-0.3-0 libpipewire-0.3-common
linux-packages	Install build, package and native automation dependencies	2026-09-22T19:59:23.2118624Z   libpipewire-0.3-modules libpolkit-gobject-1-dev libpsl-dev libpulse0
linux-packages	Install build, package and native automation dependencies	2026-09-22T19:59:23.2119119Z   libraw1394-11 libsamplerate0 libshout3 libsndfile1 libsoup-3.0-0
linux-packages	Install build, package and native automation dependencies	2026-09-22T19:59:23.2119655Z   libsoup-3.0-common libsoup-3.0-dev libspa-0.2-modules libspeex1 libsysprof-4
linux-packages	Install build, package and native automation dependencies	2026-09-22T19:59:23.2120182Z   libsysprof-4-dev libsysprof-ui-4 libtag1v5 libtag1v5-vanilla libthai-dev
linux-packages	Install build, package and native automation dependencies	2026-09-22T19:59:23.2120689Z   libtheora0 libtwolame0 libv4l-0 libv4lconvert0 libvisual-0.4-0 libvorbisenc2
linux-packages	Install build, package and native automation dependencies	2026-09-22T19:59:23.2121250Z   libvpx7 libwavpack1 libwayland-bin libwayland-dev libwebkit2gtk-4.1-0
linux-packages	Install build, package and native automation dependencies	2026-09-22T19:59:23.2121807Z   libwebkit2gtk-4.1-dev libwebrtc-audio-processing1 libwoff1 libxcomposite-dev
linux-packages	Install build, package and native automation dependencies	2026-09-22T19:59:23.2122371Z   libxcursor-dev libxdamage-dev libxdo3 libxfixes-dev libxft-dev libxi-dev
linux-packages	Install build, package and native automation dependencies	2026-09-22T19:59:23.2122864Z   libxinerama-dev libxkbcommon-dev libxrandr-dev libxtst-dev libxv1
linux-packages	Install build, package and native automation dependencies	2026-09-22T19:59:23.2123341Z   pango1.0-tools pipewire pipewire-bin pipewire-media-session rtkit
linux-packages	Install build, package and native automation dependencies	2026-09-22T19:59:23.2124037Z   wayland-protocols webkit2gtk-driver xclip xdg-dbus-proxy xdg-desktop-portal
linux-packages	Install build, package and native automation dependencies	2026-09-22T19:59:23.2126777Z   xdg-desktop-portal-gtk xdotool
linux-packages	Install build, package and native automation dependencies	2026-09-22T19:59:23.2127619Z The following packages will be upgraded:
linux-packages	Install build, package and native automation dependencies	2026-09-22T19:59:23.2130138Z   libpolkit-agent-1-0 libpolkit-gobject-1-0 pkexec policykit-1 polkitd
linux-packages	Install build, package and native automation dependencies	2026-09-22T19:59:23.2306615Z 5 upgraded, 141 newly installed, 0 to remove and 95 not upgraded.
linux-packages	Install build, package and native automation dependencies	2026-09-22T19:59:23.2307654Z Need to get 56.3 MB of archives.
linux-packages	Install build, package and native automation dependencies	2026-09-22T19:59:23.2308298Z After this operation, 218 MB of additional disk space will be used.
linux-packages	Install build, package and native automation dependencies	2026-09-22T19:59:23.2308976Z Get:1 file:/etc/apt/apt-mirrors.txt Mirrorlist [144 B]
linux-packages	Install build, package and native automation dependencies	2026-09-22T19:59:23.2976725Z Get:2 http://azure.archive.ubuntu.com/ubuntu jammy-updates/main amd64 bubblewrap amd64 0.6.1-1ubuntu0.3 [46.3 kB]
linux-packages	Install build, package and native automation dependencies	2026-09-22T19:59:23.3301751Z Get:3 http://azure.archive.ubuntu.com/ubuntu jammy-updates/main amd64 dbus-x11 amd64 1.12.20-2ubuntu4.1 [23.0 kB]
linux-packages	Install build, package and native automation dependencies	2026-09-22T19:59:23.3718474Z Get:4 http://azure.archive.ubuntu.com/ubuntu jammy/main amd64 gir1.2-atk-1.0 amd64 2.36.0-3build1 [21.0 kB]
linux-packages	Install build, package and native automation dependencies	2026-09-22T19:59:23.4141961Z Get:5 http://azure.archive.ubuntu.com/ubuntu jammy/main amd64 gir1.2-atspi-2.0 amd64 2.44.0-3 [18.1 kB]
linux-packages	Install build, package and native automation dependencies	2026-09-22T19:59:23.4554039Z Get:6 http://azure.archive.ubuntu.com/ubuntu jammy-updates/main amd64 gir1.2-harfbuzz-0.0 amd64 2.7.4-1ubuntu3.2 [31.6 kB]
linux-packages	Install build, package and native automation dependencies	2026-09-22T19:59:23.4971820Z Get:7 http://azure.archive.ubuntu.com/ubuntu jammy-updates/main amd64 libpangoxft-1.0-0 amd64 1.50.6+ds-2ubuntu1 [31.0 kB]
linux-packages	Install build, package and native automation dependencies	2026-09-22T19:59:23.5386657Z Get:8 http://azure.archive.ubuntu.com/ubuntu jammy-updates/main amd64 gir1.2-pango-1.0 amd64 1.50.6+ds-2ubuntu1 [44.0 kB]
linux-packages	Install build, package and native automation dependencies	2026-09-22T19:59:23.5802644Z Get:9 http://azure.archive.ubuntu.com/ubuntu jammy-updates/main amd64 gir1.2-gtk-3.0 amd64 3.24.33-1ubuntu2.2 [240 kB]
linux-packages	Install build, package and native automation dependencies	2026-09-22T19:59:23.6164793Z Get:10 http://azure.archive.ubuntu.com/ubuntu jammy/main amd64 libayatana-ido3-0.4-0 amd64 0.9.1-1 [61.0 kB]
linux-packages	Install build, package and native automation dependencies	2026-09-22T19:59:23.6515285Z Get:11 http://azure.archive.ubuntu.com/ubuntu jammy/main amd64 libayatana-indicator3-7 amd64 0.9.1-1 [33.6 kB]
linux-packages	Install build, package and native automation dependencies	2026-09-22T19:59:23.6866010Z Get:12 http://azure.archive.ubuntu.com/ubuntu jammy/main amd64 libayatana-appindicator3-1 amd64 0.5.90-7ubuntu2 [25.0 kB]
linux-packages	Install build, package and native automation dependencies	2026-09-22T19:59:23.7213602Z Get:13 http://azure.archive.ubuntu.com/ubuntu jammy/main amd64 gir1.2-ayatanaappindicator3-0.1 amd64 0.5.90-7ubuntu2 [5822 B]
linux-packages	Install build, package and native automation dependencies	2026-09-22T19:59:23.7558015Z Get:14 http://azure.archive.ubuntu.com/ubuntu jammy/main amd64 gir1.2-ayatanaido3-0.4 amd64 0.9.1-1 [6356 B]
linux-packages	Install build, package and native automation dependencies	2026-09-22T19:59:23.7902594Z Get:15 http://azure.archive.ubuntu.com/ubuntu jammy/main amd64 libdazzle-common all 3.44.0-1 [3400 B]
linux-packages	Install build, package and native automation dependencies	2026-09-22T19:59:23.8250087Z Get:16 http://azure.archive.ubuntu.com/ubuntu jammy/main amd64 libdazzle-1.0-0 amd64 3.44.0-1 [356 kB]
linux-packages	Install build, package and native automation dependencies	2026-09-22T19:59:23.8619071Z Get:17 http://azure.archive.ubuntu.com/ubuntu jammy/main amd64 gir1.2-dazzle-1.0 amd64 3.44.0-1 [36.7 kB]
linux-packages	Install build, package and native automation dependencies	2026-09-22T19:59:23.8969251Z Get:18 http://azure.archive.ubuntu.com/ubuntu jammy/main amd64 gir1.2-dbusmenu-glib-0.4 amd64 16.04.1+18.10.20180917-0ubuntu8 [6624 B]
linux-packages	Install build, package and native automation dependencies	2026-09-22T19:59:23.9750778Z Get:19 http://azure.archive.ubuntu.com/ubuntu jammy/main amd64 gir1.2-json-1.0 amd64 1.6.6-1build1 [8874 B]
linux-packages	Install build, package and native automation dependencies	2026-09-22T19:59:24.0146156Z Get:20 http://azure.archive.ubuntu.com/ubuntu jammy-updates/main amd64 polkitd amd64 0.105-33ubuntu0.2 [80.2 kB]
linux-packages	Install build, package and native automation dependencies	2026-09-22T19:59:24.1350221Z Get:21 http://azure.archive.ubuntu.com/ubuntu jammy-updates/main amd64 policykit-1 amd64 0.105-33ubuntu0.2 [2440 B]
linux-packages	Install build, package and native automation dependencies	2026-09-22T19:59:24.1739068Z Get:22 http://azure.archive.ubuntu.com/ubuntu jammy-updates/main amd64 pkexec amd64 0.105-33ubuntu0.2 [15.1 kB]
linux-packages	Install build, package and native automation dependencies	2026-09-22T19:59:24.2163834Z Get:23 http://azure.archive.ubuntu.com/ubuntu jammy-updates/main amd64 libpolkit-agent-1-0 amd64 0.105-33ubuntu0.2 [16.8 kB]
linux-packages	Install build, package and native automation dependencies	2026-09-22T19:59:24.2591438Z Get:24 http://azure.archive.ubuntu.com/ubuntu jammy-updates/main amd64 libpolkit-gobject-1-0 amd64 0.105-33ubuntu0.2 [41.9 kB]
linux-packages	Install build, package and native automation dependencies	2026-09-22T19:59:24.3089847Z Get:25 http://azure.archive.ubuntu.com/ubuntu jammy-updates/main amd64 gir1.2-polkit-1.0 amd64 0.105-33ubuntu0.2 [7772 B]
linux-packages	Install build, package and native automation dependencies	2026-09-22T19:59:24.3490629Z Get:26 http://azure.archive.ubuntu.com/ubuntu jammy-updates/universe amd64 libsoup-3.0-common all 3.0.7-0ubuntu1 [62.1 kB]
linux-packages	Install build, package and native automation dependencies	2026-09-22T19:59:24.4070680Z Get:27 http://azure.archive.ubuntu.com/ubuntu jammy-updates/universe amd64 libsoup-3.0-0 amd64 3.0.7-0ubuntu1 [278 kB]
linux-packages	Install build, package and native automation dependencies	2026-09-22T19:59:24.4500152Z Get:28 http://azure.archive.ubuntu.com/ubuntu jammy-updates/universe amd64 gir1.2-soup-3.0 amd64 3.0.7-0ubuntu1 [21.8 kB]
linux-packages	Install build, package and native automation dependencies	2026-09-22T19:59:24.4917106Z Get:29 http://azure.archive.ubuntu.com/ubuntu jammy/main amd64 libgraphene-1.0-0 amd64 1.10.8-1 [48.2 kB]
linux-packages	Install build, package and native automation dependencies	2026-09-22T19:59:24.5331140Z Get:30 http://azure.archive.ubuntu.com/ubuntu jammy-updates/main amd64 libegl-mesa0 amd64 23.2.1-1ubuntu3.1~22.04.4 [118 kB]
linux-packages	Install build, package and native automation dependencies	2026-09-22T19:59:24.5751012Z Get:31 http://azure.archive.ubuntu.com/ubuntu jammy/main amd64 libegl1 amd64 1.4.0-1 [28.6 kB]
linux-packages	Install build, package and native automation dependencies	2026-09-22T19:59:24.6166900Z Get:32 http://azure.archive.ubuntu.com/ubuntu jammy-updates/main amd64 liborc-0.4-0 amd64 1:0.4.32-2ubuntu0.1 [228 kB]
linux-packages	Install build, package and native automation dependencies	2026-09-22T19:59:24.6610766Z Get:33 http://azure.archive.ubuntu.com/ubuntu jammy-updates/main amd64 libgstreamer-plugins-base1.0-0 amd64 1.20.1-1ubuntu0.7 [848 kB]
linux-packages	Install build, package and native automation dependencies	2026-09-22T19:59:24.7154301Z Get:34 http://azure.archive.ubuntu.com/ubuntu jammy-updates/main amd64 libgstreamer-gl1.0-0 amd64 1.20.1-1ubuntu0.7 [204 kB]
linux-packages	Install build, package and native automation dependencies	2026-09-22T19:59:24.7582080Z Get:35 http://azure.archive.ubuntu.com/ubuntu jammy-updates/main amd64 gstreamer1.0-gl amd64 1.20.1-1ubuntu0.7 [125 kB]
linux-packages	Install build, package and native automation dependencies	2026-09-22T19:59:24.8000509Z Get:36 http://azure.archive.ubuntu.com/ubuntu jammy/main amd64 libcdparanoia0 amd64 3.10.2+debian-14build2 [49.3 kB]
linux-packages	Install build, package and native automation dependencies	2026-09-22T19:59:24.8415374Z Get:37 http://azure.archive.ubuntu.com/ubuntu jammy/main amd64 libopus0 amd64 1.3.1-0.1build2 [203 kB]
linux-packages	Install build, package and native automation dependencies	2026-09-22T19:59:24.8840869Z Get:38 http://azure.archive.ubuntu.com/ubuntu jammy/main amd64 libtheora0 amd64 1.1.1+dfsg.1-15ubuntu4 [209 kB]
linux-packages	Install build, package and native automation dependencies	2026-09-22T19:59:24.9402386Z Get:39 http://azure.archive.ubuntu.com/ubuntu jammy/main amd64 libvisual-0.4-0 amd64 0.4.0-17build2 [108 kB]
linux-packages	Install build, package and native automation dependencies	2026-09-22T19:59:25.0531539Z Get:40 http://azure.archive.ubuntu.com/ubuntu jammy/main amd64 libvorbisenc2 amd64 1.3.7-1build2 [82.6 kB]
linux-packages	Install build, package and native automation dependencies	2026-09-22T19:59:25.0946280Z Get:41 http://azure.archive.ubuntu.com/ubuntu jammy-updates/main amd64 gstreamer1.0-plugins-base amd64 1.20.1-1ubuntu0.7 [712 kB]
linux-packages	Install build, package and native automation dependencies	2026-09-22T19:59:25.1993672Z Get:42 http://azure.archive.ubuntu.com/ubuntu jammy/main amd64 libaa1 amd64 1.4p5-50build1 [51.9 kB]
linux-packages	Install build, package and native automation dependencies	2026-09-22T19:59:25.2285826Z Get:43 http://azure.archive.ubuntu.com/ubuntu jammy/main amd64 libraw1394-11 amd64 2.1.2-2build2 [27.0 kB]
linux-packages	Install build, package and native automation dependencies	2026-09-22T19:59:25.2576663Z Get:44 http://azure.archive.ubuntu.com/ubuntu jammy/main amd64 libavc1394-0 amd64 0.5.4-5build2 [17.0 kB]
linux-packages	Install build, package and native automation dependencies	2026-09-22T19:59:25.2899597Z Get:45 http://azure.archive.ubuntu.com/ubuntu jammy-updates/main amd64 libcaca0 amd64 0.99.beta19-2.2ubuntu4.2 [224 kB]
linux-packages	Install build, package and native automation dependencies	2026-09-22T19:59:25.3229151Z Get:46 http://azure.archive.ubuntu.com/ubuntu jammy/main amd64 libdv4 amd64 1.0.0-14build1 [61.9 kB]
linux-packages	Install build, package and native automation dependencies	2026-09-22T19:59:25.3627644Z Get:47 http://azure.archive.ubuntu.com/ubuntu jammy-updates/main amd64 libflac8 amd64 1.3.3-2ubuntu0.2 [111 kB]
linux-packages	Install build, package and native automation dependencies	2026-09-22T19:59:25.4054472Z Get:48 http://azure.archive.ubuntu.com/ubuntu jammy-updates/main amd64 libgstreamer-plugins-good1.0-0 amd64 1.20.3-0ubuntu1.9 [31.1 kB]
linux-packages	Install build, package and native automation dependencies	2026-09-22T19:59:25.4451024Z Get:49 http://azure.archive.ubuntu.com/ubuntu jammy/main amd64 libiec61883-0 amd64 1.2.0-4build3 [25.9 kB]
linux-packages	Install build, package and native automation dependencies	2026-09-22T19:59:25.4844544Z Get:50 http://azure.archive.ubuntu.com/ubuntu jammy/main amd64 libsamplerate0 amd64 0.2.2-1build1 [1359 kB]
linux-packages	Install build, package and native automation dependencies	2026-09-22T19:59:25.5311238Z Get:51 http://azure.archive.ubuntu.com/ubuntu jammy/main amd64 libjack-jackd2-0 amd64 1.9.20~dfsg-1 [293 kB]
linux-packages	Install build, package and native automation dependencies	2026-09-22T19:59:25.5723069Z Get:52 http://azure.archive.ubuntu.com/ubuntu jammy/main amd64 libmp3lame0 amd64 3.100-3build2 [141 kB]
linux-packages	Install build, package and native automation dependencies	2026-09-22T19:59:25.6123724Z Get:53 http://azure.archive.ubuntu.com/ubuntu jammy-updates/main amd64 libmpg123-0 amd64 1.29.3-1ubuntu0.1 [172 kB]
linux-packages	Install build, package and native automation dependencies	2026-09-22T19:59:25.6479895Z Get:54 http://azure.archive.ubuntu.com/ubuntu jammy/main amd64 libasyncns0 amd64 0.8-6build2 [12.8 kB]
linux-packages	Install build, package and native automation dependencies	2026-09-22T19:59:25.6841837Z Get:55 http://azure.archive.ubuntu.com/ubuntu jammy-updates/main amd64 libsndfile1 amd64 1.0.31-2ubuntu0.2 [196 kB]
linux-packages	Install build, package and native automation dependencies	2026-09-22T19:59:25.7691722Z Get:56 http://azure.archive.ubuntu.com/ubuntu jammy-updates/main amd64 libpulse0 amd64 1:15.99.1+dfsg1-1ubuntu2.2 [298 kB]
linux-packages	Install build, package and native automation dependencies	2026-09-22T19:59:25.8058724Z Get:57 http://azure.archive.ubuntu.com/ubuntu jammy/main amd64 libspeex1 amd64 1.2~rc1.2-1.1ubuntu3 [57.9 kB]
linux-packages	Install build, package and native automation dependencies	2026-09-22T19:59:25.8411945Z Get:58 http://azure.archive.ubuntu.com/ubuntu jammy/main amd64 libshout3 amd64 2.4.5-1build3 [54.5 kB]
linux-packages	Install build, package and native automation dependencies	2026-09-22T19:59:25.8766501Z Get:59 http://azure.archive.ubuntu.com/ubuntu jammy/main amd64 libtag1v5-vanilla amd64 1.11.1+dfsg.1-3ubuntu3 [304 kB]
linux-packages	Install build, package and native automation dependencies	2026-09-22T19:59:25.9418666Z Get:60 http://azure.archive.ubuntu.com/ubuntu jammy/main amd64 libtag1v5 amd64 1.11.1+dfsg.1-3ubuntu3 [11.5 kB]
linux-packages	Install build, package and native automation dependencies	2026-09-22T19:59:25.9786702Z Get:61 http://azure.archive.ubuntu.com/ubuntu jammy/main amd64 libtwolame0 amd64 0.4.0-2build2 [52.5 kB]
linux-packages	Install build, package and native automation dependencies	2026-09-22T19:59:26.0135458Z Get:62 http://azure.archive.ubuntu.com/ubuntu jammy/main amd64 libv4lconvert0 amd64 1.22.1-2build1 [82.4 kB]
linux-packages	Install build, package and native automation dependencies	2026-09-22T19:59:26.0484665Z Get:63 http://azure.archive.ubuntu.com/ubuntu jammy/main amd64 libv4l-0 amd64 1.22.1-2build1 [44.9 kB]
linux-packages	Install build, package and native automation dependencies	2026-09-22T19:59:26.0836254Z Get:64 http://azure.archive.ubuntu.com/ubuntu jammy-updates/main amd64 libvpx7 amd64 1.11.0-2ubuntu2.5 [1078 kB]
linux-packages	Install build, package and native automation dependencies	2026-09-22T19:59:26.1244937Z Get:65 http://azure.archive.ubuntu.com/ubuntu jammy/main amd64 libwavpack1 amd64 5.4.0-1build2 [83.7 kB]
linux-packages	Install build, package and native automation dependencies	2026-09-22T19:59:26.1601480Z Get:66 http://azure.archive.ubuntu.com/ubuntu jammy-updates/main amd64 gstreamer1.0-plugins-good amd64 1.20.3-0ubuntu1.9 [2008 kB]
linux-packages	Install build, package and native automation dependencies	2026-09-22T19:59:26.2061210Z Get:67 http://azure.archive.ubuntu.com/ubuntu jammy/main amd64 libxv1 amd64 2:1.0.11-1build2 [11.2 kB]
linux-packages	Install build, package and native automation dependencies	2026-09-22T19:59:26.2414733Z Get:68 http://azure.archive.ubuntu.com/ubuntu jammy-updates/main amd64 gstreamer1.0-x amd64 1.20.1-1ubuntu0.7 [85.1 kB]
linux-packages	Install build, package and native automation dependencies	2026-09-22T19:59:26.2768875Z Get:69 http://azure.archive.ubuntu.com/ubuntu jammy/main amd64 libatk1.0-dev amd64 2.36.0-3build1 [96.6 kB]
linux-packages	Install build, package and native automation dependencies	2026-09-22T19:59:26.3122715Z Get:70 http://azure.archive.ubuntu.com/ubuntu jammy-updates/main amd64 libdbus-1-dev amd64 1.12.20-2ubuntu4.1 [188 kB]
linux-packages	Install build, package and native automation dependencies	2026-09-22T19:59:26.3489287Z Get:71 http://azure.archive.ubuntu.com/ubuntu jammy/main amd64 libxfixes-dev amd64 1:6.0.0-1 [12.2 kB]
linux-packages	Install build, package and native automation dependencies	2026-09-22T19:59:26.3842764Z Get:72 http://azure.archive.ubuntu.com/ubuntu jammy/main amd64 libxi-dev amd64 2:1.8-1build1 [193 kB]
linux-packages	Install build, package and native automation dependencies	2026-09-22T19:59:26.4200756Z Get:73 http://azure.archive.ubuntu.com/ubuntu jammy/main amd64 libxtst-dev amd64 2:1.2.3-1build4 [16.3 kB]
linux-packages	Install build, package and native automation dependencies	2026-09-22T19:59:26.4529132Z Get:74 http://azure.archive.ubuntu.com/ubuntu jammy/main amd64 libatspi2.0-dev amd64 2.44.0-3 [71.5 kB]
linux-packages	Install build, package and native automation dependencies	2026-09-22T19:59:26.5346701Z Get:75 http://azure.archive.ubuntu.com/ubuntu jammy/main amd64 libatk-bridge2.0-dev amd64 2.38.0-3 [2954 B]
linux-packages	Install build, package and native automation dependencies	2026-09-22T19:59:26.5741170Z Get:76 http://azure.archive.ubuntu.com/ubuntu jammy/main amd64 libglx-dev amd64 1.4.0-1 [14.1 kB]
linux-packages	Install build, package and native automation dependencies	2026-09-22T19:59:26.6136531Z Get:77 http://azure.archive.ubuntu.com/ubuntu jammy/main amd64 libgl-dev amd64 1.4.0-1 [101 kB]
linux-packages	Install build, package and native automation dependencies	2026-09-22T19:59:26.6534391Z Get:78 http://azure.archive.ubuntu.com/ubuntu jammy/main amd64 libegl-dev amd64 1.4.0-1 [18.0 kB]
linux-packages	Install build, package and native automation dependencies	2026-09-22T19:59:26.6924357Z Get:79 http://azure.archive.ubuntu.com/ubuntu jammy/main amd64 libglvnd-core-dev amd64 1.4.0-1 [12.7 kB]
linux-packages	Install build, package and native automation dependencies	2026-09-22T19:59:26.7317985Z Get:80 http://azure.archive.ubuntu.com/ubuntu jammy/main amd64 libgles1 amd64 1.4.0-1 [11.5 kB]
linux-packages	Install build, package and native automation dependencies	2026-09-22T19:59:26.7712732Z Get:81 http://azure.archive.ubuntu.com/ubuntu jammy/main amd64 libgles2 amd64 1.4.0-1 [18.0 kB]
linux-packages	Install build, package and native automation dependencies	2026-09-22T19:59:26.8108146Z Get:82 http://azure.archive.ubuntu.com/ubuntu jammy/main amd64 libgles-dev amd64 1.4.0-1 [49.4 kB]
linux-packages	Install build, package and native automation dependencies	2026-09-22T19:59:26.8506541Z Get:83 http://azure.archive.ubuntu.com/ubuntu jammy/main amd64 libopengl0 amd64 1.4.0-1 [36.5 kB]
linux-packages	Install build, package and native automation dependencies	2026-09-22T19:59:26.8853802Z Get:84 http://azure.archive.ubuntu.com/ubuntu jammy/main amd64 libopengl-dev amd64 1.4.0-1 [3400 B]
linux-packages	Install build, package and native automation dependencies	2026-09-22T19:59:26.9211642Z Get:85 http://azure.archive.ubuntu.com/ubuntu jammy/main amd64 libglvnd-dev amd64 1.4.0-1 [3162 B]
linux-packages	Install build, package and native automation dependencies	2026-09-22T19:59:26.9560946Z Get:86 http://azure.archive.ubuntu.com/ubuntu jammy-updates/main amd64 libegl1-mesa-dev amd64 23.2.1-1ubuntu3.1~22.04.4 [11.3 kB]
linux-packages	Install build, package and native automation dependencies	2026-09-22T19:59:26.9911790Z Get:87 http://azure.archive.ubuntu.com/ubuntu jammy/main amd64 libepoxy-dev amd64 1.5.10-1 [132 kB]
linux-packages	Install build, package and native automation dependencies	2026-09-22T19:59:27.0283847Z Get:88 http://azure.archive.ubuntu.com/ubuntu jammy-updates/main amd64 libfribidi-dev amd64 1.0.8-2ubuntu3.1 [64.8 kB]
linux-packages	Install build, package and native automation dependencies	2026-09-22T19:59:27.0653697Z Get:89 http://azure.archive.ubuntu.com/ubuntu jammy-updates/main amd64 libharfbuzz-icu0 amd64 2.7.4-1ubuntu3.2 [5890 B]
linux-packages	Install build, package and native automation dependencies	2026-09-22T19:59:27.1004164Z Get:90 http://azure.archive.ubuntu.com/ubuntu jammy-updates/main amd64 libharfbuzz-gobject0 amd64 2.7.4-1ubuntu3.2 [26.0 kB]
linux-packages	Install build, package and native automation dependencies	2026-09-22T19:59:27.1373258Z Get:91 http://azure.archive.ubuntu.com/ubuntu jammy-updates/main amd64 libgraphite2-dev amd64 1.3.14-1ubuntu0.1 [14.7 kB]
linux-packages	Install build, package and native automation dependencies	2026-09-22T19:59:27.1723633Z Get:92 http://azure.archive.ubuntu.com/ubuntu jammy-updates/main amd64 libharfbuzz-dev amd64 2.7.4-1ubuntu3.2 [554 kB]
linux-packages	Install build, package and native automation dependencies	2026-09-22T19:59:27.2104088Z Get:93 http://azure.archive.ubuntu.com/ubuntu jammy/main amd64 libdatrie-dev amd64 0.2.13-2 [19.7 kB]
linux-packages	Install build, package and native automation dependencies	2026-09-22T19:59:27.2905464Z Get:94 http://azure.archive.ubuntu.com/ubuntu jammy/main amd64 libthai-dev amd64 0.1.29-1build1 [26.4 kB]
linux-packages	Install build, package and native automation dependencies	2026-09-22T19:59:27.3266698Z Get:95 http://azure.archive.ubuntu.com/ubuntu jammy/main amd64 libxft-dev amd64 2.3.4-1 [52.4 kB]
linux-packages	Install build, package and native automation dependencies	2026-09-22T19:59:27.3752233Z Get:96 http://azure.archive.ubuntu.com/ubuntu jammy-updates/main amd64 pango1.0-tools amd64 1.50.6+ds-2ubuntu1 [45.8 kB]
linux-packages	Install build, package and native automation dependencies	2026-09-22T19:59:27.4099804Z Get:97 http://azure.archive.ubuntu.com/ubuntu jammy-updates/main amd64 libpango1.0-dev amd64 1.50.6+ds-2ubuntu1 [154 kB]
linux-packages	Install build, package and native automation dependencies	2026-09-22T19:59:27.4476374Z Get:98 http://azure.archive.ubuntu.com/ubuntu jammy-updates/main amd64 libwayland-bin amd64 1.20.0-1ubuntu0.1 [20.4 kB]
linux-packages	Install build, package and native automation dependencies	2026-09-22T19:59:27.4845084Z Get:99 http://azure.archive.ubuntu.com/ubuntu jammy-updates/main amd64 libwayland-dev amd64 1.20.0-1ubuntu0.1 [69.5 kB]
linux-packages	Install build, package and native automation dependencies	2026-09-22T19:59:27.5209164Z Get:100 http://azure.archive.ubuntu.com/ubuntu jammy/main amd64 libxcomposite-dev amd64 1:0.4.5-1build2 [9326 B]
linux-packages	Install build, package and native automation dependencies	2026-09-22T19:59:27.5566646Z Get:101 http://azure.archive.ubuntu.com/ubuntu jammy/main amd64 libxcursor-dev amd64 1:1.2.0-2build4 [28.2 kB]
linux-packages	Install build, package and native automation dependencies	2026-09-22T19:59:27.6339976Z Get:102 http://azure.archive.ubuntu.com/ubuntu jammy/main amd64 libxdamage-dev amd64 1:1.1.5-2build2 [5264 B]
linux-packages	Install build, package and native automation dependencies	2026-09-22T19:59:27.6667482Z Get:103 http://azure.archive.ubuntu.com/ubuntu jammy/main amd64 libxinerama-dev amd64 2:1.1.4-3 [8104 B]
linux-packages	Install build, package and native automation dependencies	2026-09-22T19:59:27.6985337Z Get:104 http://azure.archive.ubuntu.com/ubuntu jammy/main amd64 libxkbcommon-dev amd64 1.4.0-1 [54.9 kB]
linux-packages	Install build, package and native automation dependencies	2026-09-22T19:59:27.7311020Z Get:105 http://azure.archive.ubuntu.com/ubuntu jammy/main amd64 libxrandr-dev amd64 2:1.5.2-1build1 [26.7 kB]
linux-packages	Install build, package and native automation dependencies	2026-09-22T19:59:27.7627812Z Get:106 http://azure.archive.ubuntu.com/ubuntu jammy/main amd64 wayland-protocols all 1.25-1 [70.6 kB]
linux-packages	Install build, package and native automation dependencies	2026-09-22T19:59:27.7948378Z Get:107 http://azure.archive.ubuntu.com/ubuntu jammy-updates/main amd64 libgtk-3-dev amd64 3.24.33-1ubuntu2.2 [1082 kB]
linux-packages	Install build, package and native automation dependencies	2026-09-22T19:59:27.8323575Z Get:108 http://azure.archive.ubuntu.com/ubuntu jammy/main amd64 libayatana-ido3-dev amd64 0.9.1-1 [14.2 kB]
linux-packages	Install build, package and native automation dependencies	2026-09-22T19:59:27.8648942Z Get:109 http://azure.archive.ubuntu.com/ubuntu jammy/main amd64 libayatana-indicator3-dev amd64 0.9.1-1 [6934 B]
linux-packages	Install build, package and native automation dependencies	2026-09-22T19:59:27.8990672Z Get:110 http://azure.archive.ubuntu.com/ubuntu jammy/main amd64 libdbus-glib-1-dev-bin amd64 0.112-2build1 [41.9 kB]
linux-packages	Install build, package and native automation dependencies	2026-09-22T19:59:27.9333352Z Get:111 http://azure.archive.ubuntu.com/ubuntu jammy/main amd64 libdbus-glib-1-dev amd64 0.112-2build1 [80.6 kB]
linux-packages	Install build, package and native automation dependencies	2026-09-22T19:59:27.9678263Z Get:112 http://azure.archive.ubuntu.com/ubuntu jammy/main amd64 libdbusmenu-glib-dev amd64 16.04.1+18.10.20180917-0ubuntu8 [73.8 kB]
linux-packages	Install build, package and native automation dependencies	2026-09-22T19:59:28.0000409Z Get:113 http://azure.archive.ubuntu.com/ubuntu jammy/main amd64 libayatana-appindicator3-dev amd64 0.5.90-7ubuntu2 [14.9 kB]
linux-packages	Install build, package and native automation dependencies	2026-09-22T19:59:28.0319603Z Get:114 http://azure.archive.ubuntu.com/ubuntu jammy/main amd64 libdazzle-1.0-dev amd64 3.44.0-1 [121 kB]
linux-packages	Install build, package and native automation dependencies	2026-09-22T19:59:28.0672958Z Get:115 http://azure.archive.ubuntu.com/ubuntu jammy/universe amd64 libfuse2 amd64 2.9.9-5ubuntu3 [90.3 kB]
linux-packages	Install build, package and native automation dependencies	2026-09-22T19:59:28.0997915Z Get:116 http://azure.archive.ubuntu.com/ubuntu jammy/main amd64 libhyphen0 amd64 2.8.8-7build2 [28.2 kB]
linux-packages	Install build, package and native automation dependencies	2026-09-22T19:59:28.1318695Z Get:117 http://azure.archive.ubuntu.com/ubuntu jammy-updates/main amd64 libjavascriptcoregtk-4.1-0 amd64 2.50.4-0ubuntu0.22.04.1 [9518 kB]
linux-packages	Install build, package and native automation dependencies	2026-09-22T19:59:28.3308097Z Get:118 http://azure.archive.ubuntu.com/ubuntu jammy-updates/main amd64 libjavascriptcoregtk-4.1-dev amd64 2.50.4-0ubuntu0.22.04.1 [69.7 kB]
linux-packages	Install build, package and native automation dependencies	2026-09-22T19:59:28.3663791Z Get:119 http://azure.archive.ubuntu.com/ubuntu jammy/main amd64 libjson-glib-dev amd64 1.6.6-1build1 [96.7 kB]
linux-packages	Install build, package and native automation dependencies	2026-09-22T19:59:28.4015336Z Get:120 http://azure.archive.ubuntu.com/ubuntu jammy/main amd64 libevdev2 amd64 1.12.1+dfsg-1 [39.5 kB]
linux-packages	Install build, package and native automation dependencies	2026-09-22T19:59:28.4774090Z Get:121 http://azure.archive.ubuntu.com/ubuntu jammy/main amd64 libmanette-0.2-0 amd64 0.2.6-3build1 [30.4 kB]
linux-packages	Install build, package and native automation dependencies	2026-09-22T19:59:28.5084445Z Get:122 http://azure.archive.ubuntu.com/ubuntu jammy-updates/main amd64 libnghttp2-dev amd64 1.43.0-1ubuntu0.4 [117 kB]
linux-packages	Install build, package and native automation dependencies	2026-09-22T19:59:28.5410976Z Get:123 http://azure.archive.ubuntu.com/ubuntu jammy/main amd64 libwebrtc-audio-processing1 amd64 0.3.1-0ubuntu5 [291 kB]
linux-packages	Install build, package and native automation dependencies	2026-09-22T19:59:28.5766736Z Get:124 http://azure.archive.ubuntu.com/ubuntu jammy-updates/main amd64 libspa-0.2-modules amd64 0.3.48-1ubuntu3.2 [546 kB]
linux-packages	Install build, package and native automation dependencies	2026-09-22T19:59:28.6117812Z Get:125 http://azure.archive.ubuntu.com/ubuntu jammy-updates/main amd64 libpipewire-0.3-0 amd64 0.3.48-1ubuntu3.2 [274 kB]
linux-packages	Install build, package and native automation dependencies	2026-09-22T19:59:28.6487545Z Get:126 http://azure.archive.ubuntu.com/ubuntu jammy-updates/main amd64 libpipewire-0.3-common all 0.3.48-1ubuntu3.2 [4278 B]
linux-packages	Install build, package and native automation dependencies	2026-09-22T19:59:28.6871122Z Get:127 http://azure.archive.ubuntu.com/ubuntu jammy-updates/main amd64 libpipewire-0.3-modules amd64 0.3.48-1ubuntu3.2 [525 kB]
linux-packages	Install build, package and native automation dependencies	2026-09-22T19:59:28.7214889Z Get:128 http://azure.archive.ubuntu.com/ubuntu jammy-updates/main amd64 libpolkit-gobject-1-dev amd64 0.105-33ubuntu0.2 [65.4 kB]
linux-packages	Install build, package and native automation dependencies	2026-09-22T19:59:28.7535590Z Get:129 http://azure.archive.ubuntu.com/ubuntu jammy/main amd64 libpsl-dev amd64 0.21.0-1.2build2 [77.9 kB]
linux-packages	Install build, package and native automation dependencies	2026-09-22T19:59:28.7855813Z Get:130 http://azure.archive.ubuntu.com/ubuntu jammy/universe amd64 libsysprof-4 amd64 3.44.0-1 [136 kB]
linux-packages	Install build, package and native automation dependencies	2026-09-22T19:59:28.8181864Z Get:131 http://azure.archive.ubuntu.com/ubuntu jammy/universe amd64 libsysprof-ui-4 amd64 3.44.0-1 [146 kB]
linux-packages	Install build, package and native automation dependencies	2026-09-22T19:59:28.8503327Z Get:132 http://azure.archive.ubuntu.com/ubuntu jammy/universe amd64 libsysprof-4-dev amd64 3.44.0-1 [54.7 kB]
linux-packages	Install build, package and native automation dependencies	2026-09-22T19:59:28.8844885Z Get:133 http://azure.archive.ubuntu.com/ubuntu jammy-updates/universe amd64 libsoup-3.0-dev amd64 3.0.7-0ubuntu1 [102 kB]
linux-packages	Install build, package and native automation dependencies	2026-09-22T19:59:28.9182851Z Get:134 http://azure.archive.ubuntu.com/ubuntu jammy-updates/main amd64 xdg-dbus-proxy amd64 0.1.3-1ubuntu0.1 [24.9 kB]
linux-packages	Install build, package and native automation dependencies	2026-09-22T19:59:28.9513625Z Get:135 http://azure.archive.ubuntu.com/ubuntu jammy/main amd64 libwoff1 amd64 1.0.2-1build4 [45.2 kB]
linux-packages	Install build, package and native automation dependencies	2026-09-22T19:59:28.9797357Z Get:136 http://azure.archive.ubuntu.com/ubuntu jammy-updates/universe amd64 libwebkit2gtk-4.1-0 amd64 2.50.4-0ubuntu0.22.04.1 [27.3 MB]
linux-packages	Install build, package and native automation dependencies	2026-09-22T19:59:29.3838316Z Get:137 http://azure.archive.ubuntu.com/ubuntu jammy-updates/universe amd64 libwebkit2gtk-4.1-dev amd64 2.50.4-0ubuntu0.22.04.1 [288 kB]
linux-packages	Install build, package and native automation dependencies	2026-09-22T19:59:29.4223763Z Get:138 http://azure.archive.ubuntu.com/ubuntu jammy-updates/main amd64 pipewire-bin amd64 0.3.48-1ubuntu3.2 [312 kB]
linux-packages	Install build, package and native automation dependencies	2026-09-22T19:59:29.5012393Z Get:139 http://azure.archive.ubuntu.com/ubuntu jammy-updates/main amd64 pipewire amd64 0.3.48-1ubuntu3.2 [3978 B]
linux-packages	Install build, package and native automation dependencies	2026-09-22T19:59:29.5289436Z Get:140 http://azure.archive.ubuntu.com/ubuntu jammy/main amd64 pipewire-media-session amd64 0.4.1-2ubuntu1 [128 kB]
linux-packages	Install build, package and native automation dependencies	2026-09-22T19:59:29.5574492Z Get:141 http://azure.archive.ubuntu.com/ubuntu jammy/main amd64 rtkit amd64 0.13-4build2 [35.1 kB]
linux-packages	Install build, package and native automation dependencies	2026-09-22T19:59:29.5857242Z Get:142 http://azure.archive.ubuntu.com/ubuntu jammy-updates/universe amd64 webkit2gtk-driver amd64 2.50.4-0ubuntu0.22.04.1 [468 kB]
linux-packages	Install build, package and native automation dependencies	2026-09-22T19:59:29.6202569Z Get:143 http://azure.archive.ubuntu.com/ubuntu jammy/universe amd64 xclip amd64 0.13-2 [18.3 kB]
linux-packages	Install build, package and native automation dependencies	2026-09-22T19:59:29.6519747Z Get:144 http://azure.archive.ubuntu.com/ubuntu jammy-updates/main amd64 xdg-desktop-portal amd64 1.14.4-1ubuntu2~22.04.2 [265 kB]
linux-packages	Install build, package and native automation dependencies	2026-09-22T19:59:29.6848552Z Get:145 http://azure.archive.ubuntu.com/ubuntu jammy/main amd64 xdg-desktop-portal-gtk amd64 1.14.0-1build1 [87.4 kB]
linux-packages	Install build, package and native automation dependencies	2026-09-22T19:59:29.7164935Z Get:146 http://azure.archive.ubuntu.com/ubuntu jammy/universe amd64 libxdo3 amd64 1:3.20160805.1-4 [21.0 kB]
linux-packages	Install build, package and native automation dependencies	2026-09-22T19:59:29.7482319Z Get:147 http://azure.archive.ubuntu.com/ubuntu jammy/universe amd64 xdotool amd64 1:3.20160805.1-4 [41.5 kB]
linux-packages	Install build, package and native automation dependencies	2026-09-22T19:59:30.3295468Z Fetched 56.3 MB in 7s (8626 kB/s)
linux-packages	Install build, package and native automation dependencies	2026-09-22T19:59:30.3568839Z Selecting previously unselected package bubblewrap.
linux-packages	Install build, package and native automation dependencies	2026-09-22T19:59:30.3810125Z (Reading database ... 
linux-packages	Install build, package and native automation dependencies	2026-09-22T19:59:30.3810703Z (Reading database ... 5%
linux-packages	Install build, package and native automation dependencies	2026-09-22T19:59:30.3811354Z (Reading database ... 10%
linux-packages	Install build, package and native automation dependencies	2026-09-22T19:59:30.3811792Z (Reading database ... 15%
linux-packages	Install build, package and native automation dependencies	2026-09-22T19:59:30.3812136Z (Reading database ... 20%
linux-packages	Install build, package and native automation dependencies	2026-09-22T19:59:30.3812766Z (Reading database ... 25%
linux-packages	Install build, package and native automation dependencies	2026-09-22T19:59:30.3813057Z (Reading database ... 30%
linux-packages	Install build, package and native automation dependencies	2026-09-22T19:59:30.3813403Z (Reading database ... 35%
linux-packages	Install build, package and native automation dependencies	2026-09-22T19:59:30.3813702Z (Reading database ... 40%
linux-packages	Install build, package and native automation dependencies	2026-09-22T19:59:30.3814002Z (Reading database ... 45%
linux-packages	Install build, package and native automation dependencies	2026-09-22T19:59:30.3814314Z (Reading database ... 50%
linux-packages	Install build, package and native automation dependencies	2026-09-22T19:59:30.4523512Z (Reading database ... 55%
linux-packages	Install build, package and native automation dependencies	2026-09-22T19:59:30.6191431Z (Reading database ... 60%
linux-packages	Install build, package and native automation dependencies	2026-09-22T19:59:30.8664671Z (Reading database ... 65%
linux-packages	Install build, package and native automation dependencies	2026-09-22T19:59:31.1067440Z (Reading database ... 70%
linux-packages	Install build, package and native automation dependencies	2026-09-22T19:59:31.3052877Z (Reading database ... 75%
linux-packages	Install build, package and native automation dependencies	2026-09-22T19:59:31.5117574Z (Reading database ... 80%
linux-packages	Install build, package and native automation dependencies	2026-09-22T19:59:31.7610061Z (Reading database ... 85%
linux-packages	Install build, package and native automation dependencies	2026-09-22T19:59:31.9568795Z (Reading database ... 90%
linux-packages	Install build, package and native automation dependencies	2026-09-22T19:59:32.1218709Z (Reading database ... 95%
linux-packages	Install build, package and native automation dependencies	2026-09-22T19:59:32.1219522Z (Reading database ... 100%
linux-packages	Install build, package and native automation dependencies	2026-09-22T19:59:32.1220129Z (Reading database ... 262148 files and directories currently installed.)
linux-packages	Install build, package and native automation dependencies	2026-09-22T19:59:32.1281294Z Preparing to unpack .../000-bubblewrap_0.6.1-1ubuntu0.3_amd64.deb ...
linux-packages	Install build, package and native automation dependencies	2026-09-22T19:59:32.1347637Z Unpacking bubblewrap (0.6.1-1ubuntu0.3) ...
linux-packages	Install build, package and native automation dependencies	2026-09-22T19:59:32.1800005Z Selecting previously unselected package dbus-x11.
linux-packages	Install build, package and native automation dependencies	2026-09-22T19:59:32.1970248Z Preparing to unpack .../001-dbus-x11_1.12.20-2ubuntu4.1_amd64.deb ...
linux-packages	Install build, package and native automation dependencies	2026-09-22T19:59:32.1988943Z Unpacking dbus-x11 (1.12.20-2ubuntu4.1) ...
linux-packages	Install build, package and native automation dependencies	2026-09-22T19:59:32.2238955Z Selecting previously unselected package gir1.2-atk-1.0:amd64.
linux-packages	Install build, package and native automation dependencies	2026-09-22T19:59:32.2405627Z Preparing to unpack .../002-gir1.2-atk-1.0_2.36.0-3build1_amd64.deb ...
linux-packages	Install build, package and native automation dependencies	2026-09-22T19:59:32.2423642Z Unpacking gir1.2-atk-1.0:amd64 (2.36.0-3build1) ...
linux-packages	Install build, package and native automation dependencies	2026-09-22T19:59:32.2639153Z Selecting previously unselected package gir1.2-atspi-2.0:amd64.
linux-packages	Install build, package and native automation dependencies	2026-09-22T19:59:32.2796025Z Preparing to unpack .../003-gir1.2-atspi-2.0_2.44.0-3_amd64.deb ...
linux-packages	Install build, package and native automation dependencies	2026-09-22T19:59:32.2814603Z Unpacking gir1.2-atspi-2.0:amd64 (2.44.0-3) ...
linux-packages	Install build, package and native automation dependencies	2026-09-22T19:59:32.3034147Z Selecting previously unselected package gir1.2-harfbuzz-0.0:amd64.
linux-packages	Install build, package and native automation dependencies	2026-09-22T19:59:32.3197442Z Preparing to unpack .../004-gir1.2-harfbuzz-0.0_2.7.4-1ubuntu3.2_amd64.deb ...
linux-packages	Install build, package and native automation dependencies	2026-09-22T19:59:32.3213746Z Unpacking gir1.2-harfbuzz-0.0:amd64 (2.7.4-1ubuntu3.2) ...
linux-packages	Install build, package and native automation dependencies	2026-09-22T19:59:32.3463395Z Selecting previously unselected package libpangoxft-1.0-0:amd64.
linux-packages	Install build, package and native automation dependencies	2026-09-22T19:59:32.3632800Z Preparing to unpack .../005-libpangoxft-1.0-0_1.50.6+ds-2ubuntu1_amd64.deb ...
linux-packages	Install build, package and native automation dependencies	2026-09-22T19:59:32.3665969Z Unpacking libpangoxft-1.0-0:amd64 (1.50.6+ds-2ubuntu1) ...
linux-packages	Install build, package and native automation dependencies	2026-09-22T19:59:32.3892910Z Selecting previously unselected package gir1.2-pango-1.0:amd64.
linux-packages	Install build, package and native automation dependencies	2026-09-22T19:59:32.4061355Z Preparing to unpack .../006-gir1.2-pango-1.0_1.50.6+ds-2ubuntu1_amd64.deb ...
linux-packages	Install build, package and native automation dependencies	2026-09-22T19:59:32.4079323Z Unpacking gir1.2-pango-1.0:amd64 (1.50.6+ds-2ubuntu1) ...
linux-packages	Install build, package and native automation dependencies	2026-09-22T19:59:32.4310749Z Selecting previously unselected package gir1.2-gtk-3.0:amd64.
linux-packages	Install build, package and native automation dependencies	2026-09-22T19:59:32.4473393Z Preparing to unpack .../007-gir1.2-gtk-3.0_3.24.33-1ubuntu2.2_amd64.deb ...
linux-packages	Install build, package and native automation dependencies	2026-09-22T19:59:32.4488843Z Unpacking gir1.2-gtk-3.0:amd64 (3.24.33-1ubuntu2.2) ...
linux-packages	Install build, package and native automation dependencies	2026-09-22T19:59:32.4794890Z Selecting previously unselected package libayatana-ido3-0.4-0:amd64.
linux-packages	Install build, package and native automation dependencies	2026-09-22T19:59:32.4954371Z Preparing to unpack .../008-libayatana-ido3-0.4-0_0.9.1-1_amd64.deb ...
linux-packages	Install build, package and native automation dependencies	2026-09-22T19:59:32.4968811Z Unpacking libayatana-ido3-0.4-0:amd64 (0.9.1-1) ...
linux-packages	Install build, package and native automation dependencies	2026-09-22T19:59:32.5210779Z Selecting previously unselected package libayatana-indicator3-7:amd64.
linux-packages	Install build, package and native automation dependencies	2026-09-22T19:59:32.5376013Z Preparing to unpack .../009-libayatana-indicator3-7_0.9.1-1_amd64.deb ...
linux-packages	Install build, package and native automation dependencies	2026-09-22T19:59:32.5391340Z Unpacking libayatana-indicator3-7:amd64 (0.9.1-1) ...
linux-packages	Install build, package and native automation dependencies	2026-09-22T19:59:32.5621822Z Selecting previously unselected package libayatana-appindicator3-1.
linux-packages	Install build, package and native automation dependencies	2026-09-22T19:59:32.5782317Z Preparing to unpack .../010-libayatana-appindicator3-1_0.5.90-7ubuntu2_amd64.deb ...
linux-packages	Install build, package and native automation dependencies	2026-09-22T19:59:32.5798994Z Unpacking libayatana-appindicator3-1 (0.5.90-7ubuntu2) ...
linux-packages	Install build, package and native automation dependencies	2026-09-22T19:59:32.6016721Z Selecting previously unselected package gir1.2-ayatanaappindicator3-0.1.
linux-packages	Install build, package and native automation dependencies	2026-09-22T19:59:32.6179812Z Preparing to unpack .../011-gir1.2-ayatanaappindicator3-0.1_0.5.90-7ubuntu2_amd64.deb ...
linux-packages	Install build, package and native automation dependencies	2026-09-22T19:59:32.6195104Z Unpacking gir1.2-ayatanaappindicator3-0.1 (0.5.90-7ubuntu2) ...
linux-packages	Install build, package and native automation dependencies	2026-09-22T19:59:32.6407342Z Selecting previously unselected package gir1.2-ayatanaido3-0.4:amd64.
linux-packages	Install build, package and native automation dependencies	2026-09-22T19:59:32.6569626Z Preparing to unpack .../012-gir1.2-ayatanaido3-0.4_0.9.1-1_amd64.deb ...
linux-packages	Install build, package and native automation dependencies	2026-09-22T19:59:32.6589940Z Unpacking gir1.2-ayatanaido3-0.4:amd64 (0.9.1-1) ...
linux-packages	Install build, package and native automation dependencies	2026-09-22T19:59:32.6814915Z Selecting previously unselected package libdazzle-common.
linux-packages	Install build, package and native automation dependencies	2026-09-22T19:59:32.6982034Z Preparing to unpack .../013-libdazzle-common_3.44.0-1_all.deb ...
linux-packages	Install build, package and native automation dependencies	2026-09-22T19:59:32.6999383Z Unpacking libdazzle-common (3.44.0-1) ...
linux-packages	Install build, package and native automation dependencies	2026-09-22T19:59:32.7235756Z Selecting previously unselected package libdazzle-1.0-0:amd64.
linux-packages	Install build, package and native automation dependencies	2026-09-22T19:59:32.7394586Z Preparing to unpack .../014-libdazzle-1.0-0_3.44.0-1_amd64.deb ...
linux-packages	Install build, package and native automation dependencies	2026-09-22T19:59:32.7409715Z Unpacking libdazzle-1.0-0:amd64 (3.44.0-1) ...
linux-packages	Install build, package and native automation dependencies	2026-09-22T19:59:32.7659411Z Selecting previously unselected package gir1.2-dazzle-1.0:amd64.
linux-packages	Install build, package and native automation dependencies	2026-09-22T19:59:32.7821381Z Preparing to unpack .../015-gir1.2-dazzle-1.0_3.44.0-1_amd64.deb ...
linux-packages	Install build, package and native automation dependencies	2026-09-22T19:59:32.7836540Z Unpacking gir1.2-dazzle-1.0:amd64 (3.44.0-1) ...
linux-packages	Install build, package and native automation dependencies	2026-09-22T19:59:32.8052900Z Selecting previously unselected package gir1.2-dbusmenu-glib-0.4:amd64.
linux-packages	Install build, package and native automation dependencies	2026-09-22T19:59:32.8212675Z Preparing to unpack .../016-gir1.2-dbusmenu-glib-0.4_16.04.1+18.10.20180917-0ubuntu8_amd64.deb ...
linux-packages	Install build, package and native automation dependencies	2026-09-22T19:59:32.8228049Z Unpacking gir1.2-dbusmenu-glib-0.4:amd64 (16.04.1+18.10.20180917-0ubuntu8) ...
linux-packages	Install build, package and native automation dependencies	2026-09-22T19:59:32.8442570Z Selecting previously unselected package gir1.2-json-1.0:amd64.
linux-packages	Install build, package and native automation dependencies	2026-09-22T19:59:32.8605487Z Preparing to unpack .../017-gir1.2-json-1.0_1.6.6-1build1_amd64.deb ...
linux-packages	Install build, package and native automation dependencies	2026-09-22T19:59:32.8620958Z Unpacking gir1.2-json-1.0:amd64 (1.6.6-1build1) ...
linux-packages	Install build, package and native automation dependencies	2026-09-22T19:59:32.9014840Z Preparing to unpack .../018-polkitd_0.105-33ubuntu0.2_amd64.deb ...
linux-packages	Install build, package and native automation dependencies	2026-09-22T19:59:32.9060259Z Unpacking polkitd (0.105-33ubuntu0.2) over (0.105-33ubuntu0.1) ...
linux-packages	Install build, package and native automation dependencies	2026-09-22T19:59:32.9823609Z Preparing to unpack .../019-policykit-1_0.105-33ubuntu0.2_amd64.deb ...
linux-packages	Install build, package and native automation dependencies	2026-09-22T19:59:33.0021904Z Unpacking policykit-1 (0.105-33ubuntu0.2) over (0.105-33ubuntu0.1) ...
linux-packages	Install build, package and native automation dependencies	2026-09-22T19:59:33.0484233Z Preparing to unpack .../020-pkexec_0.105-33ubuntu0.2_amd64.deb ...
linux-packages	Install build, package and native automation dependencies	2026-09-22T19:59:33.0521516Z Unpacking pkexec (0.105-33ubuntu0.2) over (0.105-33ubuntu0.1) ...
linux-packages	Install build, package and native automation dependencies	2026-09-22T19:59:33.0928511Z Preparing to unpack .../021-libpolkit-agent-1-0_0.105-33ubuntu0.2_amd64.deb ...
linux-packages	Install build, package and native automation dependencies	2026-09-22T19:59:33.0967117Z Unpacking libpolkit-agent-1-0:amd64 (0.105-33ubuntu0.2) over (0.105-33ubuntu0.1) ...
linux-packages	Install build, package and native automation dependencies	2026-09-22T19:59:33.1410517Z Preparing to unpack .../022-libpolkit-gobject-1-0_0.105-33ubuntu0.2_amd64.deb ...
linux-packages	Install build, package and native automation dependencies	2026-09-22T19:59:33.1448815Z Unpacking libpolkit-gobject-1-0:amd64 (0.105-33ubuntu0.2) over (0.105-33ubuntu0.1) ...
linux-packages	Install build, package and native automation dependencies	2026-09-22T19:59:33.1655674Z Selecting previously unselected package gir1.2-polkit-1.0.
linux-packages	Install build, package and native automation dependencies	2026-09-22T19:59:33.1819692Z Preparing to unpack .../023-gir1.2-polkit-1.0_0.105-33ubuntu0.2_amd64.deb ...
linux-packages	Install build, package and native automation dependencies	2026-09-22T19:59:33.1831074Z Unpacking gir1.2-polkit-1.0 (0.105-33ubuntu0.2) ...
linux-packages	Install build, package and native automation dependencies	2026-09-22T19:59:33.2025880Z Selecting previously unselected package libsoup-3.0-common.
linux-packages	Install build, package and native automation dependencies	2026-09-22T19:59:33.2182456Z Preparing to unpack .../024-libsoup-3.0-common_3.0.7-0ubuntu1_all.deb ...
linux-packages	Install build, package and native automation dependencies	2026-09-22T19:59:33.2194929Z Unpacking libsoup-3.0-common (3.0.7-0ubuntu1) ...
linux-packages	Install build, package and native automation dependencies	2026-09-22T19:59:33.3784635Z Selecting previously unselected package libsoup-3.0-0:amd64.
linux-packages	Install build, package and native automation dependencies	2026-09-22T19:59:33.3968549Z Preparing to unpack .../025-libsoup-3.0-0_3.0.7-0ubuntu1_amd64.deb ...
linux-packages	Install build, package and native automation dependencies	2026-09-22T19:59:33.3982646Z Unpacking libsoup-3.0-0:amd64 (3.0.7-0ubuntu1) ...
linux-packages	Install build, package and native automation dependencies	2026-09-22T19:59:33.4215241Z Selecting previously unselected package gir1.2-soup-3.0:amd64.
linux-packages	Install build, package and native automation dependencies	2026-09-22T19:59:33.4448172Z Preparing to unpack .../026-gir1.2-soup-3.0_3.0.7-0ubuntu1_amd64.deb ...
linux-packages	Install build, package and native automation dependencies	2026-09-22T19:59:33.4461391Z Unpacking gir1.2-soup-3.0:amd64 (3.0.7-0ubuntu1) ...
linux-packages	Install build, package and native automation dependencies	2026-09-22T19:59:33.4702123Z Selecting previously unselected package libgraphene-1.0-0:amd64.
linux-packages	Install build, package and native automation dependencies	2026-09-22T19:59:33.4868089Z Preparing to unpack .../027-libgraphene-1.0-0_1.10.8-1_amd64.deb ...
linux-packages	Install build, package and native automation dependencies	2026-09-22T19:59:33.4881391Z Unpacking libgraphene-1.0-0:amd64 (1.10.8-1) ...
linux-packages	Install build, package and native automation dependencies	2026-09-22T19:59:33.5099693Z Selecting previously unselected package libegl-mesa0:amd64.
linux-packages	Install build, package and native automation dependencies	2026-09-22T19:59:33.5257884Z Preparing to unpack .../028-libegl-mesa0_23.2.1-1ubuntu3.1~22.04.4_amd64.deb ...
linux-packages	Install build, package and native automation dependencies	2026-09-22T19:59:33.5271223Z Unpacking libegl-mesa0:amd64 (23.2.1-1ubuntu3.1~22.04.4) ...
linux-packages	Install build, package and native automation dependencies	2026-09-22T19:59:33.5548782Z Selecting previously unselected package libegl1:amd64.
linux-packages	Install build, package and native automation dependencies	2026-09-22T19:59:33.5709942Z Preparing to unpack .../029-libegl1_1.4.0-1_amd64.deb ...
linux-packages	Install build, package and native automation dependencies	2026-09-22T19:59:33.5722033Z Unpacking libegl1:amd64 (1.4.0-1) ...
linux-packages	Install build, package and native automation dependencies	2026-09-22T19:59:33.5929607Z Selecting previously unselected package liborc-0.4-0:amd64.
linux-packages	Install build, package and native automation dependencies	2026-09-22T19:59:33.6098719Z Preparing to unpack .../030-liborc-0.4-0_1%3a0.4.32-2ubuntu0.1_amd64.deb ...
linux-packages	Install build, package and native automation dependencies	2026-09-22T19:59:33.6114316Z Unpacking liborc-0.4-0:amd64 (1:0.4.32-2ubuntu0.1) ...
linux-packages	Install build, package and native automation dependencies	2026-09-22T19:59:33.6363095Z Selecting previously unselected package libgstreamer-plugins-base1.0-0:amd64.
linux-packages	Install build, package and native automation dependencies	2026-09-22T19:59:33.6529261Z Preparing to unpack .../031-libgstreamer-plugins-base1.0-0_1.20.1-1ubuntu0.7_amd64.deb ...
linux-packages	Install build, package and native automation dependencies	2026-09-22T19:59:33.6543080Z Unpacking libgstreamer-plugins-base1.0-0:amd64 (1.20.1-1ubuntu0.7) ...
linux-packages	Install build, package and native automation dependencies	2026-09-22T19:59:33.6864330Z Selecting previously unselected package libgstreamer-gl1.0-0:amd64.
linux-packages	Install build, package and native automation dependencies	2026-09-22T19:59:33.7032683Z Preparing to unpack .../032-libgstreamer-gl1.0-0_1.20.1-1ubuntu0.7_amd64.deb ...
linux-packages	Install build, package and native automation dependencies	2026-09-22T19:59:33.7044477Z Unpacking libgstreamer-gl1.0-0:amd64 (1.20.1-1ubuntu0.7) ...
linux-packages	Install build, package and native automation dependencies	2026-09-22T19:59:33.7256918Z Selecting previously unselected package gstreamer1.0-gl:amd64.
linux-packages	Install build, package and native automation dependencies	2026-09-22T19:59:33.7420677Z Preparing to unpack .../033-gstreamer1.0-gl_1.20.1-1ubuntu0.7_amd64.deb ...
linux-packages	Install build, package and native automation dependencies	2026-09-22T19:59:33.7433284Z Unpacking gstreamer1.0-gl:amd64 (1.20.1-1ubuntu0.7) ...
linux-packages	Install build, package and native automation dependencies	2026-09-22T19:59:33.7671693Z Selecting previously unselected package libcdparanoia0:amd64.
linux-packages	Install build, package and native automation dependencies	2026-09-22T19:59:33.7842138Z Preparing to unpack .../034-libcdparanoia0_3.10.2+debian-14build2_amd64.deb ...
linux-packages	Install build, package and native automation dependencies	2026-09-22T19:59:33.7855355Z Unpacking libcdparanoia0:amd64 (3.10.2+debian-14build2) ...
linux-packages	Install build, package and native automation dependencies	2026-09-22T19:59:33.8074238Z Selecting previously unselected package libopus0:amd64.
linux-packages	Install build, package and native automation dependencies	2026-09-22T19:59:33.8242659Z Preparing to unpack .../035-libopus0_1.3.1-0.1build2_amd64.deb ...
linux-packages	Install build, package and native automation dependencies	2026-09-22T19:59:33.8763902Z Unpacking libopus0:amd64 (1.3.1-0.1build2) ...
linux-packages	Install build, package and native automation dependencies	2026-09-22T19:59:33.9025654Z Selecting previously unselected package libtheora0:amd64.
linux-packages	Install build, package and native automation dependencies	2026-09-22T19:59:33.9192822Z Preparing to unpack .../036-libtheora0_1.1.1+dfsg.1-15ubuntu4_amd64.deb ...
linux-packages	Install build, package and native automation dependencies	2026-09-22T19:59:33.9207874Z Unpacking libtheora0:amd64 (1.1.1+dfsg.1-15ubuntu4) ...
linux-packages	Install build, package and native automation dependencies	2026-09-22T19:59:33.9454295Z Selecting previously unselected package libvisual-0.4-0:amd64.
linux-packages	Install build, package and native automation dependencies	2026-09-22T19:59:33.9645070Z Preparing to unpack .../037-libvisual-0.4-0_0.4.0-17build2_amd64.deb ...
linux-packages	Install build, package and native automation dependencies	2026-09-22T19:59:33.9661046Z Unpacking libvisual-0.4-0:amd64 (0.4.0-17build2) ...
linux-packages	Install build, package and native automation dependencies	2026-09-22T19:59:33.9923955Z Selecting previously unselected package libvorbisenc2:amd64.
linux-packages	Install build, package and native automation dependencies	2026-09-22T19:59:34.0087269Z Preparing to unpack .../038-libvorbisenc2_1.3.7-1build2_amd64.deb ...
linux-packages	Install build, package and native automation dependencies	2026-09-22T19:59:34.0101668Z Unpacking libvorbisenc2:amd64 (1.3.7-1build2) ...
linux-packages	Install build, package and native automation dependencies	2026-09-22T19:59:34.0375980Z Selecting previously unselected package gstreamer1.0-plugins-base:amd64.
linux-packages	Install build, package and native automation dependencies	2026-09-22T19:59:34.0545632Z Preparing to unpack .../039-gstreamer1.0-plugins-base_1.20.1-1ubuntu0.7_amd64.deb ...
linux-packages	Install build, package and native automation dependencies	2026-09-22T19:59:34.0560948Z Unpacking gstreamer1.0-plugins-base:amd64 (1.20.1-1ubuntu0.7) ...
linux-packages	Install build, package and native automation dependencies	2026-09-22T19:59:34.2612121Z Selecting previously unselected package libaa1:amd64.
linux-packages	Install build, package and native automation dependencies	2026-09-22T19:59:34.2788437Z Preparing to unpack .../040-libaa1_1.4p5-50build1_amd64.deb ...
linux-packages	Install build, package and native automation dependencies	2026-09-22T19:59:34.2803016Z Unpacking libaa1:amd64 (1.4p5-50build1) ...
linux-packages	Install build, package and native automation dependencies	2026-09-22T19:59:34.3043772Z Selecting previously unselected package libraw1394-11:amd64.
linux-packages	Install build, package and native automation dependencies	2026-09-22T19:59:34.3257182Z Preparing to unpack .../041-libraw1394-11_2.1.2-2build2_amd64.deb ...
linux-packages	Install build, package and native automation dependencies	2026-09-22T19:59:34.3270654Z Unpacking libraw1394-11:amd64 (2.1.2-2build2) ...
linux-packages	Install build, package and native automation dependencies	2026-09-22T19:59:34.3492598Z Selecting previously unselected package libavc1394-0:amd64.
linux-packages	Install build, package and native automation dependencies	2026-09-22T19:59:34.3659601Z Preparing to unpack .../042-libavc1394-0_0.5.4-5build2_amd64.deb ...
linux-packages	Install build, package and native automation dependencies	2026-09-22T19:59:34.3673861Z Unpacking libavc1394-0:amd64 (0.5.4-5build2) ...
linux-packages	Install build, package and native automation dependencies	2026-09-22T19:59:34.3884667Z Selecting previously unselected package libcaca0:amd64.
linux-packages	Install build, package and native automation dependencies	2026-09-22T19:59:34.4049735Z Preparing to unpack .../043-libcaca0_0.99.beta19-2.2ubuntu4.2_amd64.deb ...
linux-packages	Install build, package and native automation dependencies	2026-09-22T19:59:34.4063876Z Unpacking libcaca0:amd64 (0.99.beta19-2.2ubuntu4.2) ...
linux-packages	Install build, package and native automation dependencies	2026-09-22T19:59:34.4363946Z Selecting previously unselected package libdv4:amd64.
linux-packages	Install build, package and native automation dependencies	2026-09-22T19:59:34.4530062Z Preparing to unpack .../044-libdv4_1.0.0-14build1_amd64.deb ...
linux-packages	Install build, package and native automation dependencies	2026-09-22T19:59:34.4542162Z Unpacking libdv4:amd64 (1.0.0-14build1) ...
linux-packages	Install build, package and native automation dependencies	2026-09-22T19:59:34.4773093Z Selecting previously unselected package libflac8:amd64.
linux-packages	Install build, package and native automation dependencies	2026-09-22T19:59:34.4939890Z Preparing to unpack .../045-libflac8_1.3.3-2ubuntu0.2_amd64.deb ...
linux-packages	Install build, package and native automation dependencies	2026-09-22T19:59:34.4954160Z Unpacking libflac8:amd64 (1.3.3-2ubuntu0.2) ...
linux-packages	Install build, package and native automation dependencies	2026-09-22T19:59:34.5175765Z Selecting previously unselected package libgstreamer-plugins-good1.0-0:amd64.
linux-packages	Install build, package and native automation dependencies	2026-09-22T19:59:34.5345051Z Preparing to unpack .../046-libgstreamer-plugins-good1.0-0_1.20.3-0ubuntu1.9_amd64.deb ...
linux-packages	Install build, package and native automation dependencies	2026-09-22T19:59:34.5417032Z Unpacking libgstreamer-plugins-good1.0-0:amd64 (1.20.3-0ubuntu1.9) ...
linux-packages	Install build, package and native automation dependencies	2026-09-22T19:59:34.5647762Z Selecting previously unselected package libiec61883-0:amd64.
linux-packages	Install build, package and native automation dependencies	2026-09-22T19:59:34.5816137Z Preparing to unpack .../047-libiec61883-0_1.2.0-4build3_amd64.deb ...
linux-packages	Install build, package and native automation dependencies	2026-09-22T19:59:34.5831369Z Unpacking libiec61883-0:amd64 (1.2.0-4build3) ...
linux-packages	Install build, package and native automation dependencies	2026-09-22T19:59:34.6056546Z Selecting previously unselected package libsamplerate0:amd64.
linux-packages	Install build, package and native automation dependencies	2026-09-22T19:59:34.6222449Z Preparing to unpack .../048-libsamplerate0_0.2.2-1build1_amd64.deb ...
linux-packages	Install build, package and native automation dependencies	2026-09-22T19:59:34.6237594Z Unpacking libsamplerate0:amd64 (0.2.2-1build1) ...
linux-packages	Install build, package and native automation dependencies	2026-09-22T19:59:34.6512083Z Selecting previously unselected package libjack-jackd2-0:amd64.
linux-packages	Install build, package and native automation dependencies	2026-09-22T19:59:34.6676397Z Preparing to unpack .../049-libjack-jackd2-0_1.9.20~dfsg-1_amd64.deb ...
linux-packages	Install build, package and native automation dependencies	2026-09-22T19:59:34.6692318Z Unpacking libjack-jackd2-0:amd64 (1.9.20~dfsg-1) ...
linux-packages	Install build, package and native automation dependencies	2026-09-22T19:59:34.6958136Z Selecting previously unselected package libmp3lame0:amd64.
linux-packages	Install build, package and native automation dependencies	2026-09-22T19:59:34.7134249Z Preparing to unpack .../050-libmp3lame0_3.100-3build2_amd64.deb ...
linux-packages	Install build, package and native automation dependencies	2026-09-22T19:59:34.7149096Z Unpacking libmp3lame0:amd64 (3.100-3build2) ...
linux-packages	Install build, package and native automation dependencies	2026-09-22T19:59:34.7376372Z Selecting previously unselected package libmpg123-0:amd64.
linux-packages	Install build, package and native automation dependencies	2026-09-22T19:59:34.7538285Z Preparing to unpack .../051-libmpg123-0_1.29.3-1ubuntu0.1_amd64.deb ...
linux-packages	Install build, package and native automation dependencies	2026-09-22T19:59:34.7550936Z Unpacking libmpg123-0:amd64 (1.29.3-1ubuntu0.1) ...
linux-packages	Install build, package and native automation dependencies	2026-09-22T19:59:34.7779759Z Selecting previously unselected package libasyncns0:amd64.
linux-packages	Install build, package and native automation dependencies	2026-09-22T19:59:34.7949098Z Preparing to unpack .../052-libasyncns0_0.8-6build2_amd64.deb ...
linux-packages	Install build, package and native automation dependencies	2026-09-22T19:59:34.7962734Z Unpacking libasyncns0:amd64 (0.8-6build2) ...
linux-packages	Install build, package and native automation dependencies	2026-09-22T19:59:34.8176653Z Selecting previously unselected package libsndfile1:amd64.
linux-packages	Install build, package and native automation dependencies	2026-09-22T19:59:34.8338713Z Preparing to unpack .../053-libsndfile1_1.0.31-2ubuntu0.2_amd64.deb ...
linux-packages	Install build, package and native automation dependencies	2026-09-22T19:59:34.8354066Z Unpacking libsndfile1:amd64 (1.0.31-2ubuntu0.2) ...
linux-packages	Install build, package and native automation dependencies	2026-09-22T19:59:34.8674469Z Selecting previously unselected package libpulse0:amd64.
linux-packages	Install build, package and native automation dependencies	2026-09-22T19:59:34.8845010Z Preparing to unpack .../054-libpulse0_1%3a15.99.1+dfsg1-1ubuntu2.2_amd64.deb ...
linux-packages	Install build, package and native automation dependencies	2026-09-22T19:59:34.8907286Z Unpacking libpulse0:amd64 (1:15.99.1+dfsg1-1ubuntu2.2) ...
linux-packages	Install build, package and native automation dependencies	2026-09-22T19:59:34.9160282Z Selecting previously unselected package libspeex1:amd64.
linux-packages	Install build, package and native automation dependencies	2026-09-22T19:59:34.9328643Z Preparing to unpack .../055-libspeex1_1.2~rc1.2-1.1ubuntu3_amd64.deb ...
linux-packages	Install build, package and native automation dependencies	2026-09-22T19:59:34.9345334Z Unpacking libspeex1:amd64 (1.2~rc1.2-1.1ubuntu3) ...
linux-packages	Install build, package and native automation dependencies	2026-09-22T19:59:34.9567435Z Selecting previously unselected package libshout3:amd64.
linux-packages	Install build, package and native automation dependencies	2026-09-22T19:59:34.9741195Z Preparing to unpack .../056-libshout3_2.4.5-1build3_amd64.deb ...
linux-packages	Install build, package and native automation dependencies	2026-09-22T19:59:34.9754613Z Unpacking libshout3:amd64 (2.4.5-1build3) ...
linux-packages	Install build, package and native automation dependencies	2026-09-22T19:59:34.9983838Z Selecting previously unselected package libtag1v5-vanilla:amd64.
linux-packages	Install build, package and native automation dependencies	2026-09-22T19:59:35.0154321Z Preparing to unpack .../057-libtag1v5-vanilla_1.11.1+dfsg.1-3ubuntu3_amd64.deb ...
linux-packages	Install build, package and native automation dependencies	2026-09-22T19:59:35.0167844Z Unpacking libtag1v5-vanilla:amd64 (1.11.1+dfsg.1-3ubuntu3) ...
linux-packages	Install build, package and native automation dependencies	2026-09-22T19:59:35.0396735Z Selecting previously unselected package libtag1v5:amd64.
linux-packages	Install build, package and native automation dependencies	2026-09-22T19:59:35.0564045Z Preparing to unpack .../058-libtag1v5_1.11.1+dfsg.1-3ubuntu3_amd64.deb ...
linux-packages	Install build, package and native automation dependencies	2026-09-22T19:59:35.0579815Z Unpacking libtag1v5:amd64 (1.11.1+dfsg.1-3ubuntu3) ...
linux-packages	Install build, package and native automation dependencies	2026-09-22T19:59:35.0824064Z Selecting previously unselected package libtwolame0:amd64.
linux-packages	Install build, package and native automation dependencies	2026-09-22T19:59:35.0988747Z Preparing to unpack .../059-libtwolame0_0.4.0-2build2_amd64.deb ...
linux-packages	Install build, package and native automation dependencies	2026-09-22T19:59:35.1004283Z Unpacking libtwolame0:amd64 (0.4.0-2build2) ...
linux-packages	Install build, package and native automation dependencies	2026-09-22T19:59:35.1220555Z Selecting previously unselected package libv4lconvert0:amd64.
linux-packages	Install build, package and native automation dependencies	2026-09-22T19:59:35.1388420Z Preparing to unpack .../060-libv4lconvert0_1.22.1-2build1_amd64.deb ...
linux-packages	Install build, package and native automation dependencies	2026-09-22T19:59:35.1402700Z Unpacking libv4lconvert0:amd64 (1.22.1-2build1) ...
linux-packages	Install build, package and native automation dependencies	2026-09-22T19:59:35.1635315Z Selecting previously unselected package libv4l-0:amd64.
linux-packages	Install build, package and native automation dependencies	2026-09-22T19:59:35.1801194Z Preparing to unpack .../061-libv4l-0_1.22.1-2build1_amd64.deb ...
linux-packages	Install build, package and native automation dependencies	2026-09-22T19:59:35.1816611Z Unpacking libv4l-0:amd64 (1.22.1-2build1) ...
linux-packages	Install build, package and native automation dependencies	2026-09-22T19:59:35.2067077Z Selecting previously unselected package libvpx7:amd64.
linux-packages	Install build, package and native automation dependencies	2026-09-22T19:59:35.2239706Z Preparing to unpack .../062-libvpx7_1.11.0-2ubuntu2.5_amd64.deb ...
linux-packages	Install build, package and native automation dependencies	2026-09-22T19:59:35.2249227Z Unpacking libvpx7:amd64 (1.11.0-2ubuntu2.5) ...
linux-packages	Install build, package and native automation dependencies	2026-09-22T19:59:35.2620384Z Selecting previously unselected package libwavpack1:amd64.
linux-packages	Install build, package and native automation dependencies	2026-09-22T19:59:35.2782881Z Preparing to unpack .../063-libwavpack1_5.4.0-1build2_amd64.deb ...
linux-packages	Install build, package and native automation dependencies	2026-09-22T19:59:35.2798749Z Unpacking libwavpack1:amd64 (5.4.0-1build2) ...
linux-packages	Install build, package and native automation dependencies	2026-09-22T19:59:35.3050051Z Selecting previously unselected package gstreamer1.0-plugins-good:amd64.
linux-packages	Install build, package and native automation dependencies	2026-09-22T19:59:35.3215594Z Preparing to unpack .../064-gstreamer1.0-plugins-good_1.20.3-0ubuntu1.9_amd64.deb ...
linux-packages	Install build, package and native automation dependencies	2026-09-22T19:59:35.3229875Z Unpacking gstreamer1.0-plugins-good:amd64 (1.20.3-0ubuntu1.9) ...
linux-packages	Install build, package and native automation dependencies	2026-09-22T19:59:35.3888521Z Selecting previously unselected package libxv1:amd64.
linux-packages	Install build, package and native automation dependencies	2026-09-22T19:59:35.4059295Z Preparing to unpack .../065-libxv1_2%3a1.0.11-1build2_amd64.deb ...
linux-packages	Install build, package and native automation dependencies	2026-09-22T19:59:35.4073895Z Unpacking libxv1:amd64 (2:1.0.11-1build2) ...
linux-packages	Install build, package and native automation dependencies	2026-09-22T19:59:35.4267939Z Selecting previously unselected package gstreamer1.0-x:amd64.
linux-packages	Install build, package and native automation dependencies	2026-09-22T19:59:35.4454542Z Preparing to unpack .../066-gstreamer1.0-x_1.20.1-1ubuntu0.7_amd64.deb ...
linux-packages	Install build, package and native automation dependencies	2026-09-22T19:59:35.4467040Z Unpacking gstreamer1.0-x:amd64 (1.20.1-1ubuntu0.7) ...
linux-packages	Install build, package and native automation dependencies	2026-09-22T19:59:35.4677171Z Selecting previously unselected package libatk1.0-dev:amd64.
linux-packages	Install build, package and native automation dependencies	2026-09-22T19:59:35.4842755Z Preparing to unpack .../067-libatk1.0-dev_2.36.0-3build1_amd64.deb ...
linux-packages	Install build, package and native automation dependencies	2026-09-22T19:59:35.4855047Z Unpacking libatk1.0-dev:amd64 (2.36.0-3build1) ...
linux-packages	Install build, package and native automation dependencies	2026-09-22T19:59:35.5246702Z Selecting previously unselected package libdbus-1-dev:amd64.
linux-packages	Install build, package and native automation dependencies	2026-09-22T19:59:35.5425648Z Preparing to unpack .../068-libdbus-1-dev_1.12.20-2ubuntu4.1_amd64.deb ...
linux-packages	Install build, package and native automation dependencies	2026-09-22T19:59:35.5438485Z Unpacking libdbus-1-dev:amd64 (1.12.20-2ubuntu4.1) ...
linux-packages	Install build, package and native automation dependencies	2026-09-22T19:59:35.5717458Z Selecting previously unselected package libxfixes-dev:amd64.
linux-packages	Install build, package and native automation dependencies	2026-09-22T19:59:35.5885937Z Preparing to unpack .../069-libxfixes-dev_1%3a6.0.0-1_amd64.deb ...
linux-packages	Install build, package and native automation dependencies	2026-09-22T19:59:35.5899984Z Unpacking libxfixes-dev:amd64 (1:6.0.0-1) ...
linux-packages	Install build, package and native automation dependencies	2026-09-22T19:59:35.6158318Z Selecting previously unselected package libxi-dev:amd64.
linux-packages	Install build, package and native automation dependencies	2026-09-22T19:59:35.6345294Z Preparing to unpack .../070-libxi-dev_2%3a1.8-1build1_amd64.deb ...
linux-packages	Install build, package and native automation dependencies	2026-09-22T19:59:35.6380759Z Unpacking libxi-dev:amd64 (2:1.8-1build1) ...
linux-packages	Install build, package and native automation dependencies	2026-09-22T19:59:35.6734586Z Selecting previously unselected package libxtst-dev:amd64.
linux-packages	Install build, package and native automation dependencies	2026-09-22T19:59:35.6917813Z Preparing to unpack .../071-libxtst-dev_2%3a1.2.3-1build4_amd64.deb ...
linux-packages	Install build, package and native automation dependencies	2026-09-22T19:59:35.6935618Z Unpacking libxtst-dev:amd64 (2:1.2.3-1build4) ...
linux-packages	Install build, package and native automation dependencies	2026-09-22T19:59:35.7206072Z Selecting previously unselected package libatspi2.0-dev:amd64.
linux-packages	Install build, package and native automation dependencies	2026-09-22T19:59:35.7431424Z Preparing to unpack .../072-libatspi2.0-dev_2.44.0-3_amd64.deb ...
linux-packages	Install build, package and native automation dependencies	2026-09-22T19:59:35.7446728Z Unpacking libatspi2.0-dev:amd64 (2.44.0-3) ...
linux-packages	Install build, package and native automation dependencies	2026-09-22T19:59:35.7735979Z Selecting previously unselected package libatk-bridge2.0-dev:amd64.
linux-packages	Install build, package and native automation dependencies	2026-09-22T19:59:35.7919135Z Preparing to unpack .../073-libatk-bridge2.0-dev_2.38.0-3_amd64.deb ...
linux-packages	Install build, package and native automation dependencies	2026-09-22T19:59:35.7934908Z Unpacking libatk-bridge2.0-dev:amd64 (2.38.0-3) ...
linux-packages	Install build, package and native automation dependencies	2026-09-22T19:59:35.8149285Z Selecting previously unselected package libglx-dev:amd64.
linux-packages	Install build, package and native automation dependencies	2026-09-22T19:59:35.8332384Z Preparing to unpack .../074-libglx-dev_1.4.0-1_amd64.deb ...
linux-packages	Install build, package and native automation dependencies	2026-09-22T19:59:35.8345651Z Unpacking libglx-dev:amd64 (1.4.0-1) ...
linux-packages	Install build, package and native automation dependencies	2026-09-22T19:59:35.8566632Z Selecting previously unselected package libgl-dev:amd64.
linux-packages	Install build, package and native automation dependencies	2026-09-22T19:59:35.8749724Z Preparing to unpack .../075-libgl-dev_1.4.0-1_amd64.deb ...
linux-packages	Install build, package and native automation dependencies	2026-09-22T19:59:35.8764454Z Unpacking libgl-dev:amd64 (1.4.0-1) ...
linux-packages	Install build, package and native automation dependencies	2026-09-22T19:59:35.9017810Z Selecting previously unselected package libegl-dev:amd64.
linux-packages	Install build, package and native automation dependencies	2026-09-22T19:59:35.9205410Z Preparing to unpack .../076-libegl-dev_1.4.0-1_amd64.deb ...
linux-packages	Install build, package and native automation dependencies	2026-09-22T19:59:35.9219993Z Unpacking libegl-dev:amd64 (1.4.0-1) ...
linux-packages	Install build, package and native automation dependencies	2026-09-22T19:59:35.9428214Z Selecting previously unselected package libglvnd-core-dev:amd64.
linux-packages	Install build, package and native automation dependencies	2026-09-22T19:59:35.9589006Z Preparing to unpack .../077-libglvnd-core-dev_1.4.0-1_amd64.deb ...
linux-packages	Install build, package and native automation dependencies	2026-09-22T19:59:35.9695898Z Unpacking libglvnd-core-dev:amd64 (1.4.0-1) ...
linux-packages	Install build, package and native automation dependencies	2026-09-22T19:59:35.9923643Z Selecting previously unselected package libgles1:amd64.
linux-packages	Install build, package and native automation dependencies	2026-09-22T19:59:36.0080071Z Preparing to unpack .../078-libgles1_1.4.0-1_amd64.deb ...
linux-packages	Install build, package and native automation dependencies	2026-09-22T19:59:36.0093432Z Unpacking libgles1:amd64 (1.4.0-1) ...
linux-packages	Install build, package and native automation dependencies	2026-09-22T19:59:36.0316880Z Selecting previously unselected package libgles2:amd64.
linux-packages	Install build, package and native automation dependencies	2026-09-22T19:59:36.0471271Z Preparing to unpack .../079-libgles2_1.4.0-1_amd64.deb ...
linux-packages	Install build, package and native automation dependencies	2026-09-22T19:59:36.0485077Z Unpacking libgles2:amd64 (1.4.0-1) ...
linux-packages	Install build, package and native automation dependencies	2026-09-22T19:59:36.0689542Z Selecting previously unselected package libgles-dev:amd64.
linux-packages	Install build, package and native automation dependencies	2026-09-22T19:59:36.0861640Z Preparing to unpack .../080-libgles-dev_1.4.0-1_amd64.deb ...
linux-packages	Install build, package and native automation dependencies	2026-09-22T19:59:36.0875982Z Unpacking libgles-dev:amd64 (1.4.0-1) ...
linux-packages	Install build, package and native automation dependencies	2026-09-22T19:59:36.1127675Z Selecting previously unselected package libopengl0:amd64.
linux-packages	Install build, package and native automation dependencies	2026-09-22T19:59:36.1285454Z Preparing to unpack .../081-libopengl0_1.4.0-1_amd64.deb ...
linux-packages	Install build, package and native automation dependencies	2026-09-22T19:59:36.1299786Z Unpacking libopengl0:amd64 (1.4.0-1) ...
linux-packages	Install build, package and native automation dependencies	2026-09-22T19:59:36.1501583Z Selecting previously unselected package libopengl-dev:amd64.
linux-packages	Install build, package and native automation dependencies	2026-09-22T19:59:36.1662316Z Preparing to unpack .../082-libopengl-dev_1.4.0-1_amd64.deb ...
linux-packages	Install build, package and native automation dependencies	2026-09-22T19:59:36.1699018Z Unpacking libopengl-dev:amd64 (1.4.0-1) ...
linux-packages	Install build, package and native automation dependencies	2026-09-22T19:59:36.1886421Z Selecting previously unselected package libglvnd-dev:amd64.
linux-packages	Install build, package and native automation dependencies	2026-09-22T19:59:36.2041564Z Preparing to unpack .../083-libglvnd-dev_1.4.0-1_amd64.deb ...
linux-packages	Install build, package and native automation dependencies	2026-09-22T19:59:36.2053156Z Unpacking libglvnd-dev:amd64 (1.4.0-1) ...
linux-packages	Install build, package and native automation dependencies	2026-09-22T19:59:36.2233437Z Selecting previously unselected package libegl1-mesa-dev:amd64.
linux-packages	Install build, package and native automation dependencies	2026-09-22T19:59:36.2396604Z Preparing to unpack .../084-libegl1-mesa-dev_23.2.1-1ubuntu3.1~22.04.4_amd64.deb ...
linux-packages	Install build, package and native automation dependencies	2026-09-22T19:59:36.2409513Z Unpacking libegl1-mesa-dev:amd64 (23.2.1-1ubuntu3.1~22.04.4) ...
linux-packages	Install build, package and native automation dependencies	2026-09-22T19:59:36.2617187Z Selecting previously unselected package libepoxy-dev:amd64.
linux-packages	Install build, package and native automation dependencies	2026-09-22T19:59:36.2786313Z Preparing to unpack .../085-libepoxy-dev_1.5.10-1_amd64.deb ...
linux-packages	Install build, package and native automation dependencies	2026-09-22T19:59:36.2799972Z Unpacking libepoxy-dev:amd64 (1.5.10-1) ...
linux-packages	Install build, package and native automation dependencies	2026-09-22T19:59:36.3049699Z Selecting previously unselected package libfribidi-dev:amd64.
linux-packages	Install build, package and native automation dependencies	2026-09-22T19:59:36.3214262Z Preparing to unpack .../086-libfribidi-dev_1.0.8-2ubuntu3.1_amd64.deb ...
linux-packages	Install build, package and native automation dependencies	2026-09-22T19:59:36.3226197Z Unpacking libfribidi-dev:amd64 (1.0.8-2ubuntu3.1) ...
linux-packages	Install build, package and native automation dependencies	2026-09-22T19:59:36.3525674Z Selecting previously unselected package libharfbuzz-icu0:amd64.
linux-packages	Install build, package and native automation dependencies	2026-09-22T19:59:36.3691126Z Preparing to unpack .../087-libharfbuzz-icu0_2.7.4-1ubuntu3.2_amd64.deb ...
linux-packages	Install build, package and native automation dependencies	2026-09-22T19:59:36.3704560Z Unpacking libharfbuzz-icu0:amd64 (2.7.4-1ubuntu3.2) ...
linux-packages	Install build, package and native automation dependencies	2026-09-22T19:59:36.3949361Z Selecting previously unselected package libharfbuzz-gobject0:amd64.
linux-packages	Install build, package and native automation dependencies	2026-09-22T19:59:36.4112215Z Preparing to unpack .../088-libharfbuzz-gobject0_2.7.4-1ubuntu3.2_amd64.deb ...
linux-packages	Install build, package and native automation dependencies	2026-09-22T19:59:36.4125984Z Unpacking libharfbuzz-gobject0:amd64 (2.7.4-1ubuntu3.2) ...
linux-packages	Install build, package and native automation dependencies	2026-09-22T19:59:36.4318725Z Selecting previously unselected package libgraphite2-dev:amd64.
linux-packages	Install build, package and native automation dependencies	2026-09-22T19:59:36.4492629Z Preparing to unpack .../089-libgraphite2-dev_1.3.14-1ubuntu0.1_amd64.deb ...
linux-packages	Install build, package and native automation dependencies	2026-09-22T19:59:36.4504919Z Unpacking libgraphite2-dev:amd64 (1.3.14-1ubuntu0.1) ...
linux-packages	Install build, package and native automation dependencies	2026-09-22T19:59:36.4694894Z Selecting previously unselected package libharfbuzz-dev:amd64.
linux-packages	Install build, package and native automation dependencies	2026-09-22T19:59:36.4857229Z Preparing to unpack .../090-libharfbuzz-dev_2.7.4-1ubuntu3.2_amd64.deb ...
linux-packages	Install build, package and native automation dependencies	2026-09-22T19:59:36.4868822Z Unpacking libharfbuzz-dev:amd64 (2.7.4-1ubuntu3.2) ...
linux-packages	Install build, package and native automation dependencies	2026-09-22T19:59:36.5238597Z Selecting previously unselected package libdatrie-dev:amd64.
linux-packages	Install build, package and native automation dependencies	2026-09-22T19:59:36.5406099Z Preparing to unpack .../091-libdatrie-dev_0.2.13-2_amd64.deb ...
linux-packages	Install build, package and native automation dependencies	2026-09-22T19:59:36.5418688Z Unpacking libdatrie-dev:amd64 (0.2.13-2) ...
linux-packages	Install build, package and native automation dependencies	2026-09-22T19:59:36.5627667Z Selecting previously unselected package libthai-dev:amd64.
linux-packages	Install build, package and native automation dependencies	2026-09-22T19:59:36.5794799Z Preparing to unpack .../092-libthai-dev_0.1.29-1build1_amd64.deb ...
linux-packages	Install build, package and native automation dependencies	2026-09-22T19:59:36.5809259Z Unpacking libthai-dev:amd64 (0.1.29-1build1) ...
linux-packages	Install build, package and native automation dependencies	2026-09-22T19:59:36.6045688Z Selecting previously unselected package libxft-dev:amd64.
linux-packages	Install build, package and native automation dependencies	2026-09-22T19:59:36.6209463Z Preparing to unpack .../093-libxft-dev_2.3.4-1_amd64.deb ...
linux-packages	Install build, package and native automation dependencies	2026-09-22T19:59:36.6223460Z Unpacking libxft-dev:amd64 (2.3.4-1) ...
linux-packages	Install build, package and native automation dependencies	2026-09-22T19:59:36.6498098Z Selecting previously unselected package pango1.0-tools.
linux-packages	Install build, package and native automation dependencies	2026-09-22T19:59:36.6672383Z Preparing to unpack .../094-pango1.0-tools_1.50.6+ds-2ubuntu1_amd64.deb ...
linux-packages	Install build, package and native automation dependencies	2026-09-22T19:59:36.6687690Z Unpacking pango1.0-tools (1.50.6+ds-2ubuntu1) ...
linux-packages	Install build, package and native automation dependencies	2026-09-22T19:59:36.6907281Z Selecting previously unselected package libpango1.0-dev:amd64.
linux-packages	Install build, package and native automation dependencies	2026-09-22T19:59:36.7084966Z Preparing to unpack .../095-libpango1.0-dev_1.50.6+ds-2ubuntu1_amd64.deb ...
linux-packages	Install build, package and native automation dependencies	2026-09-22T19:59:36.7101757Z Unpacking libpango1.0-dev:amd64 (1.50.6+ds-2ubuntu1) ...
linux-packages	Install build, package and native automation dependencies	2026-09-22T19:59:36.7502951Z Selecting previously unselected package libwayland-bin.
linux-packages	Install build, package and native automation dependencies	2026-09-22T19:59:36.7668006Z Preparing to unpack .../096-libwayland-bin_1.20.0-1ubuntu0.1_amd64.deb ...
linux-packages	Install build, package and native automation dependencies	2026-09-22T19:59:36.7679683Z Unpacking libwayland-bin (1.20.0-1ubuntu0.1) ...
linux-packages	Install build, package and native automation dependencies	2026-09-22T19:59:36.7892305Z Selecting previously unselected package libwayland-dev:amd64.
linux-packages	Install build, package and native automation dependencies	2026-09-22T19:59:36.8059446Z Preparing to unpack .../097-libwayland-dev_1.20.0-1ubuntu0.1_amd64.deb ...
linux-packages	Install build, package and native automation dependencies	2026-09-22T19:59:36.8073585Z Unpacking libwayland-dev:amd64 (1.20.0-1ubuntu0.1) ...
linux-packages	Install build, package and native automation dependencies	2026-09-22T19:59:36.8334414Z Selecting previously unselected package libxcomposite-dev:amd64.
linux-packages	Install build, package and native automation dependencies	2026-09-22T19:59:36.8508365Z Preparing to unpack .../098-libxcomposite-dev_1%3a0.4.5-1build2_amd64.deb ...
linux-packages	Install build, package and native automation dependencies	2026-09-22T19:59:36.8520313Z Unpacking libxcomposite-dev:amd64 (1:0.4.5-1build2) ...
linux-packages	Install build, package and native automation dependencies	2026-09-22T19:59:36.8726031Z Selecting previously unselected package libxcursor-dev:amd64.
linux-packages	Install build, package and native automation dependencies	2026-09-22T19:59:36.8892581Z Preparing to unpack .../099-libxcursor-dev_1%3a1.2.0-2build4_amd64.deb ...
linux-packages	Install build, package and native automation dependencies	2026-09-22T19:59:36.8903716Z Unpacking libxcursor-dev:amd64 (1:1.2.0-2build4) ...
linux-packages	Install build, package and native automation dependencies	2026-09-22T19:59:36.9256058Z Selecting previously unselected package libxdamage-dev:amd64.
linux-packages	Install build, package and native automation dependencies	2026-09-22T19:59:36.9429193Z Preparing to unpack .../100-libxdamage-dev_1%3a1.1.5-2build2_amd64.deb ...
linux-packages	Install build, package and native automation dependencies	2026-09-22T19:59:36.9441724Z Unpacking libxdamage-dev:amd64 (1:1.1.5-2build2) ...
linux-packages	Install build, package and native automation dependencies	2026-09-22T19:59:36.9655520Z Selecting previously unselected package libxinerama-dev:amd64.
linux-packages	Install build, package and native automation dependencies	2026-09-22T19:59:36.9813614Z Preparing to unpack .../101-libxinerama-dev_2%3a1.1.4-3_amd64.deb ...
linux-packages	Install build, package and native automation dependencies	2026-09-22T19:59:36.9826841Z Unpacking libxinerama-dev:amd64 (2:1.1.4-3) ...
linux-packages	Install build, package and native automation dependencies	2026-09-22T19:59:37.0367407Z Selecting previously unselected package libxkbcommon-dev:amd64.
linux-packages	Install build, package and native automation dependencies	2026-09-22T19:59:37.0541349Z Preparing to unpack .../102-libxkbcommon-dev_1.4.0-1_amd64.deb ...
linux-packages	Install build, package and native automation dependencies	2026-09-22T19:59:37.0556675Z Unpacking libxkbcommon-dev:amd64 (1.4.0-1) ...
linux-packages	Install build, package and native automation dependencies	2026-09-22T19:59:37.0768147Z Selecting previously unselected package libxrandr-dev:amd64.
linux-packages	Install build, package and native automation dependencies	2026-09-22T19:59:37.0938851Z Preparing to unpack .../103-libxrandr-dev_2%3a1.5.2-1build1_amd64.deb ...
linux-packages	Install build, package and native automation dependencies	2026-09-22T19:59:37.0953791Z Unpacking libxrandr-dev:amd64 (2:1.5.2-1build1) ...
linux-packages	Install build, package and native automation dependencies	2026-09-22T19:59:37.1219243Z Selecting previously unselected package wayland-protocols.
linux-packages	Install build, package and native automation dependencies	2026-09-22T19:59:37.1396246Z Preparing to unpack .../104-wayland-protocols_1.25-1_all.deb ...
linux-packages	Install build, package and native automation dependencies	2026-09-22T19:59:37.1410777Z Unpacking wayland-protocols (1.25-1) ...
linux-packages	Install build, package and native automation dependencies	2026-09-22T19:59:37.1904557Z Selecting previously unselected package libgtk-3-dev:amd64.
linux-packages	Install build, package and native automation dependencies	2026-09-22T19:59:37.2069337Z Preparing to unpack .../105-libgtk-3-dev_3.24.33-1ubuntu2.2_amd64.deb ...
linux-packages	Install build, package and native automation dependencies	2026-09-22T19:59:37.2083433Z Unpacking libgtk-3-dev:amd64 (3.24.33-1ubuntu2.2) ...
linux-packages	Install build, package and native automation dependencies	2026-09-22T19:59:37.3724856Z Selecting previously unselected package libayatana-ido3-dev.
linux-packages	Install build, package and native automation dependencies	2026-09-22T19:59:37.3892051Z Preparing to unpack .../106-libayatana-ido3-dev_0.9.1-1_amd64.deb ...
linux-packages	Install build, package and native automation dependencies	2026-09-22T19:59:37.3907234Z Unpacking libayatana-ido3-dev (0.9.1-1) ...
linux-packages	Install build, package and native automation dependencies	2026-09-22T19:59:37.4189156Z Selecting previously unselected package libayatana-indicator3-dev.
linux-packages	Install build, package and native automation dependencies	2026-09-22T19:59:37.4349466Z Preparing to unpack .../107-libayatana-indicator3-dev_0.9.1-1_amd64.deb ...
linux-packages	Install build, package and native automation dependencies	2026-09-22T19:59:37.4364005Z Unpacking libayatana-indicator3-dev (0.9.1-1) ...
linux-packages	Install build, package and native automation dependencies	2026-09-22T19:59:37.4574599Z Selecting previously unselected package libdbus-glib-1-dev-bin.
linux-packages	Install build, package and native automation dependencies	2026-09-22T19:59:37.4738429Z Preparing to unpack .../108-libdbus-glib-1-dev-bin_0.112-2build1_amd64.deb ...
linux-packages	Install build, package and native automation dependencies	2026-09-22T19:59:37.4753622Z Unpacking libdbus-glib-1-dev-bin (0.112-2build1) ...
linux-packages	Install build, package and native automation dependencies	2026-09-22T19:59:37.4996174Z Selecting previously unselected package libdbus-glib-1-dev:amd64.
linux-packages	Install build, package and native automation dependencies	2026-09-22T19:59:37.5164514Z Preparing to unpack .../109-libdbus-glib-1-dev_0.112-2build1_amd64.deb ...
linux-packages	Install build, package and native automation dependencies	2026-09-22T19:59:37.5181460Z Unpacking libdbus-glib-1-dev:amd64 (0.112-2build1) ...
linux-packages	Install build, package and native automation dependencies	2026-09-22T19:59:37.5396589Z Selecting previously unselected package libdbusmenu-glib-dev:amd64.
linux-packages	Install build, package and native automation dependencies	2026-09-22T19:59:37.5561599Z Preparing to unpack .../110-libdbusmenu-glib-dev_16.04.1+18.10.20180917-0ubuntu8_amd64.deb ...
linux-packages	Install build, package and native automation dependencies	2026-09-22T19:59:37.5577556Z Unpacking libdbusmenu-glib-dev:amd64 (16.04.1+18.10.20180917-0ubuntu8) ...
linux-packages	Install build, package and native automation dependencies	2026-09-22T19:59:37.5807012Z Selecting previously unselected package libayatana-appindicator3-dev.
linux-packages	Install build, package and native automation dependencies	2026-09-22T19:59:37.5966745Z Preparing to unpack .../111-libayatana-appindicator3-dev_0.5.90-7ubuntu2_amd64.deb ...
linux-packages	Install build, package and native automation dependencies	2026-09-22T19:59:37.5982141Z Unpacking libayatana-appindicator3-dev (0.5.90-7ubuntu2) ...
linux-packages	Install build, package and native automation dependencies	2026-09-22T19:59:37.6199840Z Selecting previously unselected package libdazzle-1.0-dev:amd64.
linux-packages	Install build, package and native automation dependencies	2026-09-22T19:59:37.6362457Z Preparing to unpack .../112-libdazzle-1.0-dev_3.44.0-1_amd64.deb ...
linux-packages	Install build, package and native automation dependencies	2026-09-22T19:59:37.6377758Z Unpacking libdazzle-1.0-dev:amd64 (3.44.0-1) ...
linux-packages	Install build, package and native automation dependencies	2026-09-22T19:59:37.6876882Z Selecting previously unselected package libfuse2:amd64.
linux-packages	Install build, package and native automation dependencies	2026-09-22T19:59:37.7045123Z Preparing to unpack .../113-libfuse2_2.9.9-5ubuntu3_amd64.deb ...
linux-packages	Install build, package and native automation dependencies	2026-09-22T19:59:37.7087578Z Unpacking libfuse2:amd64 (2.9.9-5ubuntu3) ...
linux-packages	Install build, package and native automation dependencies	2026-09-22T19:59:37.7321231Z Selecting previously unselected package libhyphen0:amd64.
linux-packages	Install build, package and native automation dependencies	2026-09-22T19:59:37.7483044Z Preparing to unpack .../114-libhyphen0_2.8.8-7build2_amd64.deb ...
linux-packages	Install build, package and native automation dependencies	2026-09-22T19:59:37.7497620Z Unpacking libhyphen0:amd64 (2.8.8-7build2) ...
linux-packages	Install build, package and native automation dependencies	2026-09-22T19:59:37.7707290Z Selecting previously unselected package libjavascriptcoregtk-4.1-0:amd64.
linux-packages	Install build, package and native automation dependencies	2026-09-22T19:59:37.7867838Z Preparing to unpack .../115-libjavascriptcoregtk-4.1-0_2.50.4-0ubuntu0.22.04.1_amd64.deb ...
linux-packages	Install build, package and native automation dependencies	2026-09-22T19:59:37.7880114Z Unpacking libjavascriptcoregtk-4.1-0:amd64 (2.50.4-0ubuntu0.22.04.1) ...
linux-packages	Install build, package and native automation dependencies	2026-09-22T19:59:38.0768769Z Selecting previously unselected package libjavascriptcoregtk-4.1-dev:amd64.
linux-packages	Install build, package and native automation dependencies	2026-09-22T19:59:38.0937082Z Preparing to unpack .../116-libjavascriptcoregtk-4.1-dev_2.50.4-0ubuntu0.22.04.1_amd64.deb ...
linux-packages	Install build, package and native automation dependencies	2026-09-22T19:59:38.0951678Z Unpacking libjavascriptcoregtk-4.1-dev:amd64 (2.50.4-0ubuntu0.22.04.1) ...
linux-packages	Install build, package and native automation dependencies	2026-09-22T19:59:38.1205882Z Selecting previously unselected package libjson-glib-dev:amd64.
linux-packages	Install build, package and native automation dependencies	2026-09-22T19:59:38.1372594Z Preparing to unpack .../117-libjson-glib-dev_1.6.6-1build1_amd64.deb ...
linux-packages	Install build, package and native automation dependencies	2026-09-22T19:59:38.1388567Z Unpacking libjson-glib-dev:amd64 (1.6.6-1build1) ...
linux-packages	Install build, package and native automation dependencies	2026-09-22T19:59:38.1913300Z Selecting previously unselected package libevdev2:amd64.
linux-packages	Install build, package and native automation dependencies	2026-09-22T19:59:38.2085118Z Preparing to unpack .../118-libevdev2_1.12.1+dfsg-1_amd64.deb ...
linux-packages	Install build, package and native automation dependencies	2026-09-22T19:59:38.2102247Z Unpacking libevdev2:amd64 (1.12.1+dfsg-1) ...
linux-packages	Install build, package and native automation dependencies	2026-09-22T19:59:38.2326847Z Selecting previously unselected package libmanette-0.2-0:amd64.
linux-packages	Install build, package and native automation dependencies	2026-09-22T19:59:38.2492215Z Preparing to unpack .../119-libmanette-0.2-0_0.2.6-3build1_amd64.deb ...
linux-packages	Install build, package and native automation dependencies	2026-09-22T19:59:38.2505077Z Unpacking libmanette-0.2-0:amd64 (0.2.6-3build1) ...
linux-packages	Install build, package and native automation dependencies	2026-09-22T19:59:38.2724675Z Selecting previously unselected package libnghttp2-dev.
linux-packages	Install build, package and native automation dependencies	2026-09-22T19:59:38.2887982Z Preparing to unpack .../120-libnghttp2-dev_1.43.0-1ubuntu0.4_amd64.deb ...
linux-packages	Install build, package and native automation dependencies	2026-09-22T19:59:38.2900690Z Unpacking libnghttp2-dev (1.43.0-1ubuntu0.4) ...
linux-packages	Install build, package and native automation dependencies	2026-09-22T19:59:38.3137708Z Selecting previously unselected package libwebrtc-audio-processing1:amd64.
linux-packages	Install build, package and native automation dependencies	2026-09-22T19:59:38.3299568Z Preparing to unpack .../121-libwebrtc-audio-processing1_0.3.1-0ubuntu5_amd64.deb ...
linux-packages	Install build, package and native automation dependencies	2026-09-22T19:59:38.3314677Z Unpacking libwebrtc-audio-processing1:amd64 (0.3.1-0ubuntu5) ...
linux-packages	Install build, package and native automation dependencies	2026-09-22T19:59:38.3547529Z Selecting previously unselected package libspa-0.2-modules:amd64.
linux-packages	Install build, package and native automation dependencies	2026-09-22T19:59:38.3714683Z Preparing to unpack .../122-libspa-0.2-modules_0.3.48-1ubuntu3.2_amd64.deb ...
linux-packages	Install build, package and native automation dependencies	2026-09-22T19:59:38.3728308Z Unpacking libspa-0.2-modules:amd64 (0.3.48-1ubuntu3.2) ...
linux-packages	Install build, package and native automation dependencies	2026-09-22T19:59:38.4045575Z Selecting previously unselected package libpipewire-0.3-0:amd64.
linux-packages	Install build, package and native automation dependencies	2026-09-22T19:59:38.4213702Z Preparing to unpack .../123-libpipewire-0.3-0_0.3.48-1ubuntu3.2_amd64.deb ...
linux-packages	Install build, package and native automation dependencies	2026-09-22T19:59:38.4230167Z Unpacking libpipewire-0.3-0:amd64 (0.3.48-1ubuntu3.2) ...
linux-packages	Install build, package and native automation dependencies	2026-09-22T19:59:38.4467864Z Selecting previously unselected package libpipewire-0.3-common.
linux-packages	Install build, package and native automation dependencies	2026-09-22T19:59:38.4630653Z Preparing to unpack .../124-libpipewire-0.3-common_0.3.48-1ubuntu3.2_all.deb ...
linux-packages	Install build, package and native automation dependencies	2026-09-22T19:59:38.4645499Z Unpacking libpipewire-0.3-common (0.3.48-1ubuntu3.2) ...
linux-packages	Install build, package and native automation dependencies	2026-09-22T19:59:38.4853958Z Selecting previously unselected package libpipewire-0.3-modules:amd64.
linux-packages	Install build, package and native automation dependencies	2026-09-22T19:59:38.5018747Z Preparing to unpack .../125-libpipewire-0.3-modules_0.3.48-1ubuntu3.2_amd64.deb ...
linux-packages	Install build, package and native automation dependencies	2026-09-22T19:59:38.5031573Z Unpacking libpipewire-0.3-modules:amd64 (0.3.48-1ubuntu3.2) ...
linux-packages	Install build, package and native automation dependencies	2026-09-22T19:59:38.5336502Z Selecting previously unselected package libpolkit-gobject-1-dev.
linux-packages	Install build, package and native automation dependencies	2026-09-22T19:59:38.5511345Z Preparing to unpack .../126-libpolkit-gobject-1-dev_0.105-33ubuntu0.2_amd64.deb ...
linux-packages	Install build, package and native automation dependencies	2026-09-22T19:59:38.5523410Z Unpacking libpolkit-gobject-1-dev (0.105-33ubuntu0.2) ...
linux-packages	Install build, package and native automation dependencies	2026-09-22T19:59:38.5771992Z Selecting previously unselected package libpsl-dev:amd64.
linux-packages	Install build, package and native automation dependencies	2026-09-22T19:59:38.5939634Z Preparing to unpack .../127-libpsl-dev_0.21.0-1.2build2_amd64.deb ...
linux-packages	Install build, package and native automation dependencies	2026-09-22T19:59:38.5951315Z Unpacking libpsl-dev:amd64 (0.21.0-1.2build2) ...
linux-packages	Install build, package and native automation dependencies	2026-09-22T19:59:38.6199180Z Selecting previously unselected package libsysprof-4:amd64.
linux-packages	Install build, package and native automation dependencies	2026-09-22T19:59:38.6358612Z Preparing to unpack .../128-libsysprof-4_3.44.0-1_amd64.deb ...
linux-packages	Install build, package and native automation dependencies	2026-09-22T19:59:38.6377985Z Unpacking libsysprof-4:amd64 (3.44.0-1) ...
linux-packages	Install build, package and native automation dependencies	2026-09-22T19:59:38.6620712Z Selecting previously unselected package libsysprof-ui-4:amd64.
linux-packages	Install build, package and native automation dependencies	2026-09-22T19:59:38.6782208Z Preparing to unpack .../129-libsysprof-ui-4_3.44.0-1_amd64.deb ...
linux-packages	Install build, package and native automation dependencies	2026-09-22T19:59:38.6798465Z Unpacking libsysprof-ui-4:amd64 (3.44.0-1) ...
linux-packages	Install build, package and native automation dependencies	2026-09-22T19:59:38.7017666Z Selecting previously unselected package libsysprof-4-dev:amd64.
linux-packages	Install build, package and native automation dependencies	2026-09-22T19:59:38.7179679Z Preparing to unpack .../130-libsysprof-4-dev_3.44.0-1_amd64.deb ...
linux-packages	Install build, package and native automation dependencies	2026-09-22T19:59:38.7196554Z Unpacking libsysprof-4-dev:amd64 (3.44.0-1) ...
linux-packages	Install build, package and native automation dependencies	2026-09-22T19:59:38.7478686Z Selecting previously unselected package libsoup-3.0-dev:amd64.
linux-packages	Install build, package and native automation dependencies	2026-09-22T19:59:38.7643134Z Preparing to unpack .../131-libsoup-3.0-dev_3.0.7-0ubuntu1_amd64.deb ...
linux-packages	Install build, package and native automation dependencies	2026-09-22T19:59:38.7664895Z Unpacking libsoup-3.0-dev:amd64 (3.0.7-0ubuntu1) ...
linux-packages	Install build, package and native automation dependencies	2026-09-22T19:59:38.7965737Z Selecting previously unselected package xdg-dbus-proxy.
linux-packages	Install build, package and native automation dependencies	2026-09-22T19:59:38.8134440Z Preparing to unpack .../132-xdg-dbus-proxy_0.1.3-1ubuntu0.1_amd64.deb ...
linux-packages	Install build, package and native automation dependencies	2026-09-22T19:59:38.8151137Z Unpacking xdg-dbus-proxy (0.1.3-1ubuntu0.1) ...
linux-packages	Install build, package and native automation dependencies	2026-09-22T19:59:38.8378848Z Selecting previously unselected package libwoff1:amd64.
linux-packages	Install build, package and native automation dependencies	2026-09-22T19:59:38.8539065Z Preparing to unpack .../133-libwoff1_1.0.2-1build4_amd64.deb ...
linux-packages	Install build, package and native automation dependencies	2026-09-22T19:59:38.8556821Z Unpacking libwoff1:amd64 (1.0.2-1build4) ...
linux-packages	Install build, package and native automation dependencies	2026-09-22T19:59:38.8784924Z Selecting previously unselected package libwebkit2gtk-4.1-0:amd64.
linux-packages	Install build, package and native automation dependencies	2026-09-22T19:59:38.8951645Z Preparing to unpack .../134-libwebkit2gtk-4.1-0_2.50.4-0ubuntu0.22.04.1_amd64.deb ...
linux-packages	Install build, package and native automation dependencies	2026-09-22T19:59:38.8969167Z Unpacking libwebkit2gtk-4.1-0:amd64 (2.50.4-0ubuntu0.22.04.1) ...
linux-packages	Install build, package and native automation dependencies	2026-09-22T19:59:39.6242391Z Selecting previously unselected package libwebkit2gtk-4.1-dev.
linux-packages	Install build, package and native automation dependencies	2026-09-22T19:59:39.6413715Z Preparing to unpack .../135-libwebkit2gtk-4.1-dev_2.50.4-0ubuntu0.22.04.1_amd64.deb ...
linux-packages	Install build, package and native automation dependencies	2026-09-22T19:59:39.6429258Z Unpacking libwebkit2gtk-4.1-dev (2.50.4-0ubuntu0.22.04.1) ...
linux-packages	Install build, package and native automation dependencies	2026-09-22T19:59:39.8357989Z Selecting previously unselected package pipewire-bin.
linux-packages	Install build, package and native automation dependencies	2026-09-22T19:59:39.8537369Z Preparing to unpack .../136-pipewire-bin_0.3.48-1ubuntu3.2_amd64.deb ...
linux-packages	Install build, package and native automation dependencies	2026-09-22T19:59:39.8875279Z Unpacking pipewire-bin (0.3.48-1ubuntu3.2) ...
linux-packages	Install build, package and native automation dependencies	2026-09-22T19:59:39.9381516Z Selecting previously unselected package pipewire:amd64.
linux-packages	Install build, package and native automation dependencies	2026-09-22T19:59:39.9559886Z Preparing to unpack .../137-pipewire_0.3.48-1ubuntu3.2_amd64.deb ...
linux-packages	Install build, package and native automation dependencies	2026-09-22T19:59:39.9574758Z Unpacking pipewire:amd64 (0.3.48-1ubuntu3.2) ...
linux-packages	Install build, package and native automation dependencies	2026-09-22T19:59:39.9785437Z Selecting previously unselected package pipewire-media-session.
linux-packages	Install build, package and native automation dependencies	2026-09-22T19:59:39.9939342Z Preparing to unpack .../138-pipewire-media-session_0.4.1-2ubuntu1_amd64.deb ...
linux-packages	Install build, package and native automation dependencies	2026-09-22T19:59:40.0124606Z Unpacking pipewire-media-session (0.4.1-2ubuntu1) ...
linux-packages	Install build, package and native automation dependencies	2026-09-22T19:59:40.0378960Z Selecting previously unselected package rtkit.
linux-packages	Install build, package and native automation dependencies	2026-09-22T19:59:40.0557739Z Preparing to unpack .../139-rtkit_0.13-4build2_amd64.deb ...
linux-packages	Install build, package and native automation dependencies	2026-09-22T19:59:40.0619481Z Unpacking rtkit (0.13-4build2) ...
linux-packages	Install build, package and native automation dependencies	2026-09-22T19:59:40.0846684Z Selecting previously unselected package webkit2gtk-driver.
linux-packages	Install build, package and native automation dependencies	2026-09-22T19:59:40.1011375Z Preparing to unpack .../140-webkit2gtk-driver_2.50.4-0ubuntu0.22.04.1_amd64.deb ...
linux-packages	Install build, package and native automation dependencies	2026-09-22T19:59:40.1026273Z Unpacking webkit2gtk-driver (2.50.4-0ubuntu0.22.04.1) ...
linux-packages	Install build, package and native automation dependencies	2026-09-22T19:59:40.1312578Z Selecting previously unselected package xclip.
linux-packages	Install build, package and native automation dependencies	2026-09-22T19:59:40.1482701Z Preparing to unpack .../141-xclip_0.13-2_amd64.deb ...
linux-packages	Install build, package and native automation dependencies	2026-09-22T19:59:40.1496879Z Unpacking xclip (0.13-2) ...
linux-packages	Install build, package and native automation dependencies	2026-09-22T19:59:40.1740836Z Selecting previously unselected package xdg-desktop-portal.
linux-packages	Install build, package and native automation dependencies	2026-09-22T19:59:40.1904522Z Preparing to unpack .../142-xdg-desktop-portal_1.14.4-1ubuntu2~22.04.2_amd64.deb ...
linux-packages	Install build, package and native automation dependencies	2026-09-22T19:59:40.1919189Z Unpacking xdg-desktop-portal (1.14.4-1ubuntu2~22.04.2) ...
linux-packages	Install build, package and native automation dependencies	2026-09-22T19:59:40.2177997Z Selecting previously unselected package xdg-desktop-portal-gtk.
linux-packages	Install build, package and native automation dependencies	2026-09-22T19:59:40.2360203Z Preparing to unpack .../143-xdg-desktop-portal-gtk_1.14.0-1build1_amd64.deb ...
linux-packages	Install build, package and native automation dependencies	2026-09-22T19:59:40.2374790Z Unpacking xdg-desktop-portal-gtk (1.14.0-1build1) ...
linux-packages	Install build, package and native automation dependencies	2026-09-22T19:59:40.2647144Z Selecting previously unselected package libxdo3:amd64.
linux-packages	Install build, package and native automation dependencies	2026-09-22T19:59:40.2817251Z Preparing to unpack .../144-libxdo3_1%3a3.20160805.1-4_amd64.deb ...
linux-packages	Install build, package and native automation dependencies	2026-09-22T19:59:40.2830552Z Unpacking libxdo3:amd64 (1:3.20160805.1-4) ...
linux-packages	Install build, package and native automation dependencies	2026-09-22T19:59:40.3068837Z Selecting previously unselected package xdotool.
linux-packages	Install build, package and native automation dependencies	2026-09-22T19:59:40.3249048Z Preparing to unpack .../145-xdotool_1%3a3.20160805.1-4_amd64.deb ...
linux-packages	Install build, package and native automation dependencies	2026-09-22T19:59:40.3266022Z Unpacking xdotool (1:3.20160805.1-4) ...
linux-packages	Install build, package and native automation dependencies	2026-09-22T19:59:40.3800542Z Setting up libpipewire-0.3-common (0.3.48-1ubuntu3.2) ...
linux-packages	Install build, package and native automation dependencies	2026-09-22T19:59:40.4213290Z Setting up bubblewrap (0.6.1-1ubuntu0.3) ...
linux-packages	Install build, package and native automation dependencies	2026-09-22T19:59:40.4270219Z Setting up libcdparanoia0:amd64 (3.10.2+debian-14build2) ...
linux-packages	Install build, package and native automation dependencies	2026-09-22T19:59:40.4302093Z Setting up libnghttp2-dev (1.43.0-1ubuntu0.4) ...
linux-packages	Install build, package and native automation dependencies	2026-09-22T19:59:40.4338454Z Setting up libraw1394-11:amd64 (2.1.2-2build2) ...
linux-packages	Install build, package and native automation dependencies	2026-09-22T19:59:40.4396870Z Setting up libtag1v5-vanilla:amd64 (1.11.1+dfsg.1-3ubuntu3) ...
linux-packages	Install build, package and native automation dependencies	2026-09-22T19:59:40.4411656Z Setting up libharfbuzz-icu0:amd64 (2.7.4-1ubuntu3.2) ...
linux-packages	Install build, package and native automation dependencies	2026-09-22T19:59:40.4452064Z Setting up libmpg123-0:amd64 (1.29.3-1ubuntu0.1) ...
linux-packages	Install build, package and native automation dependencies	2026-09-22T19:59:40.4501056Z Setting up libspeex1:amd64 (1.2~rc1.2-1.1ubuntu3) ...
linux-packages	Install build, package and native automation dependencies	2026-09-22T19:59:40.4536208Z Setting up libcaca0:amd64 (0.99.beta19-2.2ubuntu4.2) ...
linux-packages	Install build, package and native automation dependencies	2026-09-22T19:59:40.4571395Z Setting up libpangoxft-1.0-0:amd64 (1.50.6+ds-2ubuntu1) ...
linux-packages	Install build, package and native automation dependencies	2026-09-22T19:59:40.4603080Z Setting up gir1.2-dbusmenu-glib-0.4:amd64 (16.04.1+18.10.20180917-0ubuntu8) ...
linux-packages	Install build, package and native automation dependencies	2026-09-22T19:59:40.4633487Z Setting up libglvnd-core-dev:amd64 (1.4.0-1) ...
linux-packages	Install build, package and native automation dependencies	2026-09-22T19:59:40.4672703Z Setting up libtwolame0:amd64 (0.4.0-2build2) ...
linux-packages	Install build, package and native automation dependencies	2026-09-22T19:59:40.4704315Z Setting up libwoff1:amd64 (1.0.2-1build4) ...
linux-packages	Install build, package and native automation dependencies	2026-09-22T19:59:40.4740510Z Setting up libhyphen0:amd64 (2.8.8-7build2) ...
linux-packages	Install build, package and native automation dependencies	2026-09-22T19:59:40.4775843Z Setting up libvisual-0.4-0:amd64 (0.4.0-17build2) ...
linux-packages	Install build, package and native automation dependencies	2026-09-22T19:59:40.4814633Z Setting up gir1.2-atk-1.0:amd64 (2.36.0-3build1) ...
linux-packages	Install build, package and native automation dependencies	2026-09-22T19:59:40.4852511Z Setting up libfribidi-dev:amd64 (1.0.8-2ubuntu3.1) ...
linux-packages	Install build, package and native automation dependencies	2026-09-22T19:59:40.4885697Z Setting up libxkbcommon-dev:amd64 (1.4.0-1) ...
linux-packages	Install build, package and native automation dependencies	2026-09-22T19:59:40.4921213Z Setting up pango1.0-tools (1.50.6+ds-2ubuntu1) ...
linux-packages	Install build, package and native automation dependencies	2026-09-22T19:59:40.4963298Z Setting up libdbus-glib-1-dev-bin (0.112-2build1) ...
linux-packages	Install build, package and native automation dependencies	2026-09-22T19:59:40.4999989Z Setting up libwebrtc-audio-processing1:amd64 (0.3.1-0ubuntu5) ...
linux-packages	Install build, package and native automation dependencies	2026-09-22T19:59:40.5037562Z Setting up libharfbuzz-gobject0:amd64 (2.7.4-1ubuntu3.2) ...
linux-packages	Install build, package and native automation dependencies	2026-09-22T19:59:40.5074299Z Setting up gir1.2-atspi-2.0:amd64 (2.44.0-3) ...
linux-packages	Install build, package and native automation dependencies	2026-09-22T19:59:40.5108467Z Setting up libsoup-3.0-common (3.0.7-0ubuntu1) ...
linux-packages	Install build, package and native automation dependencies	2026-09-22T19:59:40.5141156Z Setting up libfuse2:amd64 (2.9.9-5ubuntu3) ...
linux-packages	Install build, package and native automation dependencies	2026-09-22T19:59:40.5173138Z Setting up libayatana-ido3-0.4-0:amd64 (0.9.1-1) ...
linux-packages	Install build, package and native automation dependencies	2026-09-22T19:59:40.5212336Z Setting up gir1.2-harfbuzz-0.0:amd64 (2.7.4-1ubuntu3.2) ...
linux-packages	Install build, package and native automation dependencies	2026-09-22T19:59:40.5245760Z Setting up libopengl0:amd64 (1.4.0-1) ...
linux-packages	Install build, package and native automation dependencies	2026-09-22T19:59:40.5282260Z Setting up libpsl-dev:amd64 (0.21.0-1.2build2) ...
linux-packages	Install build, package and native automation dependencies	2026-09-22T19:59:40.5326211Z Setting up libflac8:amd64 (1.3.3-2ubuntu0.2) ...
linux-packages	Install build, package and native automation dependencies	2026-09-22T19:59:40.5359227Z Setting up libxfixes-dev:amd64 (1:6.0.0-1) ...
linux-packages	Install build, package and native automation dependencies	2026-09-22T19:59:40.5416572Z Setting up libxdo3:amd64 (1:3.20160805.1-4) ...
linux-packages	Install build, package and native automation dependencies	2026-09-22T19:59:40.5438666Z Setting up libwayland-bin (1.20.0-1ubuntu0.1) ...
linux-packages	Install build, package and native automation dependencies	2026-09-22T19:59:40.5470251Z Setting up libgraphite2-dev:amd64 (1.3.14-1ubuntu0.1) ...
linux-packages	Install build, package and native automation dependencies	2026-09-22T19:59:40.5511470Z Setting up gir1.2-pango-1.0:amd64 (1.50.6+ds-2ubuntu1) ...
linux-packages	Install build, package and native automation dependencies	2026-09-22T19:59:40.5644996Z Setting up libxrandr-dev:amd64 (2:1.5.2-1build1) ...
linux-packages	Install build, package and native automation dependencies	2026-09-22T19:59:40.5727456Z Setting up libegl-mesa0:amd64 (23.2.1-1ubuntu3.1~22.04.4) ...
linux-packages	Install build, package and native automation dependencies	2026-09-22T19:59:40.5770432Z Setting up libjavascriptcoregtk-4.1-0:amd64 (2.50.4-0ubuntu0.22.04.1) ...
linux-packages	Install build, package and native automation dependencies	2026-09-22T19:59:40.5810888Z Setting up libgles2:amd64 (1.4.0-1) ...
linux-packages	Install build, package and native automation dependencies	2026-09-22T19:59:40.5851448Z Setting up libdbus-1-dev:amd64 (1.12.20-2ubuntu4.1) ...
linux-packages	Install build, package and native automation dependencies	2026-09-22T19:59:40.5883817Z Setting up libspa-0.2-modules:amd64 (0.3.48-1ubuntu3.2) ...
linux-packages	Install build, package and native automation dependencies	2026-09-22T19:59:40.5916504Z Setting up libgles1:amd64 (1.4.0-1) ...
linux-packages	Install build, package and native automation dependencies	2026-09-22T19:59:40.5956130Z Setting up libpipewire-0.3-0:amd64 (0.3.48-1ubuntu3.2) ...
linux-packages	Install build, package and native automation dependencies	2026-09-22T19:59:40.5993545Z Setting up libopus0:amd64 (1.3.1-0.1build2) ...
linux-packages	Install build, package and native automation dependencies	2026-09-22T19:59:40.6031666Z Setting up libxv1:amd64 (2:1.0.11-1build2) ...
linux-packages	Install build, package and native automation dependencies	2026-09-22T19:59:40.6065513Z Setting up xclip (0.13-2) ...
linux-packages	Install build, package and native automation dependencies	2026-09-22T19:59:40.6095779Z Setting up liborc-0.4-0:amd64 (1:0.4.32-2ubuntu0.1) ...
linux-packages	Install build, package and native automation dependencies	2026-09-22T19:59:40.6131940Z Setting up libxinerama-dev:amd64 (2:1.1.4-3) ...
linux-packages	Install build, package and native automation dependencies	2026-09-22T19:59:40.6165894Z Setting up gir1.2-ayatanaido3-0.4:amd64 (0.9.1-1) ...
linux-packages	Install build, package and native automation dependencies	2026-09-22T19:59:40.6204053Z Setting up xdg-dbus-proxy (0.1.3-1ubuntu0.1) ...
linux-packages	Install build, package and native automation dependencies	2026-09-22T19:59:40.6239786Z Setting up wayland-protocols (1.25-1) ...
linux-packages	Install build, package and native automation dependencies	2026-09-22T19:59:40.6271356Z Setting up libtag1v5:amd64 (1.11.1+dfsg.1-3ubuntu3) ...
linux-packages	Install build, package and native automation dependencies	2026-09-22T19:59:40.6307951Z Setting up libdatrie-dev:amd64 (0.2.13-2) ...
linux-packages	Install build, package and native automation dependencies	2026-09-22T19:59:40.6348814Z Setting up libdv4:amd64 (1.0.0-14build1) ...
linux-packages	Install build, package and native automation dependencies	2026-09-22T19:59:40.6388749Z Setting up libasyncns0:amd64 (0.8-6build2) ...
linux-packages	Install build, package and native automation dependencies	2026-09-22T19:59:40.6426283Z Setting up dbus-x11 (1.12.20-2ubuntu4.1) ...
linux-packages	Install build, package and native automation dependencies	2026-09-22T19:59:40.6485344Z Setting up libwavpack1:amd64 (5.4.0-1build2) ...
linux-packages	Install build, package and native automation dependencies	2026-09-22T19:59:40.6517051Z Setting up libdazzle-common (3.44.0-1) ...
linux-packages	Install build, package and native automation dependencies	2026-09-22T19:59:40.6553213Z Setting up libtheora0:amd64 (1.1.1+dfsg.1-15ubuntu4) ...
linux-packages	Install build, package and native automation dependencies	2026-09-22T19:59:40.6584407Z Setting up libv4lconvert0:amd64 (1.22.1-2build1) ...
linux-packages	Install build, package and native automation dependencies	2026-09-22T19:59:40.6619237Z Setting up libegl1:amd64 (1.4.0-1) ...
linux-packages	Install build, package and native automation dependencies	2026-09-22T19:59:40.6657221Z Setting up libglx-dev:amd64 (1.4.0-1) ...
linux-packages	Install build, package and native automation dependencies	2026-09-22T19:59:40.6695506Z Setting up gir1.2-json-1.0:amd64 (1.6.6-1build1) ...
linux-packages	Install build, package and native automation dependencies	2026-09-22T19:59:40.6737167Z Setting up libvpx7:amd64 (1.11.0-2ubuntu2.5) ...
linux-packages	Install build, package and native automation dependencies	2026-09-22T19:59:40.6771809Z Setting up libopengl-dev:amd64 (1.4.0-1) ...
linux-packages	Install build, package and native automation dependencies	2026-09-22T19:59:40.6804234Z Setting up libxi-dev:amd64 (2:1.8-1build1) ...
linux-packages	Install build, package and native automation dependencies	2026-09-22T19:59:40.6846259Z Setting up libsamplerate0:amd64 (0.2.2-1build1) ...
linux-packages	Install build, package and native automation dependencies	2026-09-22T19:59:40.6878617Z Setting up libayatana-indicator3-7:amd64 (0.9.1-1) ...
linux-packages	Install build, package and native automation dependencies	2026-09-22T19:59:40.6913469Z Setting up libevdev2:amd64 (1.12.1+dfsg-1) ...
linux-packages	Install build, package and native automation dependencies	2026-09-22T19:59:40.6949342Z Setting up libgl-dev:amd64 (1.4.0-1) ...
linux-packages	Install build, package and native automation dependencies	2026-09-22T19:59:40.6987977Z Setting up libpolkit-gobject-1-0:amd64 (0.105-33ubuntu0.2) ...
linux-packages	Install build, package and native automation dependencies	2026-09-22T19:59:40.7019445Z Setting up libjavascriptcoregtk-4.1-dev:amd64 (2.50.4-0ubuntu0.22.04.1) ...
linux-packages	Install build, package and native automation dependencies	2026-09-22T19:59:40.7052617Z Setting up libmp3lame0:amd64 (3.100-3build2) ...
linux-packages	Install build, package and native automation dependencies	2026-09-22T19:59:40.7084092Z Setting up libgraphene-1.0-0:amd64 (1.10.8-1) ...
linux-packages	Install build, package and native automation dependencies	2026-09-22T19:59:40.7115791Z Setting up libatk1.0-dev:amd64 (2.36.0-3build1) ...
linux-packages	Install build, package and native automation dependencies	2026-09-22T19:59:40.7152440Z Setting up libvorbisenc2:amd64 (1.3.7-1build2) ...
linux-packages	Install build, package and native automation dependencies	2026-09-22T19:59:40.7184468Z Setting up libaa1:amd64 (1.4p5-50build1) ...
linux-packages	Install build, package and native automation dependencies	2026-09-22T19:59:40.7217635Z Setting up libiec61883-0:amd64 (1.2.0-4build3) ...
linux-packages	Install build, package and native automation dependencies	2026-09-22T19:59:40.7247261Z Setting up libxft-dev:amd64 (2.3.4-1) ...
linux-packages	Install build, package and native automation dependencies	2026-09-22T19:59:40.7286674Z Setting up libxtst-dev:amd64 (2:1.2.3-1build4) ...
linux-packages	Install build, package and native automation dependencies	2026-09-22T19:59:40.7323125Z Setting up libxdamage-dev:amd64 (1:1.1.5-2build2) ...
linux-packages	Install build, package and native automation dependencies	2026-09-22T19:59:40.7474972Z Setting up libavc1394-0:amd64 (0.5.4-5build2) ...
linux-packages	Install build, package and native automation dependencies	2026-09-22T19:59:40.7512370Z Setting up libatspi2.0-dev:amd64 (2.44.0-3) ...
linux-packages	Install build, package and native automation dependencies	2026-09-22T19:59:40.7547481Z Setting up libharfbuzz-dev:amd64 (2.7.4-1ubuntu3.2) ...
linux-packages	Install build, package and native automation dependencies	2026-09-22T19:59:40.7588140Z Setting up libdazzle-1.0-0:amd64 (3.44.0-1) ...
linux-packages	Install build, package and native automation dependencies	2026-09-22T19:59:40.7624954Z Setting up xdg-desktop-portal (1.14.4-1ubuntu2~22.04.2) ...
linux-packages	Install build, package and native automation dependencies	2026-09-22T19:59:40.8704351Z Created symlink /etc/systemd/user/graphical-session-pre.target.wants/xdg-desktop-portal-rewrite-launchers.service → /usr/lib/systemd/user/xdg-desktop-portal-rewrite-launchers.service.
linux-packages	Install build, package and native automation dependencies	2026-09-22T19:59:40.8743155Z Setting up xdotool (1:3.20160805.1-4) ...
linux-packages	Install build, package and native automation dependencies	2026-09-22T19:59:40.8774938Z Setting up libegl-dev:amd64 (1.4.0-1) ...
linux-packages	Install build, package and native automation dependencies	2026-09-22T19:59:40.8805389Z Setting up libdbus-glib-1-dev:amd64 (0.112-2build1) ...
linux-packages	Install build, package and native automation dependencies	2026-09-22T19:59:40.8842514Z Setting up libxcomposite-dev:amd64 (1:0.4.5-1build2) ...
linux-packages	Install build, package and native automation dependencies	2026-09-22T19:59:40.8875531Z Setting up libxcursor-dev:amd64 (1:1.2.0-2build4) ...
linux-packages	Install build, package and native automation dependencies	2026-09-22T19:59:40.8913878Z Setting up libmanette-0.2-0:amd64 (0.2.6-3build1) ...
linux-packages	Install build, package and native automation dependencies	2026-09-22T19:59:40.8951346Z Setting up libjson-glib-dev:amd64 (1.6.6-1build1) ...
linux-packages	Install build, package and native automation dependencies	2026-09-22T19:59:40.8994952Z Setting up libepoxy-dev:amd64 (1.5.10-1) ...
linux-packages	Install build, package and native automation dependencies	2026-09-22T19:59:40.9029295Z Setting up libsoup-3.0-0:amd64 (3.0.7-0ubuntu1) ...
linux-packages	Install build, package and native automation dependencies	2026-09-22T19:59:40.9068266Z Setting up gir1.2-gtk-3.0:amd64 (3.24.33-1ubuntu2.2) ...
linux-packages	Install build, package and native automation dependencies	2026-09-22T19:59:40.9101532Z Setting up libgstreamer-plugins-base1.0-0:amd64 (1.20.1-1ubuntu0.7) ...
linux-packages	Install build, package and native automation dependencies	2026-09-22T19:59:40.9133565Z Setting up libatk-bridge2.0-dev:amd64 (2.38.0-3) ...
linux-packages	Install build, package and native automation dependencies	2026-09-22T19:59:40.9171569Z Setting up libwayland-dev:amd64 (1.20.0-1ubuntu0.1) ...
linux-packages	Install build, package and native automation dependencies	2026-09-22T19:59:40.9208981Z Setting up libv4l-0:amd64 (1.22.1-2build1) ...
linux-packages	Install build, package and native automation dependencies	2026-09-22T19:59:40.9243020Z Setting up libgstreamer-plugins-good1.0-0:amd64 (1.20.3-0ubuntu1.9) ...
linux-packages	Install build, package and native automation dependencies	2026-09-22T19:59:40.9281178Z Setting up libgstreamer-gl1.0-0:amd64 (1.20.1-1ubuntu0.7) ...
linux-packages	Install build, package and native automation dependencies	2026-09-22T19:59:40.9315783Z Setting up gstreamer1.0-plugins-base:amd64 (1.20.1-1ubuntu0.7) ...
linux-packages	Install build, package and native automation dependencies	2026-09-22T19:59:40.9354988Z Setting up libayatana-appindicator3-1 (0.5.90-7ubuntu2) ...
linux-packages	Install build, package and native automation dependencies	2026-09-22T19:59:40.9397170Z Setting up libshout3:amd64 (2.4.5-1build3) ...
linux-packages	Install build, package and native automation dependencies	2026-09-22T19:59:40.9438903Z Setting up libdbusmenu-glib-dev:amd64 (16.04.1+18.10.20180917-0ubuntu8) ...
linux-packages	Install build, package and native automation dependencies	2026-09-22T19:59:40.9473287Z Setting up libthai-dev:amd64 (0.1.29-1build1) ...
linux-packages	Install build, package and native automation dependencies	2026-09-22T19:59:40.9509349Z Setting up gir1.2-soup-3.0:amd64 (3.0.7-0ubuntu1) ...
linux-packages	Install build, package and native automation dependencies	2026-09-22T19:59:40.9541795Z Setting up libjack-jackd2-0:amd64 (1.9.20~dfsg-1) ...
linux-packages	Install build, package and native automation dependencies	2026-09-22T19:59:40.9579899Z Setting up libpolkit-agent-1-0:amd64 (0.105-33ubuntu0.2) ...
linux-packages	Install build, package and native automation dependencies	2026-09-22T19:59:40.9619296Z Setting up libsndfile1:amd64 (1.0.31-2ubuntu0.2) ...
linux-packages	Install build, package and native automation dependencies	2026-09-22T19:59:40.9652147Z Setting up libgles-dev:amd64 (1.4.0-1) ...
linux-packages	Install build, package and native automation dependencies	2026-09-22T19:59:40.9688353Z Setting up libsysprof-4:amd64 (3.44.0-1) ...
linux-packages	Install build, package and native automation dependencies	2026-09-22T19:59:40.9731098Z Setting up gir1.2-dazzle-1.0:amd64 (3.44.0-1) ...
linux-packages	Install build, package and native automation dependencies	2026-09-22T19:59:40.9763643Z Setting up gir1.2-ayatanaappindicator3-0.1 (0.5.90-7ubuntu2) ...
linux-packages	Install build, package and native automation dependencies	2026-09-22T19:59:40.9796342Z Setting up polkitd (0.105-33ubuntu0.2) ...
linux-packages	Install build, package and native automation dependencies	2026-09-22T19:59:41.1899395Z Setting up gstreamer1.0-gl:amd64 (1.20.1-1ubuntu0.7) ...
linux-packages	Install build, package and native automation dependencies	2026-09-22T19:59:41.1938587Z Setting up xdg-desktop-portal-gtk (1.14.0-1build1) ...
linux-packages	Install build, package and native automation dependencies	2026-09-22T19:59:41.1980875Z Setting up gstreamer1.0-x:amd64 (1.20.1-1ubuntu0.7) ...
linux-packages	Install build, package and native automation dependencies	2026-09-22T19:59:41.2022991Z Setting up libpulse0:amd64 (1:15.99.1+dfsg1-1ubuntu2.2) ...
linux-packages	Install build, package and native automation dependencies	2026-09-22T19:59:41.2109283Z Setting up gstreamer1.0-plugins-good:amd64 (1.20.3-0ubuntu1.9) ...
linux-packages	Install build, package and native automation dependencies	2026-09-22T19:59:41.2204455Z Setting up libglvnd-dev:amd64 (1.4.0-1) ...
linux-packages	Install build, package and native automation dependencies	2026-09-22T19:59:41.2247937Z Setting up pkexec (0.105-33ubuntu0.2) ...
linux-packages	Install build, package and native automation dependencies	2026-09-22T19:59:41.2325811Z Setting up libpipewire-0.3-modules:amd64 (0.3.48-1ubuntu3.2) ...
linux-packages	Install build, package and native automation dependencies	2026-09-22T19:59:41.2358959Z Setting up libpango1.0-dev:amd64 (1.50.6+ds-2ubuntu1) ...
linux-packages	Install build, package and native automation dependencies	2026-09-22T19:59:41.2416246Z Setting up gir1.2-polkit-1.0 (0.105-33ubuntu0.2) ...
linux-packages	Install build, package and native automation dependencies	2026-09-22T19:59:41.2439255Z Setting up libsysprof-ui-4:amd64 (3.44.0-1) ...
linux-packages	Install build, package and native automation dependencies	2026-09-22T19:59:41.2477951Z Setting up policykit-1 (0.105-33ubuntu0.2) ...
linux-packages	Install build, package and native automation dependencies	2026-09-22T19:59:41.2598221Z Setting up libegl1-mesa-dev:amd64 (23.2.1-1ubuntu3.1~22.04.4) ...
linux-packages	Install build, package and native automation dependencies	2026-09-22T19:59:41.2637269Z Setting up libgtk-3-dev:amd64 (3.24.33-1ubuntu2.2) ...
linux-packages	Install build, package and native automation dependencies	2026-09-22T19:59:41.2670637Z Setting up libwebkit2gtk-4.1-0:amd64 (2.50.4-0ubuntu0.22.04.1) ...
linux-packages	Install build, package and native automation dependencies	2026-09-22T19:59:41.2712878Z Setting up rtkit (0.13-4build2) ...
linux-packages	Install build, package and native automation dependencies	2026-09-22T19:59:41.4468663Z Setting up libdazzle-1.0-dev:amd64 (3.44.0-1) ...
linux-packages	Install build, package and native automation dependencies	2026-09-22T19:59:41.4499668Z Setting up libayatana-ido3-dev (0.9.1-1) ...
linux-packages	Install build, package and native automation dependencies	2026-09-22T19:59:41.4535801Z Setting up webkit2gtk-driver (2.50.4-0ubuntu0.22.04.1) ...
linux-packages	Install build, package and native automation dependencies	2026-09-22T19:59:41.4567746Z Setting up pipewire-bin (0.3.48-1ubuntu3.2) ...
linux-packages	Install build, package and native automation dependencies	2026-09-22T19:59:41.4910586Z Setting up libayatana-indicator3-dev (0.9.1-1) ...
linux-packages	Install build, package and native automation dependencies	2026-09-22T19:59:41.4941853Z Setting up libpolkit-gobject-1-dev (0.105-33ubuntu0.2) ...
linux-packages	Install build, package and native automation dependencies	2026-09-22T19:59:41.4983332Z Setting up libsysprof-4-dev:amd64 (3.44.0-1) ...
linux-packages	Install build, package and native automation dependencies	2026-09-22T19:59:41.5023395Z Setting up pipewire:amd64 (0.3.48-1ubuntu3.2) ...
linux-packages	Install build, package and native automation dependencies	2026-09-22T19:59:41.5994320Z Created symlink /etc/systemd/user/default.target.wants/pipewire.service → /usr/lib/systemd/user/pipewire.service.
linux-packages	Install build, package and native automation dependencies	2026-09-22T19:59:41.5995845Z Created symlink /etc/systemd/user/sockets.target.wants/pipewire.socket → /usr/lib/systemd/user/pipewire.socket.
linux-packages	Install build, package and native automation dependencies	2026-09-22T19:59:41.6928218Z Setting up libayatana-appindicator3-dev (0.5.90-7ubuntu2) ...
linux-packages	Install build, package and native automation dependencies	2026-09-22T19:59:41.6963999Z Setting up libsoup-3.0-dev:amd64 (3.0.7-0ubuntu1) ...
linux-packages	Install build, package and native automation dependencies	2026-09-22T19:59:41.6995980Z Setting up libwebkit2gtk-4.1-dev (2.50.4-0ubuntu0.22.04.1) ...
linux-packages	Install build, package and native automation dependencies	2026-09-22T19:59:41.7028156Z Setting up pipewire-media-session (0.4.1-2ubuntu1) ...
linux-packages	Install build, package and native automation dependencies	2026-09-22T19:59:41.7934681Z Created symlink /etc/systemd/user/pipewire-session-manager.service → /usr/lib/systemd/user/pipewire-media-session.service.
linux-packages	Install build, package and native automation dependencies	2026-09-22T19:59:41.7936529Z Created symlink /etc/systemd/user/pipewire.service.wants/pipewire-media-session.service → /usr/lib/systemd/user/pipewire-media-session.service.
linux-packages	Install build, package and native automation dependencies	2026-09-22T19:59:41.7978737Z Processing triggers for libc-bin (2.35-0ubuntu3.14) ...
linux-packages	Install build, package and native automation dependencies	2026-09-22T19:59:44.1665555Z Processing triggers for man-db (2.10.2-1) ...
linux-packages	Install build, package and native automation dependencies	2026-09-22T19:59:44.1874511Z Not building database; man-db/auto-update is not 'true'.
linux-packages	Install build, package and native automation dependencies	2026-09-22T19:59:44.2261950Z Processing triggers for dbus (1.12.20-2ubuntu4.1) ...
linux-packages	Install build, package and native automation dependencies	2026-09-22T19:59:44.2860018Z Processing triggers for mailcap (3.70+nmu1ubuntu1.22.04.1) ...
linux-packages	Install build, package and native automation dependencies	2026-09-22T19:59:45.3257702Z 
linux-packages	Install build, package and native automation dependencies	2026-09-22T19:59:45.3258788Z Running kernel seems to be up-to-date.
linux-packages	Install build, package and native automation dependencies	2026-09-22T19:59:45.3259175Z 
linux-packages	Install build, package and native automation dependencies	2026-09-22T19:59:45.3259296Z Services to be restarted:
linux-packages	Install build, package and native automation dependencies	2026-09-22T19:59:45.3300134Z  systemctl restart packagekit.service
linux-packages	Install build, package and native automation dependencies	2026-09-22T19:59:45.3300539Z 
linux-packages	Install build, package and native automation dependencies	2026-09-22T19:59:45.3301673Z No containers need to be restarted.
linux-packages	Install build, package and native automation dependencies	2026-09-22T19:59:45.3301951Z 
linux-packages	Install build, package and native automation dependencies	2026-09-22T19:59:45.3302201Z No user sessions are running outdated binaries.
linux-packages	Install build, package and native automation dependencies	2026-09-22T19:59:45.3302613Z 
linux-packages	Install build, package and native automation dependencies	2026-09-22T19:59:45.3302891Z No VM guests are running outdated hypervisor (qemu) binaries on this host.
linux-packages	Install build, package and native automation dependencies	2026-09-22T19:59:46.8778377Z /usr/bin/WebKitWebDriver
linux-packages	Install build, package and native automation dependencies	2026-09-22T19:59:46.8778956Z /usr/bin/fusermount3
linux-packages	Install build, package and native automation dependencies	2026-09-22T19:59:46.8902844Z /usr/bin/import
linux-packages	Install build, package and native automation dependencies	2026-09-22T19:59:46.8903228Z fuse3	3.10.5-1build1
linux-packages	Install build, package and native automation dependencies	2026-09-22T19:59:46.8903669Z libfuse2:amd64	2.9.9-5ubuntu3
linux-packages	Install build, package and native automation dependencies	2026-09-22T19:59:46.8904136Z libwebkit2gtk-4.1-0:amd64	2.50.4-0ubuntu0.22.04.1
linux-packages	Install build, package and native automation dependencies	2026-09-22T19:59:46.8904506Z webkit2gtk-driver	2.50.4-0ubuntu0.22.04.1
linux-packages	Install build, package and native automation dependencies	2026-09-22T19:59:46.8904858Z xdotool	1:3.20160805.1-4
linux-packages	Run pnpm/action-setup@v4	2026-09-22T19:59:46.8976478Z Node 20 is being deprecated. This workflow is running with Node 24 by default. If you need to temporarily use Node 20, you can set the ACTIONS_ALLOW_USE_UNSECURE_NODE_VERSION=true environment variable. For more information see: https://github.blog/changelog/2025-09-19-deprecation-of-node-20-on-github-actions-runners/
linux-packages	Run pnpm/action-setup@v4	2026-09-22T19:59:46.8978013Z ##[group]Run pnpm/action-setup@v4
linux-packages	Run pnpm/action-setup@v4	2026-09-22T19:59:46.8978310Z with:
linux-packages	Run pnpm/action-setup@v4	2026-09-22T19:59:46.8978632Z   dest: ~/setup-pnpm
linux-packages	Run pnpm/action-setup@v4	2026-09-22T19:59:46.8978903Z   run_install: null
linux-packages	Run pnpm/action-setup@v4	2026-09-22T19:59:46.8979179Z   cache: false
linux-packages	Run pnpm/action-setup@v4	2026-09-22T19:59:46.8979468Z   cache_dependency_path: pnpm-lock.yaml
linux-packages	Run pnpm/action-setup@v4	2026-09-22T19:59:46.8979796Z   package_json_file: package.json
linux-packages	Run pnpm/action-setup@v4	2026-09-22T19:59:46.8980142Z   standalone: false
linux-packages	Run pnpm/action-setup@v4	2026-09-22T19:59:46.8980439Z ##[endgroup]
linux-packages	Run pnpm/action-setup@v4	2026-09-22T19:59:47.0363849Z ##[group]Running self-installer...
linux-packages	Run pnpm/action-setup@v4	2026-09-22T19:59:47.4031437Z (node:4069) [DEP0169] DeprecationWarning: `url.parse()` behavior is not standardized and prone to errors that have security implications. Use the WHATWG URL API instead. CVEs are not issued for `url.parse()` vulnerabilities.
linux-packages	Run pnpm/action-setup@v4	2026-09-22T19:59:47.4032956Z (Use `node --trace-deprecation ...` to show where the warning was created)
linux-packages	Run pnpm/action-setup@v4	2026-09-22T19:59:47.6042902Z Progress: resolved 1, reused 0, downloaded 0, added 0
linux-packages	Run pnpm/action-setup@v4	2026-09-22T19:59:47.8983868Z 
linux-packages	Run pnpm/action-setup@v4	2026-09-22T19:59:47.8985070Z dependencies:
linux-packages	Run pnpm/action-setup@v4	2026-09-22T19:59:47.8985868Z + pnpm 9.15.9
linux-packages	Run pnpm/action-setup@v4	2026-09-22T19:59:47.8986304Z 
linux-packages	Run pnpm/action-setup@v4	2026-09-22T19:59:47.9032194Z Packages: +1
linux-packages	Run pnpm/action-setup@v4	2026-09-22T19:59:47.9032620Z +
linux-packages	Run pnpm/action-setup@v4	2026-09-22T19:59:47.9448181Z Progress: resolved 1, reused 0, downloaded 1, added 1, done
linux-packages	Run pnpm/action-setup@v4	2026-09-22T19:59:47.9753736Z Done in 764ms
linux-packages	Run pnpm/action-setup@v4	2026-09-22T19:59:47.9870116Z ##[endgroup]
linux-packages	Run pnpm/action-setup@v4	2026-09-22T19:59:47.9870492Z Installation Completed!
linux-packages	Run actions/setup-node@v4	2026-09-22T19:59:48.0021463Z Node 20 is being deprecated. This workflow is running with Node 24 by default. If you need to temporarily use Node 20, you can set the ACTIONS_ALLOW_USE_UNSECURE_NODE_VERSION=true environment variable. For more information see: https://github.blog/changelog/2025-09-19-deprecation-of-node-20-on-github-actions-runners/
linux-packages	Run actions/setup-node@v4	2026-09-22T19:59:48.0022534Z ##[group]Run actions/setup-node@v4
linux-packages	Run actions/setup-node@v4	2026-09-22T19:59:48.0022839Z with:
linux-packages	Run actions/setup-node@v4	2026-09-22T19:59:48.0023107Z   node-version: 24
linux-packages	Run actions/setup-node@v4	2026-09-22T19:59:48.0023363Z   cache: pnpm
linux-packages	Run actions/setup-node@v4	2026-09-22T19:59:48.0023633Z   always-auth: false
linux-packages	Run actions/setup-node@v4	2026-09-22T19:59:48.0023937Z   check-latest: false
linux-packages	Run actions/setup-node@v4	2026-09-22T19:59:48.0025975Z   token: ***
linux-packages	Run actions/setup-node@v4	2026-09-22T19:59:48.0026248Z env:
linux-packages	Run actions/setup-node@v4	2026-09-22T19:59:48.0026540Z   PNPM_HOME: /home/runner/setup-pnpm/node_modules/.bin
linux-packages	Run actions/setup-node@v4	2026-09-22T19:59:48.0027047Z ##[endgroup]
linux-packages	Run actions/setup-node@v4	2026-09-22T19:59:48.1330263Z Found in cache @ /opt/hostedtoolcache/node/24.20.0/x64
linux-packages	Run actions/setup-node@v4	2026-09-22T19:59:48.1332743Z (node:4083) [DEP0040] DeprecationWarning: The `punycode` module is deprecated. Please use a userland alternative instead.
linux-packages	Run actions/setup-node@v4	2026-09-22T19:59:48.1334012Z (Use `node --trace-deprecation ...` to show where the warning was created)
linux-packages	Run actions/setup-node@v4	2026-09-22T19:59:48.1335778Z ##[group]Environment details
linux-packages	Run actions/setup-node@v4	2026-09-22T19:59:48.4464678Z node: v24.20.0
linux-packages	Run actions/setup-node@v4	2026-09-22T19:59:48.4465068Z npm: 11.19.0
linux-packages	Run actions/setup-node@v4	2026-09-22T19:59:48.4465642Z yarn: 1.22.22
linux-packages	Run actions/setup-node@v4	2026-09-22T19:59:48.4466258Z ##[endgroup]
linux-packages	Run actions/setup-node@v4	2026-09-22T19:59:48.4484618Z [command]/home/runner/setup-pnpm/node_modules/.bin/pnpm store path --silent
linux-packages	Run actions/setup-node@v4	2026-09-22T19:59:48.7855742Z /home/runner/setup-pnpm/node_modules/.bin/store/v3
linux-packages	Run actions/setup-node@v4	2026-09-22T19:59:48.9405455Z Cache hit for: node-cache-Linux-x64-pnpm-8aaaded7eb01b97ca71daf75d04c13d5b2391dc01462e06697eda248900fdd64
linux-packages	Run actions/setup-node@v4	2026-09-22T19:59:48.9497514Z (node:4083) [DEP0169] DeprecationWarning: `url.parse()` behavior is not standardized and prone to errors that have security implications. Use the WHATWG URL API instead. CVEs are not issued for `url.parse()` vulnerabilities.
linux-packages	Run actions/setup-node@v4	2026-09-22T19:59:50.0884190Z Received 102980079 of 111368687 (92.5%), 98.1 MBs/sec
linux-packages	Run actions/setup-node@v4	2026-09-22T19:59:50.1613616Z Received 111368687 of 111368687 (100.0%), 98.7 MBs/sec
linux-packages	Run actions/setup-node@v4	2026-09-22T19:59:50.1614615Z Cache Size: ~106 MB (111368687 B)
linux-packages	Run actions/setup-node@v4	2026-09-22T19:59:50.1643245Z [command]/usr/bin/tar -xf /home/runner/work/_temp/f929dbcf-ae8b-46a1-81b6-fd7158e20aeb/cache.tzst -P -C /home/runner/work/execs/execs --use-compress-program unzstd
linux-packages	Run actions/setup-node@v4	2026-09-22T19:59:50.7570546Z Cache restored successfully
linux-packages	Run actions/setup-node@v4	2026-09-22T19:59:50.7716865Z Cache restored from key: node-cache-Linux-x64-pnpm-8aaaded7eb01b97ca71daf75d04c13d5b2391dc01462e06697eda248900fdd64
linux-packages	Run dtolnay/rust-toolchain@stable	2026-09-22T19:59:50.7983172Z ##[group]Run dtolnay/rust-toolchain@stable
linux-packages	Run dtolnay/rust-toolchain@stable	2026-09-22T19:59:50.7983611Z with:
linux-packages	Run dtolnay/rust-toolchain@stable	2026-09-22T19:59:50.7984004Z   toolchain: stable
linux-packages	Run dtolnay/rust-toolchain@stable	2026-09-22T19:59:50.7984352Z env:
linux-packages	Run dtolnay/rust-toolchain@stable	2026-09-22T19:59:50.7984777Z   PNPM_HOME: /home/runner/setup-pnpm/node_modules/.bin
linux-packages	Run dtolnay/rust-toolchain@stable	2026-09-22T19:59:50.7985354Z ##[endgroup]
linux-packages	Run dtolnay/rust-toolchain@stable	2026-09-22T19:59:50.8053478Z ##[start-action display=Parse toolchain version;id=__dtolnay_rust-toolchain.parse]
linux-packages	Run dtolnay/rust-toolchain@stable	2026-09-22T19:59:50.8094961Z ##[group]Run if [[ -z $toolchain ]]; then
linux-packages	Run dtolnay/rust-toolchain@stable	2026-09-22T19:59:50.8095563Z if [[ -z $toolchain ]]; then
linux-packages	Run dtolnay/rust-toolchain@stable	2026-09-22T19:59:50.8096083Z   # GitHub does not enforce `required: true` inputs itself. https://github.com/actions/runner/issues/1070
linux-packages	Run dtolnay/rust-toolchain@stable	2026-09-22T19:59:50.8096631Z   echo "'toolchain' is a required input" >&2
linux-packages	Run dtolnay/rust-toolchain@stable	2026-09-22T19:59:50.8097008Z   exit 1
linux-packages	Run dtolnay/rust-toolchain@stable	2026-09-22T19:59:50.8097393Z elif [[ $toolchain =~ ^stable' '[0-9]+' '(year|month|week|day)s?' 'ago$ ]]; then
linux-packages	Run dtolnay/rust-toolchain@stable	2026-09-22T19:59:50.8097813Z   if [[ Linux == macOS ]]; then
linux-packages	Run dtolnay/rust-toolchain@stable	2026-09-22T19:59:50.8098463Z     echo "toolchain=1.$((($(date -v-$(sed 's/stable \([0-9]*\) \(.\).*/\1\2/' <<< $toolchain) +%s)/60/60/24-16569)/7/6))" >> $GITHUB_OUTPUT
linux-packages	Run dtolnay/rust-toolchain@stable	2026-09-22T19:59:50.8099013Z   else
linux-packages	Run dtolnay/rust-toolchain@stable	2026-09-22T19:59:50.8099444Z     echo "toolchain=1.$((($(date --date "${toolchain#stable }" +%s)/60/60/24-16569)/7/6))" >> $GITHUB_OUTPUT
linux-packages	Run dtolnay/rust-toolchain@stable	2026-09-22T19:59:50.8099903Z   fi
linux-packages	Run dtolnay/rust-toolchain@stable	2026-09-22T19:59:50.8100253Z elif [[ $toolchain =~ ^stable' 'minus' '[0-9]+' 'releases?$ ]]; then
linux-packages	Run dtolnay/rust-toolchain@stable	2026-09-22T19:59:50.8100805Z   echo "toolchain=1.$((($(date +%s)/60/60/24-16569)/7/6-${toolchain//[^0-9]/}))" >> $GITHUB_OUTPUT
linux-packages	Run dtolnay/rust-toolchain@stable	2026-09-22T19:59:50.8101271Z elif [[ $toolchain =~ ^1\.[0-9]+$ ]]; then
linux-packages	Run dtolnay/rust-toolchain@stable	2026-09-22T19:59:50.8101778Z   echo "toolchain=1.$((i=${toolchain#1.}, c=($(date +%s)/60/60/24-16569)/7/6, i+9*i*(10*i<=c)+90*i*(100*i<=c)))" >> $GITHUB_OUTPUT
linux-packages	Run dtolnay/rust-toolchain@stable	2026-09-22T19:59:50.8102313Z else
linux-packages	Run dtolnay/rust-toolchain@stable	2026-09-22T19:59:50.8102595Z   echo "toolchain=$toolchain" >> $GITHUB_OUTPUT
linux-packages	Run dtolnay/rust-toolchain@stable	2026-09-22T19:59:50.8102969Z fi
linux-packages	Run dtolnay/rust-toolchain@stable	2026-09-22T19:59:50.8150383Z shell: /usr/bin/bash --noprofile --norc -e -o pipefail {0}
linux-packages	Run dtolnay/rust-toolchain@stable	2026-09-22T19:59:50.8150956Z env:
linux-packages	Run dtolnay/rust-toolchain@stable	2026-09-22T19:59:50.8151310Z   PNPM_HOME: /home/runner/setup-pnpm/node_modules/.bin
linux-packages	Run dtolnay/rust-toolchain@stable	2026-09-22T19:59:50.8151700Z   toolchain: stable
linux-packages	Run dtolnay/rust-toolchain@stable	2026-09-22T19:59:50.8152025Z ##[endgroup]
linux-packages	Run dtolnay/rust-toolchain@stable	2026-09-22T19:59:50.8241804Z ##[end-action id=__dtolnay_rust-toolchain.parse;outcome=success;conclusion=success;duration_ms=18]
linux-packages	Run dtolnay/rust-toolchain@stable	2026-09-22T19:59:50.8248478Z ##[start-action display=Construct rustup command line;id=__dtolnay_rust-toolchain.flags]
linux-packages	Run dtolnay/rust-toolchain@stable	2026-09-22T19:59:50.8268017Z ##[group]Run echo "targets=$(for t in ${targets//,/ }; do echo -n ' --target' $t; done)" >> $GITHUB_OUTPUT
linux-packages	Run dtolnay/rust-toolchain@stable	2026-09-22T19:59:50.8268694Z echo "targets=$(for t in ${targets//,/ }; do echo -n ' --target' $t; done)" >> $GITHUB_OUTPUT
linux-packages	Run dtolnay/rust-toolchain@stable	2026-09-22T19:59:50.8269389Z echo "components=$(for c in ${components//,/ }; do echo -n ' --component' $c; done)" >> $GITHUB_OUTPUT
linux-packages	Run dtolnay/rust-toolchain@stable	2026-09-22T19:59:50.8269934Z echo "downgrade=" >> $GITHUB_OUTPUT
linux-packages	Run dtolnay/rust-toolchain@stable	2026-09-22T19:59:50.8304064Z shell: /usr/bin/bash --noprofile --norc -e -o pipefail {0}
linux-packages	Run dtolnay/rust-toolchain@stable	2026-09-22T19:59:50.8304586Z env:
linux-packages	Run dtolnay/rust-toolchain@stable	2026-09-22T19:59:50.8304940Z   PNPM_HOME: /home/runner/setup-pnpm/node_modules/.bin
linux-packages	Run dtolnay/rust-toolchain@stable	2026-09-22T19:59:50.8305592Z   targets: 
linux-packages	Run dtolnay/rust-toolchain@stable	2026-09-22T19:59:50.8305921Z   components: 
linux-packages	Run dtolnay/rust-toolchain@stable	2026-09-22T19:59:50.8306246Z ##[endgroup]
linux-packages	Run dtolnay/rust-toolchain@stable	2026-09-22T19:59:50.8372604Z ##[end-action id=__dtolnay_rust-toolchain.flags;outcome=success;conclusion=success;duration_ms=12]
linux-packages	Run dtolnay/rust-toolchain@stable	2026-09-22T19:59:50.8375005Z ##[start-action display=Set $CARGO_HOME;id=__dtolnay_rust-toolchain.__run]
linux-packages	Run dtolnay/rust-toolchain@stable	2026-09-22T19:59:50.8393014Z ##[group]Run echo CARGO_HOME=${CARGO_HOME:-"$HOME/.cargo"} >> $GITHUB_ENV
linux-packages	Run dtolnay/rust-toolchain@stable	2026-09-22T19:59:50.8393513Z echo CARGO_HOME=${CARGO_HOME:-"$HOME/.cargo"} >> $GITHUB_ENV
linux-packages	Run dtolnay/rust-toolchain@stable	2026-09-22T19:59:50.8420899Z shell: /usr/bin/bash --noprofile --norc -e -o pipefail {0}
linux-packages	Run dtolnay/rust-toolchain@stable	2026-09-22T19:59:50.8421303Z env:
linux-packages	Run dtolnay/rust-toolchain@stable	2026-09-22T19:59:50.8421636Z   PNPM_HOME: /home/runner/setup-pnpm/node_modules/.bin
linux-packages	Run dtolnay/rust-toolchain@stable	2026-09-22T19:59:50.8422119Z ##[endgroup]
linux-packages	Run dtolnay/rust-toolchain@stable	2026-09-22T19:59:50.8478194Z ##[end-action id=__dtolnay_rust-toolchain.__run;outcome=success;conclusion=success;duration_ms=10]
linux-packages	Run dtolnay/rust-toolchain@stable	2026-09-22T19:59:50.8480657Z ##[start-action display=Install rustup if needed;id=__dtolnay_rust-toolchain.__run_2]
linux-packages	Run dtolnay/rust-toolchain@stable	2026-09-22T19:59:50.8503964Z ##[group]Run if ! command -v rustup &>/dev/null; then
linux-packages	Run dtolnay/rust-toolchain@stable	2026-09-22T19:59:50.8504449Z if ! command -v rustup &>/dev/null; then
linux-packages	Run dtolnay/rust-toolchain@stable	2026-09-22T19:59:50.8505380Z   curl --proto '=https' --tlsv1.2 --retry 10 --retry-connrefused --location --silent --show-error --fail https://sh.rustup.rs | sh -s -- --default-toolchain none -y
linux-packages	Run dtolnay/rust-toolchain@stable	2026-09-22T19:59:50.8506122Z   echo "$CARGO_HOME/bin" >> $GITHUB_PATH
linux-packages	Run dtolnay/rust-toolchain@stable	2026-09-22T19:59:50.8506515Z fi
linux-packages	Run dtolnay/rust-toolchain@stable	2026-09-22T19:59:50.8535441Z shell: /usr/bin/bash --noprofile --norc -e -o pipefail {0}
linux-packages	Run dtolnay/rust-toolchain@stable	2026-09-22T19:59:50.8535933Z env:
linux-packages	Run dtolnay/rust-toolchain@stable	2026-09-22T19:59:50.8536310Z   PNPM_HOME: /home/runner/setup-pnpm/node_modules/.bin
linux-packages	Run dtolnay/rust-toolchain@stable	2026-09-22T19:59:50.8536749Z   CARGO_HOME: /home/runner/.cargo
linux-packages	Run dtolnay/rust-toolchain@stable	2026-09-22T19:59:50.8537077Z ##[endgroup]
linux-packages	Run dtolnay/rust-toolchain@stable	2026-09-22T19:59:50.8592025Z ##[end-action id=__dtolnay_rust-toolchain.__run_2;outcome=success;conclusion=success;duration_ms=11]
linux-packages	Run dtolnay/rust-toolchain@stable	2026-09-22T19:59:50.8594559Z ##[start-action display=Install rustup if needed on windows;id=__dtolnay_rust-toolchain.__run_3]
linux-packages	Run dtolnay/rust-toolchain@stable	2026-09-22T19:59:50.8601272Z ##[end-action id=__dtolnay_rust-toolchain.__run_3;outcome=skipped;conclusion=skipped;duration_ms=0]
linux-packages	Run dtolnay/rust-toolchain@stable	2026-09-22T19:59:50.8612842Z ##[start-action display=rustup toolchain install stable;id=__dtolnay_rust-toolchain.__run_4]
linux-packages	Run dtolnay/rust-toolchain@stable	2026-09-22T19:59:50.8631786Z ##[group]Run rustup toolchain install stable --profile minimal --no-self-update
linux-packages	Run dtolnay/rust-toolchain@stable	2026-09-22T19:59:50.8632375Z rustup toolchain install stable --profile minimal --no-self-update
linux-packages	Run dtolnay/rust-toolchain@stable	2026-09-22T19:59:50.8661483Z shell: /usr/bin/bash --noprofile --norc -e -o pipefail {0}
linux-packages	Run dtolnay/rust-toolchain@stable	2026-09-22T19:59:50.8661963Z env:
linux-packages	Run dtolnay/rust-toolchain@stable	2026-09-22T19:59:50.8662301Z   PNPM_HOME: /home/runner/setup-pnpm/node_modules/.bin
linux-packages	Run dtolnay/rust-toolchain@stable	2026-09-22T19:59:50.8662719Z   CARGO_HOME: /home/runner/.cargo
linux-packages	Run dtolnay/rust-toolchain@stable	2026-09-22T19:59:50.8663115Z   RUSTUP_PERMIT_COPY_RENAME: 1
linux-packages	Run dtolnay/rust-toolchain@stable	2026-09-22T19:59:50.8663426Z ##[endgroup]
linux-packages	Run dtolnay/rust-toolchain@stable	2026-09-22T19:59:51.4711721Z info: syncing channel updates for stable-x86_64-unknown-linux-gnu
linux-packages	Run dtolnay/rust-toolchain@stable	2026-09-22T19:59:51.6402647Z 
linux-packages	Run dtolnay/rust-toolchain@stable	2026-09-22T19:59:51.6481174Z   stable-x86_64-unknown-linux-gnu unchanged - rustc 1.98.1 (48a229cea 2026-09-01)
linux-packages	Run dtolnay/rust-toolchain@stable	2026-09-22T19:59:51.6481941Z 
linux-packages	Run dtolnay/rust-toolchain@stable	2026-09-22T19:59:51.6501747Z ##[end-action id=__dtolnay_rust-toolchain.__run_4;outcome=success;conclusion=success;duration_ms=788]
linux-packages	Run dtolnay/rust-toolchain@stable	2026-09-22T19:59:51.6508208Z ##[start-action display=rustup default stable;id=__dtolnay_rust-toolchain.__run_5]
linux-packages	Run dtolnay/rust-toolchain@stable	2026-09-22T19:59:51.6528050Z ##[group]Run rustup default stable
linux-packages	Run dtolnay/rust-toolchain@stable	2026-09-22T19:59:51.6528506Z rustup default stable
linux-packages	Run dtolnay/rust-toolchain@stable	2026-09-22T19:59:51.6567307Z shell: /usr/bin/bash --noprofile --norc -e -o pipefail {0}
linux-packages	Run dtolnay/rust-toolchain@stable	2026-09-22T19:59:51.6567800Z env:
linux-packages	Run dtolnay/rust-toolchain@stable	2026-09-22T19:59:51.6568330Z   PNPM_HOME: /home/runner/setup-pnpm/node_modules/.bin
linux-packages	Run dtolnay/rust-toolchain@stable	2026-09-22T19:59:51.6568851Z   CARGO_HOME: /home/runner/.cargo
linux-packages	Run dtolnay/rust-toolchain@stable	2026-09-22T19:59:51.6569273Z ##[endgroup]
linux-packages	Run dtolnay/rust-toolchain@stable	2026-09-22T19:59:51.6669886Z info: using existing install for stable-x86_64-unknown-linux-gnu
linux-packages	Run dtolnay/rust-toolchain@stable	2026-09-22T19:59:51.6678314Z info: default toolchain set to stable-x86_64-unknown-linux-gnu
linux-packages	Run dtolnay/rust-toolchain@stable	2026-09-22T19:59:51.6678819Z 
linux-packages	Run dtolnay/rust-toolchain@stable	2026-09-22T19:59:51.6754049Z   stable-x86_64-unknown-linux-gnu unchanged - rustc 1.98.1 (48a229cea 2026-09-01)
linux-packages	Run dtolnay/rust-toolchain@stable	2026-09-22T19:59:51.6754652Z 
linux-packages	Run dtolnay/rust-toolchain@stable	2026-09-22T19:59:51.6767462Z ##[end-action id=__dtolnay_rust-toolchain.__run_5;outcome=success;conclusion=success;duration_ms=25]
linux-packages	Run dtolnay/rust-toolchain@stable	2026-09-22T19:59:51.6770326Z ##[start-action display=Create cachekey;id=__dtolnay_rust-toolchain.rustc-version]
linux-packages	Run dtolnay/rust-toolchain@stable	2026-09-22T19:59:51.6790610Z ##[group]Run DATE=$(rustc +stable --version --verbose | sed -ne 's/^commit-date: \(20[0-9][0-9]\)-\([01][0-9]\)-\([0-3][0-9]\)$/\1\2\3/p')
linux-packages	Run dtolnay/rust-toolchain@stable	2026-09-22T19:59:51.6791458Z DATE=$(rustc +stable --version --verbose | sed -ne 's/^commit-date: \(20[0-9][0-9]\)-\([01][0-9]\)-\([0-3][0-9]\)$/\1\2\3/p')
linux-packages	Run dtolnay/rust-toolchain@stable	2026-09-22T19:59:51.6792272Z HASH=$(rustc +stable --version --verbose | sed -ne 's/^commit-hash: //p')
linux-packages	Run dtolnay/rust-toolchain@stable	2026-09-22T19:59:51.6792802Z echo "cachekey=$(echo $DATE$HASH | head -c12)" >> $GITHUB_OUTPUT
linux-packages	Run dtolnay/rust-toolchain@stable	2026-09-22T19:59:51.6830047Z shell: /usr/bin/bash --noprofile --norc -e -o pipefail {0}
linux-packages	Run dtolnay/rust-toolchain@stable	2026-09-22T19:59:51.6830535Z env:
linux-packages	Run dtolnay/rust-toolchain@stable	2026-09-22T19:59:51.6830902Z   PNPM_HOME: /home/runner/setup-pnpm/node_modules/.bin
linux-packages	Run dtolnay/rust-toolchain@stable	2026-09-22T19:59:51.6831326Z   CARGO_HOME: /home/runner/.cargo
linux-packages	Run dtolnay/rust-toolchain@stable	2026-09-22T19:59:51.6831704Z ##[endgroup]
linux-packages	Run dtolnay/rust-toolchain@stable	2026-09-22T19:59:51.7150819Z ##[end-action id=__dtolnay_rust-toolchain.rustc-version;outcome=success;conclusion=success;duration_ms=37]
linux-packages	Run dtolnay/rust-toolchain@stable	2026-09-22T19:59:51.7153751Z ##[start-action display=Disable incremental compilation;id=__dtolnay_rust-toolchain.__run_6]
linux-packages	Run dtolnay/rust-toolchain@stable	2026-09-22T19:59:51.7171957Z ##[group]Run if [ -z "${CARGO_INCREMENTAL+set}" ]; then
linux-packages	Run dtolnay/rust-toolchain@stable	2026-09-22T19:59:51.7172491Z if [ -z "${CARGO_INCREMENTAL+set}" ]; then
linux-packages	Run dtolnay/rust-toolchain@stable	2026-09-22T19:59:51.7172889Z   echo CARGO_INCREMENTAL=0 >> $GITHUB_ENV
linux-packages	Run dtolnay/rust-toolchain@stable	2026-09-22T19:59:51.7173274Z fi
linux-packages	Run dtolnay/rust-toolchain@stable	2026-09-22T19:59:51.7211003Z shell: /usr/bin/bash --noprofile --norc -e -o pipefail {0}
linux-packages	Run dtolnay/rust-toolchain@stable	2026-09-22T19:59:51.7211442Z env:
linux-packages	Run dtolnay/rust-toolchain@stable	2026-09-22T19:59:51.7211829Z   PNPM_HOME: /home/runner/setup-pnpm/node_modules/.bin
linux-packages	Run dtolnay/rust-toolchain@stable	2026-09-22T19:59:51.7212230Z   CARGO_HOME: /home/runner/.cargo
linux-packages	Run dtolnay/rust-toolchain@stable	2026-09-22T19:59:51.7212595Z ##[endgroup]
linux-packages	Run dtolnay/rust-toolchain@stable	2026-09-22T19:59:51.7276829Z ##[end-action id=__dtolnay_rust-toolchain.__run_6;outcome=success;conclusion=success;duration_ms=12]
linux-packages	Run dtolnay/rust-toolchain@stable	2026-09-22T19:59:51.7279477Z ##[start-action display=Enable colors in Cargo output;id=__dtolnay_rust-toolchain.__run_7]
linux-packages	Run dtolnay/rust-toolchain@stable	2026-09-22T19:59:51.7297019Z ##[group]Run if [ -z "${CARGO_TERM_COLOR+set}" ]; then
linux-packages	Run dtolnay/rust-toolchain@stable	2026-09-22T19:59:51.7297505Z if [ -z "${CARGO_TERM_COLOR+set}" ]; then
linux-packages	Run dtolnay/rust-toolchain@stable	2026-09-22T19:59:51.7297933Z   echo CARGO_TERM_COLOR=always >> $GITHUB_ENV
linux-packages	Run dtolnay/rust-toolchain@stable	2026-09-22T19:59:51.7298293Z fi
linux-packages	Run dtolnay/rust-toolchain@stable	2026-09-22T19:59:51.7331563Z shell: /usr/bin/bash --noprofile --norc -e -o pipefail {0}
linux-packages	Run dtolnay/rust-toolchain@stable	2026-09-22T19:59:51.7332036Z env:
linux-packages	Run dtolnay/rust-toolchain@stable	2026-09-22T19:59:51.7332415Z   PNPM_HOME: /home/runner/setup-pnpm/node_modules/.bin
linux-packages	Run dtolnay/rust-toolchain@stable	2026-09-22T19:59:51.7332832Z   CARGO_HOME: /home/runner/.cargo
linux-packages	Run dtolnay/rust-toolchain@stable	2026-09-22T19:59:51.7333371Z   CARGO_INCREMENTAL: 0
linux-packages	Run dtolnay/rust-toolchain@stable	2026-09-22T19:59:51.7333681Z ##[endgroup]
linux-packages	Run dtolnay/rust-toolchain@stable	2026-09-22T19:59:51.7598852Z ##[end-action id=__dtolnay_rust-toolchain.__run_7;outcome=success;conclusion=success;duration_ms=11]
linux-packages	Run dtolnay/rust-toolchain@stable	2026-09-22T19:59:51.7602543Z ##[start-action display=Enable Cargo sparse registry;id=__dtolnay_rust-toolchain.__run_8]
linux-packages	Run dtolnay/rust-toolchain@stable	2026-09-22T19:59:51.7619149Z ##[group]Run # implemented in 1.66, stabilized in 1.68, made default in 1.70
linux-packages	Run dtolnay/rust-toolchain@stable	2026-09-22T19:59:51.7619672Z # implemented in 1.66, stabilized in 1.68, made default in 1.70
linux-packages	Run dtolnay/rust-toolchain@stable	2026-09-22T19:59:51.7620277Z if [ -z "${CARGO_REGISTRIES_CRATES_IO_PROTOCOL+set}" -o -f "/home/runner/work/_temp"/.implicit_cargo_registries_crates_io_protocol ]; then
linux-packages	Run dtolnay/rust-toolchain@stable	2026-09-22T19:59:51.7620894Z   if rustc +stable --version --verbose | grep -q '^release: 1\.6[89]\.'; then
linux-packages	Run dtolnay/rust-toolchain@stable	2026-09-22T19:59:51.7621399Z     touch "/home/runner/work/_temp"/.implicit_cargo_registries_crates_io_protocol || true
linux-packages	Run dtolnay/rust-toolchain@stable	2026-09-22T19:59:51.7621860Z     echo CARGO_REGISTRIES_CRATES_IO_PROTOCOL=sparse >> $GITHUB_ENV
linux-packages	Run dtolnay/rust-toolchain@stable	2026-09-22T19:59:51.7622305Z   elif rustc +stable --version --verbose | grep -q '^release: 1\.6[67]\.'; then
linux-packages	Run dtolnay/rust-toolchain@stable	2026-09-22T19:59:51.7622786Z     touch "/home/runner/work/_temp"/.implicit_cargo_registries_crates_io_protocol || true
linux-packages	Run dtolnay/rust-toolchain@stable	2026-09-22T19:59:51.7623245Z     echo CARGO_REGISTRIES_CRATES_IO_PROTOCOL=git >> $GITHUB_ENV
linux-packages	Run dtolnay/rust-toolchain@stable	2026-09-22T19:59:51.7623552Z   fi
linux-packages	Run dtolnay/rust-toolchain@stable	2026-09-22T19:59:51.7623739Z fi
linux-packages	Run dtolnay/rust-toolchain@stable	2026-09-22T19:59:51.7660540Z shell: /usr/bin/bash --noprofile --norc -e -o pipefail {0}
linux-packages	Run dtolnay/rust-toolchain@stable	2026-09-22T19:59:51.7660831Z env:
linux-packages	Run dtolnay/rust-toolchain@stable	2026-09-22T19:59:51.7661059Z   PNPM_HOME: /home/runner/setup-pnpm/node_modules/.bin
linux-packages	Run dtolnay/rust-toolchain@stable	2026-09-22T19:59:51.7661332Z   CARGO_HOME: /home/runner/.cargo
linux-packages	Run dtolnay/rust-toolchain@stable	2026-09-22T19:59:51.7661563Z   CARGO_INCREMENTAL: 0
linux-packages	Run dtolnay/rust-toolchain@stable	2026-09-22T19:59:51.7661765Z   CARGO_TERM_COLOR: always
linux-packages	Run dtolnay/rust-toolchain@stable	2026-09-22T19:59:51.7662094Z ##[endgroup]
linux-packages	Run dtolnay/rust-toolchain@stable	2026-09-22T19:59:51.7960295Z ##[end-action id=__dtolnay_rust-toolchain.__run_8;outcome=success;conclusion=success;duration_ms=35]
linux-packages	Run dtolnay/rust-toolchain@stable	2026-09-22T19:59:51.7962833Z ##[start-action display=Work around spurious network errors in curl 8.0;id=__dtolnay_rust-toolchain.__run_9]
linux-packages	Run dtolnay/rust-toolchain@stable	2026-09-22T19:59:51.7978662Z ##[group]Run # https://rust-lang.zulipchat.com/#narrow/stream/246057-t-cargo/topic/timeout.20investigation
linux-packages	Run dtolnay/rust-toolchain@stable	2026-09-22T19:59:51.7979335Z # https://rust-lang.zulipchat.com/#narrow/stream/246057-t-cargo/topic/timeout.20investigation
linux-packages	Run dtolnay/rust-toolchain@stable	2026-09-22T19:59:51.7979879Z if rustc +stable --version --verbose | grep -q '^release: 1\.7[01]\.'; then
linux-packages	Run dtolnay/rust-toolchain@stable	2026-09-22T19:59:51.7980301Z   echo CARGO_HTTP_MULTIPLEXING=false >> $GITHUB_ENV
linux-packages	Run dtolnay/rust-toolchain@stable	2026-09-22T19:59:51.7980589Z fi
linux-packages	Run dtolnay/rust-toolchain@stable	2026-09-22T19:59:51.8017663Z shell: /usr/bin/bash --noprofile --norc -e -o pipefail {0}
linux-packages	Run dtolnay/rust-toolchain@stable	2026-09-22T19:59:51.8017999Z env:
linux-packages	Run dtolnay/rust-toolchain@stable	2026-09-22T19:59:51.8018253Z   PNPM_HOME: /home/runner/setup-pnpm/node_modules/.bin
linux-packages	Run dtolnay/rust-toolchain@stable	2026-09-22T19:59:51.8018574Z   CARGO_HOME: /home/runner/.cargo
linux-packages	Run dtolnay/rust-toolchain@stable	2026-09-22T19:59:51.8018819Z   CARGO_INCREMENTAL: 0
linux-packages	Run dtolnay/rust-toolchain@stable	2026-09-22T19:59:51.8019039Z   CARGO_TERM_COLOR: always
linux-packages	Run dtolnay/rust-toolchain@stable	2026-09-22T19:59:51.8019273Z ##[endgroup]
linux-packages	Run dtolnay/rust-toolchain@stable	2026-09-22T19:59:51.8199902Z ##[end-action id=__dtolnay_rust-toolchain.__run_9;outcome=success;conclusion=success;duration_ms=23]
linux-packages	Run dtolnay/rust-toolchain@stable	2026-09-22T19:59:51.8203570Z ##[start-action display=rustc +stable --version --verbose;id=__dtolnay_rust-toolchain.__run_10]
linux-packages	Run dtolnay/rust-toolchain@stable	2026-09-22T19:59:51.8217836Z ##[group]Run rustc +stable --version --verbose
linux-packages	Run dtolnay/rust-toolchain@stable	2026-09-22T19:59:51.8218189Z rustc +stable --version --verbose
linux-packages	Run dtolnay/rust-toolchain@stable	2026-09-22T19:59:51.8253063Z shell: /usr/bin/bash --noprofile --norc -e -o pipefail {0}
linux-packages	Run dtolnay/rust-toolchain@stable	2026-09-22T19:59:51.8253401Z env:
linux-packages	Run dtolnay/rust-toolchain@stable	2026-09-22T19:59:51.8253652Z   PNPM_HOME: /home/runner/setup-pnpm/node_modules/.bin
linux-packages	Run dtolnay/rust-toolchain@stable	2026-09-22T19:59:51.8253951Z   CARGO_HOME: /home/runner/.cargo
linux-packages	Run dtolnay/rust-toolchain@stable	2026-09-22T19:59:51.8254190Z   CARGO_INCREMENTAL: 0
linux-packages	Run dtolnay/rust-toolchain@stable	2026-09-22T19:59:51.8254403Z   CARGO_TERM_COLOR: always
linux-packages	Run dtolnay/rust-toolchain@stable	2026-09-22T19:59:51.8254638Z ##[endgroup]
linux-packages	Run dtolnay/rust-toolchain@stable	2026-09-22T19:59:51.8412134Z rustc 1.98.1 (48a229cea 2026-09-01)
linux-packages	Run dtolnay/rust-toolchain@stable	2026-09-22T19:59:51.8412588Z binary: rustc
linux-packages	Run dtolnay/rust-toolchain@stable	2026-09-22T19:59:51.8413015Z commit-hash: 48a229ceaefd4985c50990b14116b6d856af0985
linux-packages	Run dtolnay/rust-toolchain@stable	2026-09-22T19:59:51.8413643Z commit-date: 2026-09-01
linux-packages	Run dtolnay/rust-toolchain@stable	2026-09-22T19:59:51.8413928Z host: x86_64-unknown-linux-gnu
linux-packages	Run dtolnay/rust-toolchain@stable	2026-09-22T19:59:51.8414169Z release: 1.98.1
linux-packages	Run dtolnay/rust-toolchain@stable	2026-09-22T19:59:51.8414395Z LLVM version: 22.1.8
linux-packages	Run dtolnay/rust-toolchain@stable	2026-09-22T19:59:51.8427876Z ##[end-action id=__dtolnay_rust-toolchain.__run_10;outcome=success;conclusion=success;duration_ms=22]
linux-packages	Run Swatinem/rust-cache@v2	2026-09-22T19:59:51.8516309Z ##[group]Run Swatinem/rust-cache@v2
linux-packages	Run Swatinem/rust-cache@v2	2026-09-22T19:59:51.8516597Z with:
linux-packages	Run Swatinem/rust-cache@v2	2026-09-22T19:59:51.8516818Z   workspaces: apps/desktop/src-tauri
linux-packages	Run Swatinem/rust-cache@v2	2026-09-22T19:59:51.8517095Z   key: development-linux-packages
linux-packages	Run Swatinem/rust-cache@v2	2026-09-22T19:59:51.8517350Z   prefix-key: v0-rust
linux-packages	Run Swatinem/rust-cache@v2	2026-09-22T19:59:51.8517573Z   add-job-id-key: true
linux-packages	Run Swatinem/rust-cache@v2	2026-09-22T19:59:51.8517812Z   add-rust-environment-hash-key: true
linux-packages	Run Swatinem/rust-cache@v2	2026-09-22T19:59:51.8518074Z   cache-targets: true
linux-packages	Run Swatinem/rust-cache@v2	2026-09-22T19:59:51.8518294Z   cache-all-crates: false
linux-packages	Run Swatinem/rust-cache@v2	2026-09-22T19:59:51.8518539Z   cache-workspace-crates: false
linux-packages	Run Swatinem/rust-cache@v2	2026-09-22T19:59:51.8518774Z   save-if: true
linux-packages	Run Swatinem/rust-cache@v2	2026-09-22T19:59:51.8518994Z   cache-provider: github
linux-packages	Run Swatinem/rust-cache@v2	2026-09-22T19:59:51.8519212Z   cache-bin: true
linux-packages	Run Swatinem/rust-cache@v2	2026-09-22T19:59:51.8519420Z   lookup-only: false
linux-packages	Run Swatinem/rust-cache@v2	2026-09-22T19:59:51.8519626Z   cmd-format: {0}
linux-packages	Run Swatinem/rust-cache@v2	2026-09-22T19:59:51.8519820Z env:
linux-packages	Run Swatinem/rust-cache@v2	2026-09-22T19:59:51.8520056Z   PNPM_HOME: /home/runner/setup-pnpm/node_modules/.bin
linux-packages	Run Swatinem/rust-cache@v2	2026-09-22T19:59:51.8520362Z   CARGO_HOME: /home/runner/.cargo
linux-packages	Run Swatinem/rust-cache@v2	2026-09-22T19:59:51.8520616Z   CARGO_INCREMENTAL: 0
linux-packages	Run Swatinem/rust-cache@v2	2026-09-22T19:59:51.8520872Z   CARGO_TERM_COLOR: always
linux-packages	Run Swatinem/rust-cache@v2	2026-09-22T19:59:51.8521097Z ##[endgroup]
linux-packages	Run Swatinem/rust-cache@v2	2026-09-22T19:59:52.4943343Z ##[group]Cache Configuration
linux-packages	Run Swatinem/rust-cache@v2	2026-09-22T19:59:52.4944022Z Cache Provider:
linux-packages	Run Swatinem/rust-cache@v2	2026-09-22T19:59:52.4944366Z     github
linux-packages	Run Swatinem/rust-cache@v2	2026-09-22T19:59:52.4944636Z Workspaces:
linux-packages	Run Swatinem/rust-cache@v2	2026-09-22T19:59:52.4945364Z     /home/runner/work/execs/execs/apps/desktop/src-tauri
linux-packages	Run Swatinem/rust-cache@v2	2026-09-22T19:59:52.4945912Z Cache Paths:
linux-packages	Run Swatinem/rust-cache@v2	2026-09-22T19:59:52.4946246Z     /home/runner/.cargo/bin
linux-packages	Run Swatinem/rust-cache@v2	2026-09-22T19:59:52.4946647Z     /home/runner/.cargo/.crates.toml
linux-packages	Run Swatinem/rust-cache@v2	2026-09-22T19:59:52.4947061Z     /home/runner/.cargo/.crates2.json
linux-packages	Run Swatinem/rust-cache@v2	2026-09-22T19:59:52.4947531Z     /home/runner/.cargo/registry
linux-packages	Run Swatinem/rust-cache@v2	2026-09-22T19:59:52.4947909Z     /home/runner/.cargo/git
linux-packages	Run Swatinem/rust-cache@v2	2026-09-22T19:59:52.4948380Z     /home/runner/work/execs/execs/apps/desktop/src-tauri/target
linux-packages	Run Swatinem/rust-cache@v2	2026-09-22T19:59:52.4948863Z Restore Key:
linux-packages	Run Swatinem/rust-cache@v2	2026-09-22T19:59:52.4949341Z     v0-rust-development-linux-packages-linux-packages-Linux-x64-6ff13d87
linux-packages	Run Swatinem/rust-cache@v2	2026-09-22T19:59:52.4949849Z Cache Key:
linux-packages	Run Swatinem/rust-cache@v2	2026-09-22T19:59:52.4950589Z     v0-rust-development-linux-packages-linux-packages-Linux-x64-6ff13d87-35576014
linux-packages	Run Swatinem/rust-cache@v2	2026-09-22T19:59:52.4951253Z .. Prefix:
linux-packages	Run Swatinem/rust-cache@v2	2026-09-22T19:59:52.4951748Z   - v0-rust-development-linux-packages-linux-packages-Linux-x64
linux-packages	Run Swatinem/rust-cache@v2	2026-09-22T19:59:52.4952415Z .. Environment considered:
linux-packages	Run Swatinem/rust-cache@v2	2026-09-22T19:59:52.4952744Z   - Rust Versions:
linux-packages	Run Swatinem/rust-cache@v2	2026-09-22T19:59:52.4953294Z     - 1.98.1 x86_64-unknown-linux-gnu 48a229ceaefd4985c50990b14116b6d856af0985
linux-packages	Run Swatinem/rust-cache@v2	2026-09-22T19:59:52.4954089Z   - CARGO_HOME
linux-packages	Run Swatinem/rust-cache@v2	2026-09-22T19:59:52.4954412Z   - CARGO_INCREMENTAL
linux-packages	Run Swatinem/rust-cache@v2	2026-09-22T19:59:52.4954750Z   - CARGO_TERM_COLOR
linux-packages	Run Swatinem/rust-cache@v2	2026-09-22T19:59:52.4955114Z .. Lockfiles considered:
linux-packages	Run Swatinem/rust-cache@v2	2026-09-22T19:59:52.4955799Z   - /home/runner/work/execs/execs/.cargo/config.toml
linux-packages	Run Swatinem/rust-cache@v2	2026-09-22T19:59:52.4956460Z   - /home/runner/work/execs/execs/apps/desktop/src-tauri/Cargo.lock
linux-packages	Run Swatinem/rust-cache@v2	2026-09-22T19:59:52.4957125Z   - /home/runner/work/execs/execs/apps/desktop/src-tauri/Cargo.toml
linux-packages	Run Swatinem/rust-cache@v2	2026-09-22T19:59:52.4957813Z   - /home/runner/work/execs/execs/apps/desktop/src-tauri/core/Cargo.toml
linux-packages	Run Swatinem/rust-cache@v2	2026-09-22T19:59:52.4958593Z ##[endgroup]
linux-packages	Run Swatinem/rust-cache@v2	2026-09-22T19:59:52.4958771Z 
linux-packages	Run Swatinem/rust-cache@v2	2026-09-22T19:59:52.4958952Z ... Restoring cache ...
linux-packages	Run Swatinem/rust-cache@v2	2026-09-22T19:59:52.6298215Z No cache found.
linux-packages	Run pnpm install --frozen-lockfile	2026-09-22T19:59:52.6374622Z ##[group]Run pnpm install --frozen-lockfile
linux-packages	Run pnpm install --frozen-lockfile	2026-09-22T19:59:52.6375804Z pnpm install --frozen-lockfile
linux-packages	Run pnpm install --frozen-lockfile	2026-09-22T19:59:52.6431843Z shell: /usr/bin/bash -e {0}
linux-packages	Run pnpm install --frozen-lockfile	2026-09-22T19:59:52.6432258Z env:
linux-packages	Run pnpm install --frozen-lockfile	2026-09-22T19:59:52.6432673Z   PNPM_HOME: /home/runner/setup-pnpm/node_modules/.bin
linux-packages	Run pnpm install --frozen-lockfile	2026-09-22T19:59:52.6433114Z   CARGO_HOME: /home/runner/.cargo
linux-packages	Run pnpm install --frozen-lockfile	2026-09-22T19:59:52.6433486Z   CARGO_INCREMENTAL: 0
linux-packages	Run pnpm install --frozen-lockfile	2026-09-22T19:59:52.6433815Z   CARGO_TERM_COLOR: always
linux-packages	Run pnpm install --frozen-lockfile	2026-09-22T19:59:52.6434397Z   CACHE_ON_FAILURE: false
linux-packages	Run pnpm install --frozen-lockfile	2026-09-22T19:59:52.6434723Z ##[endgroup]
linux-packages	Run pnpm install --frozen-lockfile	2026-09-22T19:59:53.0349023Z Scope: all 3 workspace projects
linux-packages	Run pnpm install --frozen-lockfile	2026-09-22T19:59:53.0666636Z Lockfile is up to date, resolution step is skipped
linux-packages	Run pnpm install --frozen-lockfile	2026-09-22T19:59:53.1275504Z Packages: +193
linux-packages	Run pnpm install --frozen-lockfile	2026-09-22T19:59:53.1286691Z ++++++++++++++++++++++++++++++++++++++++++++++++++++++++++++++++++++++++++++++++
linux-packages	Run pnpm install --frozen-lockfile	2026-09-22T19:59:53.1775590Z Progress: resolved 0, reused 1, downloaded 0, added 0
linux-packages	Run pnpm install --frozen-lockfile	2026-09-22T19:59:53.5935677Z Progress: resolved 0, reused 193, downloaded 0, added 193, done
linux-packages	Run pnpm install --frozen-lockfile	2026-09-22T19:59:53.6673603Z 
linux-packages	Run pnpm install --frozen-lockfile	2026-09-22T19:59:53.6963185Z Done in 1s using pnpm v9.15.9
linux-packages	Test package harness and data boundaries	2026-09-22T19:59:53.7137615Z ##[group]Run node --test scripts/development-package-*.test.mjs scripts/package-smoke-fixture.test.mjs scripts/release-guards.test.mjs
linux-packages	Test package harness and data boundaries	2026-09-22T19:59:53.7138478Z node --test scripts/development-package-*.test.mjs scripts/package-smoke-fixture.test.mjs scripts/release-guards.test.mjs
linux-packages	Test package harness and data boundaries	2026-09-22T19:59:53.7177238Z shell: /usr/bin/bash -e {0}
linux-packages	Test package harness and data boundaries	2026-09-22T19:59:53.7177513Z env:
linux-packages	Test package harness and data boundaries	2026-09-22T19:59:53.7177801Z   PNPM_HOME: /home/runner/setup-pnpm/node_modules/.bin
linux-packages	Test package harness and data boundaries	2026-09-22T19:59:53.7178110Z   CARGO_HOME: /home/runner/.cargo
linux-packages	Test package harness and data boundaries	2026-09-22T19:59:53.7178356Z   CARGO_INCREMENTAL: 0
linux-packages	Test package harness and data boundaries	2026-09-22T19:59:53.7178570Z   CARGO_TERM_COLOR: always
linux-packages	Test package harness and data boundaries	2026-09-22T19:59:53.7178802Z   CACHE_ON_FAILURE: false
linux-packages	Test package harness and data boundaries	2026-09-22T19:59:53.7179017Z ##[endgroup]
linux-packages	Test package harness and data boundaries	2026-09-22T19:59:56.2333412Z ✔ development fixture retains tagged payloads and adds a fully private Linux environment (21.419055ms)
linux-packages	Test package harness and data boundaries	2026-09-22T19:59:56.2334277Z ✔ export proof validates the exact portable metadata and all four bounded payloads (115.228895ms)
linux-packages	Test package harness and data boundaries	2026-09-22T19:59:56.2336989Z ✔ inspector reads the unchanged actual v0.1.8 exporter archive (96.010132ms)
linux-packages	Test package harness and data boundaries	2026-09-22T19:59:56.2338348Z ✔ modeled import remains inactive, switch selects its UUID, restart preserves every byte (79.466807ms)
linux-packages	Test package harness and data boundaries	2026-09-22T19:59:56.2340101Z ✔ original profile metadata, settings, live bytes and shared blobs are never normalized away (259.483244ms)
linux-packages	Test package harness and data boundaries	2026-09-22T19:59:56.2343035Z ✔ import rejects auto-activation, extra profiles and inherited HUD/preloader/cloud state (505.94998ms)
linux-packages	Test package harness and data boundaries	2026-09-22T19:59:56.2344694Z ✔ switch rejects changed library bytes and restart rejects even semantic-only metadata rewrites (127.776642ms)
linux-packages	Test package harness and data boundaries	2026-09-22T19:59:56.2346273Z ✔ empty incoming container is allowed only post-import; staged contents and journals fail (260.132232ms)
linux-packages	Test package harness and data boundaries	2026-09-22T19:59:56.2352313Z ✔ archive inspection refuses changed metadata/payload, traversal, duplicate and oversized members (588.702492ms)
linux-packages	Test package harness and data boundaries	2026-09-22T19:59:56.2354993Z ✔ archive replacement, alternate Save destination and proof from another case are refused (310.28736ms)
linux-packages	Test package harness and data boundaries	2026-09-22T19:59:56.2356359Z ✔ all Steam candidates, dangling discovery ancestors and linked library paths are refused (49.613976ms)
linux-packages	Test package harness and data boundaries	2026-09-22T19:59:56.2431867Z ✔ development host gate rejects player hosts, tags, forks and signing secrets before work (3.501306ms)
linux-packages	Test package harness and data boundaries	2026-09-22T19:59:56.2433121Z ✔ unsigned configuration is a fresh contained file and cannot reuse or redirect a destination (2.258933ms)
linux-packages	Test package harness and data boundaries	2026-09-22T19:59:56.2434250Z ✔ development version rehearsal uses actual repository history without changing it (4.251836ms)
linux-packages	Test package harness and data boundaries	2026-09-22T19:59:56.2435410Z ✔ public package selection binds exact version, public state, signature and asset origin (9.332417ms)
linux-packages	Test package harness and data boundaries	2026-09-22T19:59:56.2436417Z ✔ package authenticity refuses tampered downloaded bytes before any executable use (8.155333ms)
linux-packages	Test package harness and data boundaries	2026-09-22T19:59:56.2437425Z ✔ GTK dialog selection refuses a foreign PID, ambiguous window or different title (0.709904ms)
linux-packages	Test package harness and data boundaries	2026-09-22T19:59:56.2438092Z ✔ configuration entrypoint refuses a local host before creating any file (56.678501ms)
linux-packages	Test package harness and data boundaries	2026-09-22T19:59:56.2438746Z ✔ runtime entrypoint refuses a player host before package or native commands (60.90773ms)
linux-packages	Test package harness and data boundaries	2026-09-22T19:59:56.2439454Z ✔ candidate and process selection refuses ambiguity, wrong revision and player processes (1.139281ms)
linux-packages	Test package harness and data boundaries	2026-09-22T19:59:56.2440132Z ✔ normal AppImage identity requires its exact private read-only FUSE mount (2.661402ms)
linux-packages	Test package harness and data boundaries	2026-09-22T19:59:56.2441133Z ✔ failed native work retains its original failure and still detects post-cleanup corruption (3.335806ms)
linux-packages	Test package harness and data boundaries	2026-09-22T19:59:56.2442174Z ✔ successful native work cannot mask cleanup, comparison or evidence-write failure (0.88744ms)
linux-packages	Test package harness and data boundaries	2026-09-22T19:59:56.2443007Z ✔ driver cleanup reports an unexplained close failure without a native process (0.716254ms)
linux-packages	Test package harness and data boundaries	2026-09-22T19:59:56.2444037Z ✔ package fixture retains tagged v0.1.8 cfg and valid Source VPK bytes with provenance (16.09706ms)
linux-packages	Test package harness and data boundaries	2026-09-22T19:59:56.2445052Z ✔ package fixture covers Windows and Linux data roots without inheriting host settings (10.922763ms)
linux-packages	Test package harness and data boundaries	2026-09-22T19:59:56.2446589Z ✔ package fixture refuses scratch reuse and a stale previous-public baseline (5.293679ms)
linux-packages	Test package harness and data boundaries	2026-09-22T19:59:56.2447832Z ✔ preservation fails on independent corruption of active, inactive, and shared payloads (13.296431ms)
linux-packages	Test package harness and data boundaries	2026-09-22T19:59:56.2448954Z ✔ preservation fails on deletion, new files, and unfinished recovery journals (19.218988ms)
linux-packages	Test package harness and data boundaries	2026-09-22T19:59:56.2449995Z ✔ preservation fails on lost active identity, deleted profiles, launch options or HUD options (35.235453ms)
linux-packages	Test package harness and data boundaries	2026-09-22T19:59:56.2451173Z ✔ preservation tolerates only documented additive defaults and harmless JSON formatting (6.75176ms)
linux-packages	Test package harness and data boundaries	2026-09-22T19:59:56.2452367Z ✔ preservation does not accept new preloader selections, arbitrary metadata or false sync success (14.001728ms)
linux-packages	Test package harness and data boundaries	2026-09-22T19:59:56.2453574Z ✔ preservation rejects changed confirmed root and changes to the synthetic live install (13.368193ms)
linux-packages	Test package harness and data boundaries	2026-09-22T19:59:56.2454699Z ✔ preservation refuses linked library directories rather than following them (6.917579ms)
linux-packages	Test package harness and data boundaries	2026-09-22T19:59:56.2455936Z ✔ Steam isolation guards cover native, Flatpak, Snap and XDG discovery paths (7.600492ms)
linux-packages	Test package harness and data boundaries	2026-09-22T19:59:56.2456950Z ✔ Minisign verification rejects changed bytes, signatures, keys and comments (7.560551ms)
linux-packages	Test package harness and data boundaries	2026-09-22T19:59:56.2457967Z ✔ release validation binds signatures to both assets and their release (5.29956ms)
linux-packages	Test package harness and data boundaries	2026-09-22T19:59:56.2458971Z ✔ draft URL identity accepts its stable signed API assets and refuses temporary feed URLs (2.289211ms)
linux-packages	Test package harness and data boundaries	2026-09-22T19:59:56.2460078Z ✔ previous installers use actual published asset names with literal or sanitized revisions (0.767758ms)
linux-packages	Test package harness and data boundaries	2026-09-22T19:59:56.2461068Z ✔ stable hotfix versions accept only canonical positive bounded numeric revisions (0.690799ms)
linux-packages	Test package harness and data boundaries	2026-09-22T19:59:56.2462037Z ✔ a hotfix requires its own exact tag, four source versions and substantive changelog section (3.556939ms)
linux-packages	Test package harness and data boundaries	2026-09-22T19:59:56.2463287Z ✔ updater history selects the immediately preceding stable release or numeric hotfix (2.381863ms)
linux-packages	Test package harness and data boundaries	2026-09-22T19:59:56.2464085Z ✔ repository release history selects the public version used by the package fixture (1.081967ms)
linux-packages	Test package harness and data boundaries	2026-09-22T19:59:56.2464840Z ✔ signed hotfix assets accept literal or encoded plus URLs and reject original-release substitutions (5.66707ms)
linux-packages	Test package harness and data boundaries	2026-09-22T19:59:56.2465928Z ✔ all product versions, the tag and substantive notes must agree (1.872348ms)
linux-packages	Test package harness and data boundaries	2026-09-22T19:59:56.2466723Z ✔ package smoke derives and passes the immediately previous changelog release (0.316735ms)
linux-packages	Test package harness and data boundaries	2026-09-22T19:59:56.2467432Z ✔ release workflow always waits for the reusable CI gate (1.055422ms)
linux-packages	Test package harness and data boundaries	2026-09-22T19:59:56.2468174Z ✔ release candidates and tag builds share a product-tag concurrency lock (0.299136ms)
linux-packages	Test package harness and data boundaries	2026-09-22T19:59:56.2468681Z ℹ tests 48
linux-packages	Test package harness and data boundaries	2026-09-22T19:59:56.2468945Z ℹ suites 0
linux-packages	Test package harness and data boundaries	2026-09-22T19:59:56.2469216Z ℹ pass 48
linux-packages	Test package harness and data boundaries	2026-09-22T19:59:56.2469516Z ℹ fail 0
linux-packages	Test package harness and data boundaries	2026-09-22T19:59:56.2469756Z ℹ cancelled 0
linux-packages	Test package harness and data boundaries	2026-09-22T19:59:56.2470041Z ℹ skipped 0
linux-packages	Test package harness and data boundaries	2026-09-22T19:59:56.2470327Z ℹ todo 0
linux-packages	Test package harness and data boundaries	2026-09-22T19:59:56.2470622Z ℹ duration_ms 2489.917714
linux-packages	Verify packaged notices	2026-09-22T19:59:56.2513629Z ##[group]Run node scripts/third-party-notices.mjs --check
linux-packages	Verify packaged notices	2026-09-22T19:59:56.2514044Z node scripts/third-party-notices.mjs --check
linux-packages	Verify packaged notices	2026-09-22T19:59:56.2514357Z python3 scripts/linux-notices.py
linux-packages	Verify packaged notices	2026-09-22T19:59:56.2557775Z shell: /usr/bin/bash -e {0}
linux-packages	Verify packaged notices	2026-09-22T19:59:56.2558239Z env:
linux-packages	Verify packaged notices	2026-09-22T19:59:56.2558502Z   PNPM_HOME: /home/runner/setup-pnpm/node_modules/.bin
linux-packages	Verify packaged notices	2026-09-22T19:59:56.2558816Z   CARGO_HOME: /home/runner/.cargo
linux-packages	Verify packaged notices	2026-09-22T19:59:56.2559069Z   CARGO_INCREMENTAL: 0
linux-packages	Verify packaged notices	2026-09-22T19:59:56.2559287Z   CARGO_TERM_COLOR: always
linux-packages	Verify packaged notices	2026-09-22T19:59:56.2559550Z   CACHE_ON_FAILURE: false
linux-packages	Verify packaged notices	2026-09-22T19:59:56.2559767Z ##[endgroup]
linux-packages	Verify packaged notices	2026-09-22T20:00:00.7923306Z     Updating crates.io index
linux-packages	Verify packaged notices	2026-09-22T20:00:00.7924064Z  Downloading crates ...
linux-packages	Verify packaged notices	2026-09-22T20:00:00.7924565Z   Downloaded adler2 v2.0.1
linux-packages	Verify packaged notices	2026-09-22T20:00:00.7925037Z   Downloaded base64 v0.22.1
linux-packages	Verify packaged notices	2026-09-22T20:00:00.7925658Z   Downloaded bit-set v0.8.0
linux-packages	Verify packaged notices	2026-09-22T20:00:00.7926249Z   Downloaded dirs v6.0.0
linux-packages	Verify packaged notices	2026-09-22T20:00:00.7926771Z   Downloaded defmt-parser v1.0.0
linux-packages	Verify packaged notices	2026-09-22T20:00:00.7927319Z   Downloaded cpufeatures v0.3.1
linux-packages	Verify packaged notices	2026-09-22T20:00:00.7927886Z   Downloaded dtor-proc-macro v0.0.6
linux-packages	Verify packaged notices	2026-09-22T20:00:00.7928448Z   Downloaded equivalent v1.0.2
linux-packages	Verify packaged notices	2026-09-22T20:00:00.7928910Z   Downloaded cesu8 v1.1.0
linux-packages	Verify packaged notices	2026-09-22T20:00:00.7929450Z   Downloaded cssparser-macros v0.6.1
linux-packages	Verify packaged notices	2026-09-22T20:00:00.7930154Z   Downloaded foreign-types v0.5.0
linux-packages	Verify packaged notices	2026-09-22T20:00:00.7930736Z   Downloaded form_urlencoded v1.2.2
linux-packages	Verify packaged notices	2026-09-22T20:00:00.7931236Z   Downloaded cfg-if v1.0.4
linux-packages	Verify packaged notices	2026-09-22T20:00:00.7931759Z   Downloaded dlopen2_derive v0.4.3
linux-packages	Verify packaged notices	2026-09-22T20:00:00.7932261Z   Downloaded endi v1.1.1
linux-packages	Verify packaged notices	2026-09-22T20:00:00.7932745Z   Downloaded autocfg v1.5.1
linux-packages	Verify packaged notices	2026-09-22T20:00:00.7933233Z   Downloaded fastrand v2.5.0
linux-packages	Verify packaged notices	2026-09-22T20:00:00.7933721Z   Downloaded dtoa v1.0.11
linux-packages	Verify packaged notices	2026-09-22T20:00:00.7934268Z   Downloaded base64 v0.21.7
linux-packages	Verify packaged notices	2026-09-22T20:00:00.7934618Z   Downloaded block-buffer v0.10.4
linux-packages	Verify packaged notices	2026-09-22T20:00:00.7934963Z   Downloaded num-conv v0.2.2
linux-packages	Verify packaged notices	2026-09-22T20:00:00.7935486Z   Downloaded cargo_toml v0.22.3
linux-packages	Verify packaged notices	2026-09-22T20:00:00.7935855Z   Downloaded num-traits v0.2.19
linux-packages	Verify packaged notices	2026-09-22T20:00:00.7936188Z   Downloaded bit-vec v0.8.0
linux-packages	Verify packaged notices	2026-09-22T20:00:00.7936522Z   Downloaded num_enum v0.7.6
linux-packages	Verify packaged notices	2026-09-22T20:00:00.7936847Z   Downloaded cookie v0.18.2
linux-packages	Verify packaged notices	2026-09-22T20:00:00.7937195Z   Downloaded core-graphics v0.25.0
linux-packages	Verify packaged notices	2026-09-22T20:00:00.7937583Z   Downloaded foreign-types-shared v0.3.1
linux-packages	Verify packaged notices	2026-09-22T20:00:00.7937961Z   Downloaded bitflags v1.3.2
linux-packages	Verify packaged notices	2026-09-22T20:00:00.7938453Z   Downloaded futures-channel v0.3.34
linux-packages	Verify packaged notices	2026-09-22T20:00:00.7938949Z   Downloaded darling v0.23.0
linux-packages	Verify packaged notices	2026-09-22T20:00:00.7939489Z   Downloaded unic-char-range v0.9.0
linux-packages	Verify packaged notices	2026-09-22T20:00:00.7940011Z   Downloaded cfg_aliases v0.2.2
linux-packages	Verify packaged notices	2026-09-22T20:00:00.7940586Z   Downloaded core-graphics-types v0.2.0
linux-packages	Verify packaged notices	2026-09-22T20:00:00.7941178Z   Downloaded derive_arbitrary v1.4.2
linux-packages	Verify packaged notices	2026-09-22T20:00:00.7941701Z   Downloaded dirs-sys v0.5.0
linux-packages	Verify packaged notices	2026-09-22T20:00:00.7942181Z   Downloaded errno v0.3.14
linux-packages	Verify packaged notices	2026-09-22T20:00:00.7942688Z   Downloaded cairo-sys-rs v0.18.2
linux-packages	Verify packaged notices	2026-09-22T20:00:00.7943207Z   Downloaded dunce v1.0.5
linux-packages	Verify packaged notices	2026-09-22T20:00:00.7943704Z   Downloaded byteorder v1.5.0
linux-packages	Verify packaged notices	2026-09-22T20:00:00.7944239Z   Downloaded cargo_metadata v0.19.2
linux-packages	Verify packaged notices	2026-09-22T20:00:00.7944658Z   Downloaded concurrent-queue v2.5.0
linux-packages	Verify packaged notices	2026-09-22T20:00:00.7945015Z   Downloaded embed_plist v1.2.2
linux-packages	Verify packaged notices	2026-09-22T20:00:00.7945559Z   Downloaded block2 v0.6.2
linux-packages	Verify packaged notices	2026-09-22T20:00:00.7945907Z   Downloaded dispatch2 v0.3.1
linux-packages	Verify packaged notices	2026-09-22T20:00:00.7946688Z   Downloaded dyn-clone v1.0.20
linux-packages	Verify packaged notices	2026-09-22T20:00:00.7947062Z   Downloaded enumflags2_derive v0.7.12
linux-packages	Verify packaged notices	2026-09-22T20:00:00.7947440Z   Downloaded cpufeatures v0.2.17
linux-packages	Verify packaged notices	2026-09-22T20:00:00.7947801Z   Downloaded darling_macro v0.23.0
linux-packages	Verify packaged notices	2026-09-22T20:00:00.7948308Z   Downloaded crypto-common v0.1.7
linux-packages	Verify packaged notices	2026-09-22T20:00:00.7948689Z   Downloaded ctor-proc-macro v0.0.7
linux-packages	Verify packaged notices	2026-09-22T20:00:00.7949043Z   Downloaded ctor v0.8.0
linux-packages	Verify packaged notices	2026-09-22T20:00:00.7949386Z   Downloaded dtoa-short v0.3.5
linux-packages	Verify packaged notices	2026-09-22T20:00:00.7949803Z   Downloaded objc2-user-notifications v0.3.2
linux-packages	Verify packaged notices	2026-09-22T20:00:00.7950192Z   Downloaded blocking v1.7.0
linux-packages	Verify packaged notices	2026-09-22T20:00:00.7950553Z   Downloaded cargo-platform v0.1.9
linux-packages	Verify packaged notices	2026-09-22T20:00:00.7950957Z   Downloaded objc2-exception-helper v0.1.1
linux-packages	Verify packaged notices	2026-09-22T20:00:00.7951369Z   Downloaded proc-macro-crate v1.3.1
linux-packages	Verify packaged notices	2026-09-22T20:00:00.7951729Z   Downloaded deranged v0.5.8
linux-packages	Verify packaged notices	2026-09-22T20:00:00.7952075Z   Downloaded displaydoc v0.2.7
linux-packages	Verify packaged notices	2026-09-22T20:00:00.7952436Z   Downloaded enumflags2 v0.7.12
linux-packages	Verify packaged notices	2026-09-22T20:00:00.7952832Z   Downloaded event-listener-strategy v0.5.4
linux-packages	Verify packaged notices	2026-09-22T20:00:00.7953248Z   Downloaded foreign-types-macros v0.2.4
linux-packages	Verify packaged notices	2026-09-22T20:00:00.7953626Z   Downloaded phf_macros v0.13.1
linux-packages	Verify packaged notices	2026-09-22T20:00:00.7953980Z   Downloaded potential_utf v0.1.6
linux-packages	Verify packaged notices	2026-09-22T20:00:00.7954360Z   Downloaded core-foundation-sys v0.8.7
linux-packages	Verify packaged notices	2026-09-22T20:00:00.7954740Z   Downloaded field-offset v0.3.6
linux-packages	Verify packaged notices	2026-09-22T20:00:00.7955089Z   Downloaded chacha20 v0.10.2
linux-packages	Verify packaged notices	2026-09-22T20:00:00.7955636Z   Downloaded dpi v0.1.2
linux-packages	Verify packaged notices	2026-09-22T20:00:00.7955991Z   Downloaded embed-resource v3.0.11
linux-packages	Verify packaged notices	2026-09-22T20:00:00.7956342Z   Downloaded fdeflate v0.3.7
linux-packages	Verify packaged notices	2026-09-22T20:00:00.7956700Z   Downloaded find-msvc-tools v0.1.11
linux-packages	Verify packaged notices	2026-09-22T20:00:00.7957054Z   Downloaded bytemuck v1.25.2
linux-packages	Verify packaged notices	2026-09-22T20:00:00.7957384Z   Downloaded digest v0.10.7
linux-packages	Verify packaged notices	2026-09-22T20:00:00.7957705Z   Downloaded either v1.18.0
linux-packages	Verify packaged notices	2026-09-22T20:00:00.7958022Z   Downloaded typeid v1.0.3
linux-packages	Verify packaged notices	2026-09-22T20:00:00.7958556Z   Downloaded webview2-com-macros v0.8.1
linux-packages	Verify packaged notices	2026-09-22T20:00:00.7959104Z   Downloaded dlopen2 v0.8.2
linux-packages	Verify packaged notices	2026-09-22T20:00:00.7959588Z   Downloaded dtor v0.3.0
linux-packages	Verify packaged notices	2026-09-22T20:00:00.7960059Z   Downloaded fnv v1.0.7
linux-packages	Verify packaged notices	2026-09-22T20:00:00.7960564Z   Downloaded foldhash v0.2.0
linux-packages	Verify packaged notices	2026-09-22T20:00:00.7961103Z   Downloaded version_check v0.9.5
linux-packages	Verify packaged notices	2026-09-22T20:00:00.7961624Z   Downloaded bs58 v0.5.1
linux-packages	Verify packaged notices	2026-09-22T20:00:00.7962141Z   Downloaded camino v1.2.5
linux-packages	Verify packaged notices	2026-09-22T20:00:00.7962652Z   Downloaded cfg-expr v0.15.8
linux-packages	Verify packaged notices	2026-09-22T20:00:00.7963193Z   Downloaded defmt-macros v1.1.1
linux-packages	Verify packaged notices	2026-09-22T20:00:00.7963761Z   Downloaded erased-serde v0.4.10
linux-packages	Verify packaged notices	2026-09-22T20:00:00.7964292Z   Downloaded vswhom v0.1.0
linux-packages	Verify packaged notices	2026-09-22T20:00:00.7964768Z   Downloaded vswhom-sys v0.1.3
linux-packages	Verify packaged notices	2026-09-22T20:00:00.7965295Z   Downloaded bitflags v2.13.1
linux-packages	Verify packaged notices	2026-09-22T20:00:00.7965816Z   Downloaded cairo-rs v0.18.5
linux-packages	Verify packaged notices	2026-09-22T20:00:00.7966174Z   Downloaded event-listener v5.4.2
linux-packages	Verify packaged notices	2026-09-22T20:00:00.7966536Z   Downloaded derive_more v2.1.1
linux-packages	Verify packaged notices	2026-09-22T20:00:00.7966872Z   Downloaded flate2 v1.1.10
linux-packages	Verify packaged notices	2026-09-22T20:00:00.7967236Z   Downloaded windows-implement v0.60.2
linux-packages	Verify packaged notices	2026-09-22T20:00:00.7967616Z   Downloaded crossbeam-deque v0.8.7
linux-packages	Verify packaged notices	2026-09-22T20:00:00.7967970Z   Downloaded filetime v0.2.29
linux-packages	Verify packaged notices	2026-09-22T20:00:00.7968297Z   Downloaded ntapi v0.4.3
linux-packages	Verify packaged notices	2026-09-22T20:00:00.7968654Z   Downloaded rustls-pki-types v1.15.1
linux-packages	Verify packaged notices	2026-09-22T20:00:00.7969048Z   Downloaded crossbeam-epoch v0.9.20
linux-packages	Verify packaged notices	2026-09-22T20:00:00.7969631Z   Downloaded objc2-cloud-kit v0.3.2
linux-packages	Verify packaged notices	2026-09-22T20:00:00.7969988Z   Downloaded windows-link v0.1.3
linux-packages	Verify packaged notices	2026-09-22T20:00:00.7970550Z   Downloaded windows-result v0.4.1
linux-packages	Verify packaged notices	2026-09-22T20:00:00.7970931Z   Downloaded crossbeam-utils v0.8.22
linux-packages	Verify packaged notices	2026-09-22T20:00:00.7971390Z   Downloaded cssparser v0.36.0
linux-packages	Verify packaged notices	2026-09-22T20:00:00.7971726Z   Downloaded defmt v1.1.1
linux-packages	Verify packaged notices	2026-09-22T20:00:00.7972065Z   Downloaded bytes v1.12.1
linux-packages	Verify packaged notices	2026-09-22T20:00:00.7972420Z   Downloaded core-foundation v0.10.1
linux-packages	Verify packaged notices	2026-09-22T20:00:00.7972782Z   Downloaded crc32fast v1.5.1
linux-packages	Verify packaged notices	2026-09-22T20:00:00.7973107Z   Downloaded dbus v0.9.12
linux-packages	Verify packaged notices	2026-09-22T20:00:00.7973430Z   Downloaded urlpattern v0.3.0
linux-packages	Verify packaged notices	2026-09-22T20:00:00.7973780Z   Downloaded webview2-com v0.38.2
linux-packages	Verify packaged notices	2026-09-22T20:00:00.7974112Z   Downloaded cfb v0.7.3
linux-packages	Verify packaged notices	2026-09-22T20:00:00.7974442Z   Downloaded darling_core v0.23.0
linux-packages	Verify packaged notices	2026-09-22T20:00:00.7974803Z   Downloaded windows-targets v0.53.5
linux-packages	Verify packaged notices	2026-09-22T20:00:00.7975312Z   Downloaded objc2-core-image v0.3.2
linux-packages	Verify packaged notices	2026-09-22T20:00:00.7975850Z   Downloaded objc2-core-location v0.3.2
linux-packages	Verify packaged notices	2026-09-22T20:00:00.7976211Z   Downloaded pango-sys v0.18.0
linux-packages	Verify packaged notices	2026-09-22T20:00:00.7976578Z   Downloaded unicode-ident v1.0.24
linux-packages	Verify packaged notices	2026-09-22T20:00:00.7976934Z   Downloaded windows-core v0.61.2
linux-packages	Verify packaged notices	2026-09-22T20:00:00.7977334Z   Downloaded android_system_properties v0.1.6
linux-packages	Verify packaged notices	2026-09-22T20:00:00.7977696Z   Downloaded cc v1.4.4
linux-packages	Verify packaged notices	2026-09-22T20:00:00.7978051Z   Downloaded crossbeam-channel v0.5.16
linux-packages	Verify packaged notices	2026-09-22T20:00:00.7978395Z   Downloaded muda v0.19.3
linux-packages	Verify packaged notices	2026-09-22T20:00:00.7978732Z   Downloaded num_enum_derive v0.7.6
linux-packages	Verify packaged notices	2026-09-22T20:00:00.7979097Z   Downloaded ordered-stream v0.2.0
linux-packages	Verify packaged notices	2026-09-22T20:00:00.7979452Z   Downloaded async-signal v0.2.14
linux-packages	Verify packaged notices	2026-09-22T20:00:00.7979822Z   Downloaded bumpalo v3.20.3
linux-packages	Verify packaged notices	2026-09-22T20:00:00.7980156Z   Downloaded combine v4.6.8
linux-packages	Verify packaged notices	2026-09-22T20:00:00.7980510Z   Downloaded derive_more-impl v2.1.1
linux-packages	Verify packaged notices	2026-09-22T20:00:00.7980862Z   Downloaded dom_query v0.27.0
linux-packages	Verify packaged notices	2026-09-22T20:00:00.7981376Z   Downloaded brotli-decompressor v5.0.3
linux-packages	Verify packaged notices	2026-09-22T20:00:00.7981741Z   Downloaded chrono v0.4.45
linux-packages	Verify packaged notices	2026-09-22T20:00:00.7982090Z   Downloaded proc-macro-crate v2.0.2
linux-packages	Verify packaged notices	2026-09-22T20:00:00.7982463Z   Downloaded zvariant_derive v5.15.0
linux-packages	Verify packaged notices	2026-09-22T20:00:00.7982827Z   Downloaded gdkwayland-sys v0.18.2
linux-packages	Verify packaged notices	2026-09-22T20:00:00.7983194Z   Downloaded objc2-osa-kit v0.3.2
linux-packages	Verify packaged notices	2026-09-22T20:00:00.7983542Z   Downloaded phf_shared v0.13.1
linux-packages	Verify packaged notices	2026-09-22T20:00:00.7983876Z   Downloaded winreg v0.55.0
linux-packages	Verify packaged notices	2026-09-22T20:00:00.7984208Z   Downloaded writeable v0.6.4
linux-packages	Verify packaged notices	2026-09-22T20:00:00.7984549Z   Downloaded futures-core v0.3.34
linux-packages	Verify packaged notices	2026-09-22T20:00:00.7984915Z   Downloaded percent-encoding v2.3.2
linux-packages	Verify packaged notices	2026-09-22T20:00:00.7985501Z   Downloaded proc-macro-error-attr v1.0.4
linux-packages	Verify packaged notices	2026-09-22T20:00:00.7985873Z   Downloaded osakit v0.3.1
linux-packages	Verify packaged notices	2026-09-22T20:00:00.7986199Z   Downloaded same-file v1.0.6
linux-packages	Verify packaged notices	2026-09-22T20:00:00.7986541Z   Downloaded itoa v1.0.18
linux-packages	Verify packaged notices	2026-09-22T20:00:00.7986879Z   Downloaded gobject-sys v0.18.0
linux-packages	Verify packaged notices	2026-09-22T20:00:00.7987243Z   Downloaded objc2-core-text v0.3.2
linux-packages	Verify packaged notices	2026-09-22T20:00:00.7987605Z   Downloaded objc2-encode v4.1.0
linux-packages	Verify packaged notices	2026-09-22T20:00:00.7987948Z   Downloaded phf v0.13.1
linux-packages	Verify packaged notices	2026-09-22T20:00:00.7988285Z   Downloaded prost-derive v0.13.5
linux-packages	Verify packaged notices	2026-09-22T20:00:00.7988625Z   Downloaded parking v2.2.1
linux-packages	Verify packaged notices	2026-09-22T20:00:00.7988962Z   Downloaded ref-cast v1.0.27
linux-packages	Verify packaged notices	2026-09-22T20:00:00.7989318Z   Downloaded precomputed-hash v0.1.1
linux-packages	Verify packaged notices	2026-09-22T20:00:00.7989674Z   Downloaded wit-bindgen v0.57.1
linux-packages	Verify packaged notices	2026-09-22T20:00:00.7990190Z   Downloaded string_cache_codegen v0.6.1
linux-packages	Verify packaged notices	2026-09-22T20:00:00.7990557Z   Downloaded winapi-util v0.1.11
linux-packages	Verify packaged notices	2026-09-22T20:00:00.7990924Z   Downloaded windows-interface v0.59.3
linux-packages	Verify packaged notices	2026-09-22T20:00:00.7991281Z   Downloaded gdkx11 v0.18.2
linux-packages	Verify packaged notices	2026-09-22T20:00:00.7991697Z   Downloaded gtk3-macros v0.18.2
linux-packages	Verify packaged notices	2026-09-22T20:00:00.7992034Z   Downloaded parking_lot v0.12.5
linux-packages	Verify packaged notices	2026-09-22T20:00:00.7992359Z   Downloaded pango v0.18.3
linux-packages	Verify packaged notices	2026-09-22T20:00:00.7992693Z   Downloaded phf_codegen v0.13.1
linux-packages	Verify packaged notices	2026-09-22T20:00:00.7993046Z   Downloaded windows-version v0.1.7
linux-packages	Verify packaged notices	2026-09-22T20:00:00.7993413Z   Downloaded objc2-quartz-core v0.3.2
linux-packages	Verify packaged notices	2026-09-22T20:00:00.7993777Z   Downloaded pkg-config v0.3.34
linux-packages	Verify packaged notices	2026-09-22T20:00:00.7994138Z   Downloaded raw-window-handle v0.6.2
linux-packages	Verify packaged notices	2026-09-22T20:00:00.7994480Z   Downloaded piper v0.2.5
linux-packages	Verify packaged notices	2026-09-22T20:00:00.7994809Z   Downloaded prost v0.13.5
linux-packages	Verify packaged notices	2026-09-22T20:00:00.7995234Z   Downloaded rand_core v0.10.1
linux-packages	Verify packaged notices	2026-09-22T20:00:00.7995626Z   Downloaded gdk-pixbuf v0.18.5
linux-packages	Verify packaged notices	2026-09-22T20:00:00.7995971Z   Downloaded powerfmt v0.2.0
linux-packages	Verify packaged notices	2026-09-22T20:00:00.7996316Z   Downloaded tokio-rustls v0.26.4
linux-packages	Verify packaged notices	2026-09-22T20:00:00.7996664Z   Downloaded html5ever v0.38.0
linux-packages	Verify packaged notices	2026-09-22T20:00:00.7997002Z   Downloaded polling v3.11.0
linux-packages	Verify packaged notices	2026-09-22T20:00:00.7997332Z   Downloaded quinn-udp v0.5.15
linux-packages	Verify packaged notices	2026-09-22T20:00:00.7997666Z   Downloaded option-ext v0.2.0
linux-packages	Verify packaged notices	2026-09-22T20:00:00.7998014Z   Downloaded phf_generator v0.13.1
linux-packages	Verify packaged notices	2026-09-22T20:00:00.7998381Z   Downloaded redox_syscall v0.5.18
linux-packages	Verify packaged notices	2026-09-22T20:00:00.7998716Z   Downloaded zerotrie v0.2.5
linux-packages	Verify packaged notices	2026-09-22T20:00:00.7999080Z   Downloaded iana-time-zone-haiku v0.1.2
linux-packages	Verify packaged notices	2026-09-22T20:00:00.7999448Z   Downloaded jiff-static v0.2.35
linux-packages	Verify packaged notices	2026-09-22T20:00:00.7999802Z   Downloaded objc2-core-data v0.3.2
linux-packages	Verify packaged notices	2026-09-22T20:00:00.8000166Z   Downloaded objc2-io-surface v0.3.2
linux-packages	Verify packaged notices	2026-09-22T20:00:00.8000545Z   Downloaded pin-project-lite v0.2.17
linux-packages	Verify packaged notices	2026-09-22T20:00:00.8000898Z   Downloaded redox_users v0.5.2
linux-packages	Verify packaged notices	2026-09-22T20:00:00.8001235Z   Downloaded rustc-hash v2.1.3
linux-packages	Verify packaged notices	2026-09-22T20:00:00.8001584Z   Downloaded rustversion v1.0.23
linux-packages	Verify packaged notices	2026-09-22T20:00:00.8001915Z   Downloaded semver v1.0.28
linux-packages	Verify packaged notices	2026-09-22T20:00:00.8002241Z   Downloaded soup3-sys v0.5.0
linux-packages	Verify packaged notices	2026-09-22T20:00:00.8002562Z   Downloaded try-lock v0.2.5
linux-packages	Verify packaged notices	2026-09-22T20:00:00.8002898Z   Downloaded zvariant v5.15.0
linux-packages	Verify packaged notices	2026-09-22T20:00:00.8003236Z   Downloaded rustc_version v0.4.1
linux-packages	Verify packaged notices	2026-09-22T20:00:00.8003626Z   Downloaded security-framework-sys v2.17.0
linux-packages	Verify packaged notices	2026-09-22T20:00:00.8004073Z   Downloaded serialize-to-javascript-impl v0.1.2
linux-packages	Verify packaged notices	2026-09-22T20:00:00.8004458Z   Downloaded servo_arc v0.4.3
linux-packages	Verify packaged notices	2026-09-22T20:00:00.8004857Z   Downloaded tauri-plugin-single-instance v2.4.4
linux-packages	Verify packaged notices	2026-09-22T20:00:00.8005368Z   Downloaded utf8_iter v1.0.4
linux-packages	Verify packaged notices	2026-09-22T20:00:00.8005713Z   Downloaded infer v0.19.0
linux-packages	Verify packaged notices	2026-09-22T20:00:00.8006062Z   Downloaded parking_lot_core v0.9.12
linux-packages	Verify packaged notices	2026-09-22T20:00:00.8006420Z   Downloaded quote v1.0.47
linux-packages	Verify packaged notices	2026-09-22T20:00:00.8006840Z   Downloaded rustls-platform-verifier-android v0.1.1
linux-packages	Verify packaged notices	2026-09-22T20:00:00.8007280Z   Downloaded portable-atomic-util v0.2.7
linux-packages	Verify packaged notices	2026-09-22T20:00:00.8007666Z   Downloaded ref-cast-impl v1.0.27
linux-packages	Verify packaged notices	2026-09-22T20:00:00.8008040Z   Downloaded rustls-native-certs v0.8.4
linux-packages	Verify packaged notices	2026-09-22T20:00:00.8008583Z   Downloaded proc-macro-crate v3.5.0
linux-packages	Verify packaged notices	2026-09-22T20:00:00.8009108Z   Downloaded once_cell v1.21.4
linux-packages	Verify packaged notices	2026-09-22T20:00:00.8009602Z   Downloaded plist v1.10.0
linux-packages	Verify packaged notices	2026-09-22T20:00:00.8010450Z   Downloaded rand_pcg v0.10.2
linux-packages	Verify packaged notices	2026-09-22T20:00:00.8011140Z   Downloaded lock_api v0.4.14
linux-packages	Verify packaged notices	2026-09-22T20:00:00.8011709Z   Downloaded objc2-core-graphics v0.3.2
linux-packages	Verify packaged notices	2026-09-22T20:00:00.8012236Z   Downloaded r-efi v6.0.0
linux-packages	Verify packaged notices	2026-09-22T20:00:00.8012749Z   Downloaded wasm-streams v0.5.0
linux-packages	Verify packaged notices	2026-09-22T20:00:00.8013368Z   Downloaded zerovec v0.11.8
linux-packages	Verify packaged notices	2026-09-22T20:00:00.8013886Z   Downloaded zvariant_utils v4.2.0
linux-packages	Verify packaged notices	2026-09-22T20:00:00.8014390Z   Downloaded getrandom v0.2.17
linux-packages	Verify packaged notices	2026-09-22T20:00:00.8015516Z   Downloaded openssl-probe v0.2.1
linux-packages	Verify packaged notices	2026-09-22T20:00:00.8016102Z   Downloaded proc-macro-error v1.0.4
linux-packages	Verify packaged notices	2026-09-22T20:00:00.8016631Z   Downloaded scopeguard v1.2.0
linux-packages	Verify packaged notices	2026-09-22T20:00:00.8017151Z   Downloaded jiff-tzdb v0.1.8
linux-packages	Verify packaged notices	2026-09-22T20:00:00.8017605Z   Downloaded schannel v0.1.29
linux-packages	Verify packaged notices	2026-09-22T20:00:00.8017942Z   Downloaded schemars v0.8.22
linux-packages	Verify packaged notices	2026-09-22T20:00:00.8018261Z   Downloaded winnow v0.5.40
linux-packages	Verify packaged notices	2026-09-22T20:00:00.8018634Z   Downloaded async-executor v1.14.0
linux-packages	Verify packaged notices	2026-09-22T20:00:00.8019009Z   Downloaded proc-macro2 v1.0.107
linux-packages	Verify packaged notices	2026-09-22T20:00:00.8019346Z   Downloaded r-efi v5.3.0
linux-packages	Verify packaged notices	2026-09-22T20:00:00.8019675Z   Downloaded open v5.4.2
linux-packages	Verify packaged notices	2026-09-22T20:00:00.8020002Z   Downloaded png v0.17.16
linux-packages	Verify packaged notices	2026-09-22T20:00:00.8020369Z   Downloaded javascriptcore-rs v1.1.2
linux-packages	Verify packaged notices	2026-09-22T20:00:00.8020774Z   Downloaded javascriptcore-rs-sys v1.1.1
linux-packages	Verify packaged notices	2026-09-22T20:00:00.8021127Z   Downloaded rfd v0.16.0
linux-packages	Verify packaged notices	2026-09-22T20:00:00.8021474Z   Downloaded stable_deref_trait v1.2.1
linux-packages	Verify packaged notices	2026-09-22T20:00:00.8021824Z   Downloaded quinn v0.11.11
linux-packages	Verify packaged notices	2026-09-22T20:00:00.8022224Z   Downloaded markup5ever v0.38.0
linux-packages	Verify packaged notices	2026-09-22T20:00:00.8022727Z   Downloaded rayon-core v1.13.0
linux-packages	Verify packaged notices	2026-09-22T20:00:00.8023134Z   Downloaded rustls-platform-verifier v0.7.0
linux-packages	Verify packaged notices	2026-09-22T20:00:00.8023516Z   Downloaded ryu v1.0.23
linux-packages	Verify packaged notices	2026-09-22T20:00:00.8023835Z   Downloaded schemars v0.9.0
linux-packages	Verify packaged notices	2026-09-22T20:00:00.8024218Z   Downloaded serialize-to-javascript v0.1.2
linux-packages	Verify packaged notices	2026-09-22T20:00:00.8024621Z   Downloaded windows-interface v0.57.0
linux-packages	Verify packaged notices	2026-09-22T20:00:00.8024990Z   Downloaded windows-link v0.2.1
linux-packages	Verify packaged notices	2026-09-22T20:00:00.8025567Z   Downloaded windows-numerics v0.2.0
linux-packages	Verify packaged notices	2026-09-22T20:00:00.8025941Z   Downloaded web_atoms v0.2.6
linux-packages	Verify packaged notices	2026-09-22T20:00:00.8026265Z   Downloaded log v0.4.34
linux-packages	Verify packaged notices	2026-09-22T20:00:00.8026629Z   Downloaded objc2-core-foundation v0.3.2
linux-packages	Verify packaged notices	2026-09-22T20:00:00.8027011Z   Downloaded objc2-web-kit v0.3.2
linux-packages	Verify packaged notices	2026-09-22T20:00:00.8027343Z   Downloaded png v0.18.1
linux-packages	Verify packaged notices	2026-09-22T20:00:00.8027652Z   Downloaded rand v0.10.2
linux-packages	Verify packaged notices	2026-09-22T20:00:00.8027982Z   Downloaded serde_core v1.0.229
linux-packages	Verify packaged notices	2026-09-22T20:00:00.8028315Z   Downloaded url v2.5.8
linux-packages	Verify packaged notices	2026-09-22T20:00:00.8028642Z   Downloaded getrandom v0.3.4
linux-packages	Verify packaged notices	2026-09-22T20:00:00.8028995Z   Downloaded is-wsl v0.4.0
linux-packages	Verify packaged notices	2026-09-22T20:00:00.8029482Z   Downloaded rustls-webpki v0.103.15
linux-packages	Verify packaged notices	2026-09-22T20:00:00.8029956Z   Downloaded selectors v0.36.1
linux-packages	Verify packaged notices	2026-09-22T20:00:00.8030418Z   Downloaded tauri-macros v2.6.3
linux-packages	Verify packaged notices	2026-09-22T20:00:00.8030955Z   Downloaded windows-implement v0.57.0
linux-packages	Verify packaged notices	2026-09-22T20:00:00.8031523Z   Downloaded atomic-waker v1.1.2
linux-packages	Verify packaged notices	2026-09-22T20:00:00.8032049Z   Downloaded futures-io v0.3.34
linux-packages	Verify packaged notices	2026-09-22T20:00:00.8032577Z   Downloaded gdkx11-sys v0.18.2
linux-packages	Verify packaged notices	2026-09-22T20:00:00.8033079Z   Downloaded winreg v0.52.0
linux-packages	Verify packaged notices	2026-09-22T20:00:00.8033599Z   Downloaded gdk-sys v0.18.2
linux-packages	Verify packaged notices	2026-09-22T20:00:00.8034096Z   Downloaded hashbrown v0.12.3
linux-packages	Verify packaged notices	2026-09-22T20:00:00.8034622Z   Downloaded jni-macros v0.22.4
linux-packages	Verify packaged notices	2026-09-22T20:00:00.8035105Z   Downloaded reqwest v0.13.4
linux-packages	Verify packaged notices	2026-09-22T20:00:00.8035868Z   Downloaded tauri-plugin v2.6.3
linux-packages	Verify packaged notices	2026-09-22T20:00:00.8036375Z   Downloaded x11 v2.21.0
linux-packages	Verify packaged notices	2026-09-22T20:00:00.8036885Z   Downloaded generic-array v0.14.7
linux-packages	Verify packaged notices	2026-09-22T20:00:00.8037597Z   Downloaded reqwest v0.12.28
linux-packages	Verify packaged notices	2026-09-22T20:00:00.8038354Z   Downloaded toml v0.8.2
linux-packages	Verify packaged notices	2026-09-22T20:00:00.8038902Z   Downloaded windows-threading v0.1.0
linux-packages	Verify packaged notices	2026-09-22T20:00:00.8039476Z   Downloaded async-recursion v1.1.1
linux-packages	Verify packaged notices	2026-09-22T20:00:00.8040003Z   Downloaded winnow v1.0.4
linux-packages	Verify packaged notices	2026-09-22T20:00:00.8040550Z   Downloaded portable-atomic v1.15.0
linux-packages	Verify packaged notices	2026-09-22T20:00:00.8041077Z   Downloaded rayon v1.12.0
linux-packages	Verify packaged notices	2026-09-22T20:00:00.8041581Z   Downloaded regex v1.13.1
linux-packages	Verify packaged notices	2026-09-22T20:00:00.8042121Z   Downloaded serde_with_macros v3.22.0
linux-packages	Verify packaged notices	2026-09-22T20:00:00.8042984Z   Downloaded unic-common v0.9.0
linux-packages	Verify packaged notices	2026-09-22T20:00:00.8043496Z   Downloaded zerofrom v0.1.8
linux-packages	Verify packaged notices	2026-09-22T20:00:00.8044078Z   Downloaded icu_properties_data v2.3.0
linux-packages	Verify packaged notices	2026-09-22T20:00:00.8044677Z   Downloaded objc2 v0.6.4
linux-packages	Verify packaged notices	2026-09-22T20:00:00.8045036Z   Downloaded quinn-proto v0.11.17
linux-packages	Verify packaged notices	2026-09-22T20:00:00.8045571Z   Downloaded aho-corasick v1.1.5
linux-packages	Verify packaged notices	2026-09-22T20:00:00.8045921Z   Downloaded zmij v1.0.23
linux-packages	Verify packaged notices	2026-09-22T20:00:00.8046245Z   Downloaded lru-slab v0.1.2
linux-packages	Verify packaged notices	2026-09-22T20:00:00.8046595Z   Downloaded serde_with v3.22.0
linux-packages	Verify packaged notices	2026-09-22T20:00:00.8046940Z   Downloaded string_cache v0.9.0
linux-packages	Verify packaged notices	2026-09-22T20:00:00.8047293Z   Downloaded tinyvec_macros v0.1.1
linux-packages	Verify packaged notices	2026-09-22T20:00:00.8047668Z   Downloaded iana-time-zone v0.1.65
linux-packages	Verify packaged notices	2026-09-22T20:00:00.8048015Z   Downloaded indexmap v2.14.1
linux-packages	Verify packaged notices	2026-09-22T20:00:00.8048356Z   Downloaded json-patch v3.0.1
linux-packages	Verify packaged notices	2026-09-22T20:00:00.8048711Z   Downloaded objc2-app-kit v0.3.2
linux-packages	Verify packaged notices	2026-09-22T20:00:00.8049064Z   Downloaded quick-xml v0.41.0
linux-packages	Verify packaged notices	2026-09-22T20:00:00.8049398Z   Downloaded simdutf8 v0.1.5
linux-packages	Verify packaged notices	2026-09-22T20:00:00.8049718Z   Downloaded soup3 v0.5.0
linux-packages	Verify packaged notices	2026-09-22T20:00:00.8050079Z   Downloaded unic-char-property v0.9.0
linux-packages	Verify packaged notices	2026-09-22T20:00:00.8050425Z   Downloaded uuid v1.11.1
linux-packages	Verify packaged notices	2026-09-22T20:00:00.8050770Z   Downloaded version-compare v0.2.1
linux-packages	Verify packaged notices	2026-09-22T20:00:00.8051136Z   Downloaded webpki-roots v1.0.9
linux-packages	Verify packaged notices	2026-09-22T20:00:00.8051495Z   Downloaded windows-result v0.3.4
linux-packages	Verify packaged notices	2026-09-22T20:00:00.8051856Z   Downloaded zerofrom-derive v0.1.7
linux-packages	Verify packaged notices	2026-09-22T20:00:00.8052201Z   Downloaded http v1.5.0
linux-packages	Verify packaged notices	2026-09-22T20:00:00.8052558Z   Downloaded toml v0.9.12+spec-1.1.0
linux-packages	Verify packaged notices	2026-09-22T20:00:00.8052909Z   Downloaded softbuffer v0.4.8
linux-packages	Verify packaged notices	2026-09-22T20:00:00.8053289Z   Downloaded tauri-plugin-updater v2.10.1
linux-packages	Verify packaged notices	2026-09-22T20:00:00.8053656Z   Downloaded zeroize v1.9.0
linux-packages	Verify packaged notices	2026-09-22T20:00:00.8054009Z   Downloaded futures-executor v0.3.34
linux-packages	Verify packaged notices	2026-09-22T20:00:00.8054359Z   Downloaded litemap v0.8.3
linux-packages	Verify packaged notices	2026-09-22T20:00:00.8054686Z   Downloaded tinystr v0.8.4
linux-packages	Verify packaged notices	2026-09-22T20:00:00.8055019Z   Downloaded tower-layer v0.3.3
linux-packages	Verify packaged notices	2026-09-22T20:00:00.8055627Z   Downloaded futures-lite v2.6.1
linux-packages	Verify packaged notices	2026-09-22T20:00:00.8056024Z   Downloaded libappindicator-sys v0.9.0
linux-packages	Verify packaged notices	2026-09-22T20:00:00.8056381Z   Downloaded libloading v0.8.9
linux-packages	Verify packaged notices	2026-09-22T20:00:00.8056710Z   Downloaded libredox v0.1.21
linux-packages	Verify packaged notices	2026-09-22T20:00:00.8057076Z   Downloaded tauri-plugin-opener v2.5.4
linux-packages	Verify packaged notices	2026-09-22T20:00:00.8057424Z   Downloaded indexmap v1.9.3
linux-packages	Verify packaged notices	2026-09-22T20:00:00.8057772Z   Downloaded objc2-foundation v0.3.2
linux-packages	Verify packaged notices	2026-09-22T20:00:00.8058128Z   Downloaded smallvec v1.15.2
linux-packages	Verify packaged notices	2026-09-22T20:00:00.8058463Z   Downloaded time-macros v0.2.32
linux-packages	Verify packaged notices	2026-09-22T20:00:00.8058818Z   Downloaded futures-sink v0.3.34
linux-packages	Verify packaged notices	2026-09-22T20:00:00.8059298Z   Downloaded zopfli v0.8.3
linux-packages	Verify packaged notices	2026-09-22T20:00:00.8059646Z   Downloaded simd-adler32 v0.3.10
linux-packages	Verify packaged notices	2026-09-22T20:00:00.8059989Z   Downloaded libloading v0.7.4
linux-packages	Verify packaged notices	2026-09-22T20:00:00.8060316Z   Downloaded rustls v0.23.43
linux-packages	Verify packaged notices	2026-09-22T20:00:00.8060750Z   Downloaded synstructure v0.13.2
linux-packages	Verify packaged notices	2026-09-22T20:00:00.8061088Z   Downloaded async-task v4.7.1
linux-packages	Verify packaged notices	2026-09-22T20:00:00.8061423Z   Downloaded zbus_names v4.3.4
linux-packages	Verify packaged notices	2026-09-22T20:00:00.8061771Z   Downloaded regex-syntax v0.8.11
linux-packages	Verify packaged notices	2026-09-22T20:00:00.8062113Z   Downloaded webkit2gtk v2.0.2
linux-packages	Verify packaged notices	2026-09-22T20:00:00.8062465Z   Downloaded zerovec-derive v0.11.6
linux-packages	Verify packaged notices	2026-09-22T20:00:00.8062806Z   Downloaded rustix v1.1.4
linux-packages	Verify packaged notices	2026-09-22T20:00:00.8063164Z   Downloaded security-framework v3.7.0
linux-packages	Verify packaged notices	2026-09-22T20:00:00.8063512Z   Downloaded tinyvec v1.12.0
linux-packages	Verify packaged notices	2026-09-22T20:00:00.8063834Z   Downloaded syn v1.0.109
linux-packages	Verify packaged notices	2026-09-22T20:00:00.8064158Z   Downloaded tar v0.4.46
linux-packages	Verify packaged notices	2026-09-22T20:00:00.8064473Z   Downloaded want v0.3.1
linux-packages	Verify packaged notices	2026-09-22T20:00:00.8064915Z   Downloaded wasm-bindgen-futures v0.4.77
linux-packages	Verify packaged notices	2026-09-22T20:00:00.8065697Z   Downloaded web-time v1.1.0
linux-packages	Verify packaged notices	2026-09-22T20:00:00.8066100Z   Downloaded windows_aarch64_gnullvm v0.48.5
linux-packages	Verify packaged notices	2026-09-22T20:00:00.8066455Z   Downloaded wry v0.55.1
linux-packages	Verify packaged notices	2026-09-22T20:00:00.8066786Z   Downloaded memoffset v0.9.1
linux-packages	Verify packaged notices	2026-09-22T20:00:00.8067109Z   Downloaded ndk v0.9.0
linux-packages	Verify packaged notices	2026-09-22T20:00:00.8067466Z   Downloaded tracing-attributes v0.1.31
linux-packages	Verify packaged notices	2026-09-22T20:00:00.8067825Z   Downloaded typenum v1.20.1
linux-packages	Verify packaged notices	2026-09-22T20:00:00.8068174Z   Downloaded unic-ucd-version v0.9.0
linux-packages	Verify packaged notices	2026-09-22T20:00:00.8068598Z   Downloaded wasi v0.11.1+wasi-snapshot-preview1
linux-packages	Verify packaged notices	2026-09-22T20:00:00.8068996Z   Downloaded webkit2gtk-sys v2.0.2
linux-packages	Verify packaged notices	2026-09-22T20:00:00.8069371Z   Downloaded webpki-root-certs v1.0.9
linux-packages	Verify packaged notices	2026-09-22T20:00:00.8069748Z   Downloaded windows-result v0.1.2
linux-packages	Verify packaged notices	2026-09-22T20:00:00.8070095Z   Downloaded async-trait v0.1.92
linux-packages	Verify packaged notices	2026-09-22T20:00:00.8070445Z   Downloaded toml_edit v0.19.15
linux-packages	Verify packaged notices	2026-09-22T20:00:00.8070770Z   Downloaded gdk v0.18.2
linux-packages	Verify packaged notices	2026-09-22T20:00:00.8071105Z   Downloaded http-body-util v0.1.5
linux-packages	Verify packaged notices	2026-09-22T20:00:00.8071483Z   Downloaded tauri-plugin-dialog v2.7.2
linux-packages	Verify packaged notices	2026-09-22T20:00:00.8071848Z   Downloaded futures-task v0.3.34
linux-packages	Verify packaged notices	2026-09-22T20:00:00.8072183Z   Downloaded anyhow v1.0.104
linux-packages	Verify packaged notices	2026-09-22T20:00:00.8072523Z   Downloaded yoke-derive v0.8.2
linux-packages	Verify packaged notices	2026-09-22T20:00:00.8072855Z   Downloaded jiff-core v0.1.0
linux-packages	Verify packaged notices	2026-09-22T20:00:00.8073191Z   Downloaded objc2-ui-kit v0.3.2
linux-packages	Verify packaged notices	2026-09-22T20:00:00.8073602Z   Downloaded wasm-bindgen-macro-support v0.2.127
linux-packages	Verify packaged notices	2026-09-22T20:00:00.8073977Z   Downloaded zlib-rs v0.6.7
linux-packages	Verify packaged notices	2026-09-22T20:00:00.8074322Z   Downloaded windows-future v0.2.1
linux-packages	Verify packaged notices	2026-09-22T20:00:00.8074647Z   Downloaded mio v1.2.2
linux-packages	Verify packaged notices	2026-09-22T20:00:00.8074969Z   Downloaded tower v0.5.3
linux-packages	Verify packaged notices	2026-09-22T20:00:00.8075461Z   Downloaded wasm-bindgen-macro v0.2.127
linux-packages	Verify packaged notices	2026-09-22T20:00:00.8075849Z   Downloaded regex-automata v0.4.18
linux-packages	Verify packaged notices	2026-09-22T20:00:00.8076202Z   Downloaded http-body v1.1.0
linux-packages	Verify packaged notices	2026-09-22T20:00:00.8076532Z   Downloaded js-sys v0.3.104
linux-packages	Verify packaged notices	2026-09-22T20:00:00.8076857Z   Downloaded memchr v2.8.3
linux-packages	Verify packaged notices	2026-09-22T20:00:00.8077203Z   Downloaded sync_wrapper v1.0.2
linux-packages	Verify packaged notices	2026-09-22T20:00:00.8077533Z   Downloaded zip v4.6.1
linux-packages	Verify packaged notices	2026-09-22T20:00:00.8077855Z   Downloaded thiserror v2.0.20
linux-packages	Verify packaged notices	2026-09-22T20:00:00.8078195Z   Downloaded winnow v0.7.15
linux-packages	Verify packaged notices	2026-09-22T20:00:00.8078522Z   Downloaded is-docker v0.2.0
linux-packages	Verify packaged notices	2026-09-22T20:00:00.8078848Z   Downloaded jsonptr v0.6.3
linux-packages	Verify packaged notices	2026-09-22T20:00:00.8079173Z   Downloaded arbitrary v1.4.2
linux-packages	Verify packaged notices	2026-09-22T20:00:00.8079627Z   Downloaded unic-ucd-ident v0.9.0
linux-packages	Verify packaged notices	2026-09-22T20:00:00.8079967Z   Downloaded atk-sys v0.18.2
linux-packages	Verify packaged notices	2026-09-22T20:00:00.8080295Z   Downloaded tao-macros v0.1.4
linux-packages	Verify packaged notices	2026-09-22T20:00:00.8080659Z   Downloaded thiserror-impl v2.0.20
linux-packages	Verify packaged notices	2026-09-22T20:00:00.8081113Z   Downloaded thiserror-impl v1.0.69
linux-packages	Verify packaged notices	2026-09-22T20:00:00.8081456Z   Downloaded httparse v1.10.1
linux-packages	Verify packaged notices	2026-09-22T20:00:00.8081806Z   Downloaded windows-strings v0.4.2
linux-packages	Verify packaged notices	2026-09-22T20:00:00.8082153Z   Downloaded miniz_oxide v0.9.1
linux-packages	Verify packaged notices	2026-09-22T20:00:00.8082530Z   Downloaded miniz_oxide v0.8.9
linux-packages	Verify packaged notices	2026-09-22T20:00:00.8082870Z   Downloaded thiserror v1.0.69
linux-packages	Verify packaged notices	2026-09-22T20:00:00.8083191Z   Downloaded gtk-sys v0.18.2
linux-packages	Verify packaged notices	2026-09-22T20:00:00.8083501Z   Downloaded zip v2.4.2
linux-packages	Verify packaged notices	2026-09-22T20:00:00.8083807Z   Downloaded jni v0.22.4
linux-packages	Verify packaged notices	2026-09-22T20:00:00.8084156Z   Downloaded windows_i686_msvc v0.48.5
linux-packages	Verify packaged notices	2026-09-22T20:00:00.8084490Z   Downloaded ico v0.5.0
linux-packages	Verify packaged notices	2026-09-22T20:00:00.8084805Z   Downloaded simd_cesu8 v1.2.0
linux-packages	Verify packaged notices	2026-09-22T20:00:00.8085244Z   Downloaded serde_repr v0.1.21
linux-packages	Verify packaged notices	2026-09-22T20:00:00.8085884Z   Downloaded serde_spanned v1.1.1
linux-packages	Verify packaged notices	2026-09-22T20:00:00.8086272Z   Downloaded windows_x86_64_msvc v0.42.2
linux-packages	Verify packaged notices	2026-09-22T20:00:00.8086621Z   Downloaded mime v0.3.17
linux-packages	Verify packaged notices	2026-09-22T20:00:00.8086933Z   Downloaded syn v2.0.119
linux-packages	Verify packaged notices	2026-09-22T20:00:00.8087274Z   Downloaded target-lexicon v0.12.16
linux-packages	Verify packaged notices	2026-09-22T20:00:00.8087619Z   Downloaded tauri v2.11.5
linux-packages	Verify packaged notices	2026-09-22T20:00:00.8087967Z   Downloaded tauri-plugin-fs v2.5.1
linux-packages	Verify packaged notices	2026-09-22T20:00:00.8088316Z   Downloaded tokio-util v0.7.19
linux-packages	Verify packaged notices	2026-09-22T20:00:00.8088658Z   Downloaded toml_datetime v0.6.3
linux-packages	Verify packaged notices	2026-09-22T20:00:00.8089020Z   Downloaded wasm-bindgen v0.2.127
linux-packages	Verify packaged notices	2026-09-22T20:00:00.8089385Z   Downloaded windows-strings v0.5.1
linux-packages	Verify packaged notices	2026-09-22T20:00:00.8089717Z   Downloaded gtk v0.18.2
linux-packages	Verify packaged notices	2026-09-22T20:00:00.8090067Z   Downloaded serde_derive v1.0.229
linux-packages	Verify packaged notices	2026-09-22T20:00:00.8090421Z   Downloaded tauri-runtime v2.11.3
linux-packages	Verify packaged notices	2026-09-22T20:00:00.8090758Z   Downloaded x11-dl v2.21.0
linux-packages	Verify packaged notices	2026-09-22T20:00:00.8091108Z   Downloaded futures-macro v0.3.34
linux-packages	Verify packaged notices	2026-09-22T20:00:00.8091487Z   Downloaded signal-hook-registry v1.4.8
linux-packages	Verify packaged notices	2026-09-22T20:00:00.8091853Z   Downloaded tower-http v0.6.11
linux-packages	Verify packaged notices	2026-09-22T20:00:00.8092210Z   Downloaded tower-service v0.3.3
linux-packages	Verify packaged notices	2026-09-22T20:00:00.8092560Z   Downloaded async-process v2.5.0
linux-packages	Verify packaged notices	2026-09-22T20:00:00.8092946Z   Downloaded windows_x86_64_gnullvm v0.53.1
linux-packages	Verify packaged notices	2026-09-22T20:00:00.8093360Z   Downloaded toml_writer v1.1.2+spec-1.1.0
linux-packages	Verify packaged notices	2026-09-22T20:00:00.8093730Z   Downloaded ipnet v2.12.1
linux-packages	Verify packaged notices	2026-09-22T20:00:00.8094076Z   Downloaded keyboard-types v0.7.0
linux-packages	Verify packaged notices	2026-09-22T20:00:00.8094442Z   Downloaded libappindicator v0.9.0
linux-packages	Verify packaged notices	2026-09-22T20:00:00.8094793Z   Downloaded untrusted v0.9.0
linux-packages	Verify packaged notices	2026-09-22T20:00:00.8095279Z   Downloaded wasm-bindgen-shared v0.2.127
linux-packages	Verify packaged notices	2026-09-22T20:00:00.8095830Z   Downloaded icu_collections v2.3.0
linux-packages	Verify packaged notices	2026-09-22T20:00:00.8096224Z   Downloaded new_debug_unreachable v1.0.6
linux-packages	Verify packaged notices	2026-09-22T20:00:00.8096597Z   Downloaded serde_spanned v0.6.9
linux-packages	Verify packaged notices	2026-09-22T20:00:00.8096946Z   Downloaded idna_adapter v1.2.2
linux-packages	Verify packaged notices	2026-09-22T20:00:00.8097340Z   Downloaded serde_derive_internals v0.29.1
linux-packages	Verify packaged notices	2026-09-22T20:00:00.8097701Z   Downloaded jni-sys v0.3.1
linux-packages	Verify packaged notices	2026-09-22T20:00:00.8098026Z   Downloaded schemars v1.2.2
linux-packages	Verify packaged notices	2026-09-22T20:00:00.8098361Z   Downloaded ident_case v1.0.1
linux-packages	Verify packaged notices	2026-09-22T20:00:00.8098684Z   Downloaded jni-sys v0.4.1
linux-packages	Verify packaged notices	2026-09-22T20:00:00.8099032Z   Downloaded serde_urlencoded v0.7.1
linux-packages	Verify packaged notices	2026-09-22T20:00:00.8099532Z   Downloaded toml_parser v1.1.3+spec-1.1.0
linux-packages	Verify packaged notices	2026-09-22T20:00:00.8099959Z   Downloaded async-lock v3.4.2
linux-packages	Verify packaged notices	2026-09-22T20:00:00.8100316Z   Downloaded toml v1.1.4+spec-1.1.0
linux-packages	Verify packaged notices	2026-09-22T20:00:00.8100669Z   Downloaded tracing-core v0.1.36
linux-packages	Verify packaged notices	2026-09-22T20:00:00.8101073Z   Downloaded atk v0.18.2
linux-packages	Verify packaged notices	2026-09-22T20:00:00.8101423Z   Downloaded gdk-pixbuf-sys v0.18.0
linux-packages	Verify packaged notices	2026-09-22T20:00:00.8101756Z   Downloaded glib v0.18.5
linux-packages	Verify packaged notices	2026-09-22T20:00:00.8102092Z   Downloaded serde-untagged v0.1.9
linux-packages	Verify packaged notices	2026-09-22T20:00:00.8102472Z   Downloaded windows-collections v0.2.0
linux-packages	Verify packaged notices	2026-09-22T20:00:00.8102825Z   Downloaded tray-icon v0.24.2
linux-packages	Verify packaged notices	2026-09-22T20:00:00.8103189Z   Downloaded wasip2 v1.0.4+wasi-0.2.12
linux-packages	Verify packaged notices	2026-09-22T20:00:00.8103553Z   Downloaded async-channel v2.5.0
linux-packages	Verify packaged notices	2026-09-22T20:00:00.8103954Z   Downloaded windows_x86_64_gnullvm v0.42.2
linux-packages	Verify packaged notices	2026-09-22T20:00:00.8104310Z   Downloaded ring v0.17.14
linux-packages	Verify packaged notices	2026-09-22T20:00:00.8104664Z   Downloaded jiff-tzdb-platform v0.1.3
linux-packages	Verify packaged notices	2026-09-22T20:00:00.8105025Z   Downloaded async-io v2.6.0
linux-packages	Verify packaged notices	2026-09-22T20:00:00.8105555Z   Downloaded getrandom v0.4.3
linux-packages	Verify packaged notices	2026-09-22T20:00:00.8105954Z   Downloaded toml_datetime v1.1.1+spec-1.1.0
linux-packages	Verify packaged notices	2026-09-22T20:00:00.8106325Z   Downloaded subtle v2.6.1
linux-packages	Verify packaged notices	2026-09-22T20:00:00.8106644Z   Downloaded sha2 v0.10.9
linux-packages	Verify packaged notices	2026-09-22T20:00:00.8106980Z   Downloaded alloc-stdlib v0.2.4
linux-packages	Verify packaged notices	2026-09-22T20:00:00.8107379Z   Downloaded windows_x86_64_gnullvm v0.48.5
linux-packages	Verify packaged notices	2026-09-22T20:00:00.8107728Z   Downloaded slab v0.4.12
linux-packages	Verify packaged notices	2026-09-22T20:00:00.8108054Z   Downloaded tracing v0.1.44
linux-packages	Verify packaged notices	2026-09-22T20:00:00.8108441Z   Downloaded unicode-segmentation v1.13.3
linux-packages	Verify packaged notices	2026-09-22T20:00:00.8108818Z   Downloaded windows_i686_msvc v0.53.1
linux-packages	Verify packaged notices	2026-09-22T20:00:00.8109170Z   Downloaded icu_provider v2.3.1
linux-packages	Verify packaged notices	2026-09-22T20:00:00.8109532Z   Downloaded ndk-sys v0.6.0+11769913
linux-packages	Verify packaged notices	2026-09-22T20:00:00.8109871Z   Downloaded shlex v2.0.1
linux-packages	Verify packaged notices	2026-09-22T20:00:00.8110188Z   Downloaded strsim v0.11.1
linux-packages	Verify packaged notices	2026-09-22T20:00:00.8110508Z   Downloaded gio-sys v0.18.1
linux-packages	Verify packaged notices	2026-09-22T20:00:00.8110835Z   Downloaded heck v0.5.0
linux-packages	Verify packaged notices	2026-09-22T20:00:00.8111153Z   Downloaded swift-rs v1.0.8
linux-packages	Verify packaged notices	2026-09-22T20:00:00.8111506Z   Downloaded windows-targets v0.52.6
linux-packages	Verify packaged notices	2026-09-22T20:00:00.8111841Z   Downloaded glob v0.3.4
linux-packages	Verify packaged notices	2026-09-22T20:00:00.8112166Z   Downloaded tauri-build v2.6.3
linux-packages	Verify packaged notices	2026-09-22T20:00:00.8112509Z   Downloaded windows-core v0.62.2
linux-packages	Verify packaged notices	2026-09-22T20:00:00.8112875Z   Downloaded windows-targets v0.42.2
linux-packages	Verify packaged notices	2026-09-22T20:00:00.8113215Z   Downloaded tempfile v3.27.0
linux-packages	Verify packaged notices	2026-09-22T20:00:00.8113561Z   Downloaded icu_properties v2.3.0
linux-packages	Verify packaged notices	2026-09-22T20:00:00.8113904Z   Downloaded hermit-abi v0.5.2
linux-packages	Verify packaged notices	2026-09-22T20:00:00.8114248Z   Downloaded siphasher v1.0.3
linux-packages	Verify packaged notices	2026-09-22T20:00:00.8114589Z   Downloaded windows-core v0.57.0
linux-packages	Verify packaged notices	2026-09-22T20:00:00.8114937Z   Downloaded zbus_macros v5.19.0
linux-packages	Verify packaged notices	2026-09-22T20:00:00.8115359Z   Downloaded glib-sys v0.18.1
linux-packages	Verify packaged notices	2026-09-22T20:00:00.8115721Z   Downloaded tauri-codegen v2.6.3
linux-packages	Verify packaged notices	2026-09-22T20:00:00.8116063Z   Downloaded heck v0.4.1
linux-packages	Verify packaged notices	2026-09-22T20:00:00.8116427Z   Downloaded tauri-runtime-wry v2.11.4
linux-packages	Verify packaged notices	2026-09-22T20:00:00.8116776Z   Downloaded hex v0.4.3
linux-packages	Verify packaged notices	2026-09-22T20:00:00.8117093Z   Downloaded syn v3.0.4
linux-packages	Verify packaged notices	2026-09-22T20:00:00.8117431Z   Downloaded toml_edit v0.20.2
linux-packages	Verify packaged notices	2026-09-22T20:00:00.8117821Z   Downloaded toml_edit v0.25.13+spec-1.1.0
linux-packages	Verify packaged notices	2026-09-22T20:00:00.8118206Z   Downloaded uds_windows v1.2.1
linux-packages	Verify packaged notices	2026-09-22T20:00:00.8118636Z   Downloaded async-broadcast v0.7.2
linux-packages	Verify packaged notices	2026-09-22T20:00:00.8119155Z   Downloaded yoke v0.8.3
linux-packages	Verify packaged notices	2026-09-22T20:00:00.8119769Z   Downloaded futures-util v0.3.34
linux-packages	Verify packaged notices	2026-09-22T20:00:00.8120224Z   Downloaded hyper v1.11.1
linux-packages	Verify packaged notices	2026-09-22T20:00:00.8120678Z   Downloaded zcheapstr v1.1.0
linux-packages	Verify packaged notices	2026-09-22T20:00:00.8121099Z   Downloaded sysinfo v0.33.1
linux-packages	Verify packaged notices	2026-09-22T20:00:00.8121668Z   Downloaded icu_normalizer_data v2.3.0
linux-packages	Verify packaged notices	2026-09-22T20:00:00.8122102Z   Downloaded serde v1.0.229
linux-packages	Verify packaged notices	2026-09-22T20:00:00.8122409Z   Downloaded time-core v0.1.9
linux-packages	Verify packaged notices	2026-09-22T20:00:00.8122724Z   Downloaded glib-macros v0.18.5
linux-packages	Verify packaged notices	2026-09-22T20:00:00.8123063Z   Downloaded alloc-no-stdlib v2.0.4
linux-packages	Verify packaged notices	2026-09-22T20:00:00.8123367Z   Downloaded jni v0.21.1
linux-packages	Verify packaged notices	2026-09-22T20:00:00.8123685Z   Downloaded windows_i686_msvc v0.52.6
linux-packages	Verify packaged notices	2026-09-22T20:00:00.8124053Z   Downloaded windows_x86_64_gnullvm v0.52.6
linux-packages	Verify packaged notices	2026-09-22T20:00:00.8124375Z   Downloaded socket2 v0.6.5
linux-packages	Verify packaged notices	2026-09-22T20:00:00.8124688Z   Downloaded hyper-rustls v0.27.9
linux-packages	Verify packaged notices	2026-09-22T20:00:00.8125031Z   Downloaded jni-sys-macros v0.4.1
linux-packages	Verify packaged notices	2026-09-22T20:00:00.8125735Z   Downloaded toml_datetime v0.7.5+spec-1.1.0
linux-packages	Verify packaged notices	2026-09-22T20:00:00.8126135Z   Downloaded windows_x86_64_gnu v0.53.1
linux-packages	Verify packaged notices	2026-09-22T20:00:00.8126496Z   Downloaded hyper-util v0.1.20
linux-packages	Verify packaged notices	2026-09-22T20:00:00.8126847Z   Downloaded serde_json v1.0.151
linux-packages	Verify packaged notices	2026-09-22T20:00:00.8127190Z   Downloaded system-deps v6.2.2
linux-packages	Verify packaged notices	2026-09-22T20:00:00.8127520Z   Downloaded xattr v1.6.1
linux-packages	Verify packaged notices	2026-09-22T20:00:00.8127849Z   Downloaded hashbrown v0.17.1
linux-packages	Verify packaged notices	2026-09-22T20:00:00.8128166Z   Downloaded idna v1.1.0
linux-packages	Verify packaged notices	2026-09-22T20:00:00.8128527Z   Downloaded walkdir v2.5.0
linux-packages	Verify packaged notices	2026-09-22T20:00:00.8128867Z   Downloaded lzma-rust2 v0.20.1
linux-packages	Verify packaged notices	2026-09-22T20:00:00.8129215Z   Downloaded minisign-verify v0.2.5
linux-packages	Verify packaged notices	2026-09-22T20:00:00.8129577Z   Downloaded schemars_derive v0.8.22
linux-packages	Verify packaged notices	2026-09-22T20:00:00.8129919Z   Downloaded tendril v0.5.1
linux-packages	Verify packaged notices	2026-09-22T20:00:00.8130269Z   Downloaded icu_locale_core v2.3.0
linux-packages	Verify packaged notices	2026-09-22T20:00:00.8130605Z   Downloaded itertools v0.14.0
linux-packages	Verify packaged notices	2026-09-22T20:00:00.8130955Z   Downloaded windows-targets v0.48.5
linux-packages	Verify packaged notices	2026-09-22T20:00:00.8131319Z   Downloaded tauri-utils v2.9.3
linux-packages	Verify packaged notices	2026-09-22T20:00:00.8131661Z   Downloaded tauri-winres v0.3.6
linux-packages	Verify packaged notices	2026-09-22T20:00:00.8131986Z   Downloaded time v0.3.55
linux-packages	Verify packaged notices	2026-09-22T20:00:00.8132338Z   Downloaded windows_i686_gnu v0.42.2
linux-packages	Verify packaged notices	2026-09-22T20:00:00.8132680Z   Downloaded brotli v8.0.4
linux-packages	Verify packaged notices	2026-09-22T20:00:00.8133053Z   Downloaded windows_aarch64_gnullvm v0.42.2
linux-packages	Verify packaged notices	2026-09-22T20:00:00.8133411Z   Downloaded gio v0.18.4
linux-packages	Verify packaged notices	2026-09-22T20:00:00.8133728Z   Downloaded web-sys v0.3.104
linux-packages	Verify packaged notices	2026-09-22T20:00:00.8134044Z   Downloaded zbus v5.19.0
linux-packages	Verify packaged notices	2026-09-22T20:00:00.8134414Z   Downloaded windows_aarch64_gnullvm v0.52.6
linux-packages	Verify packaged notices	2026-09-22T20:00:00.8134816Z   Downloaded windows_aarch64_msvc v0.48.5
linux-packages	Verify packaged notices	2026-09-22T20:00:00.8135362Z   Downloaded windows_x86_64_msvc v0.48.5
linux-packages	Verify packaged notices	2026-09-22T20:00:00.8135940Z   Downloaded sevenz-rust2 v0.22.2
linux-packages	Verify packaged notices	2026-09-22T20:00:00.8136297Z   Downloaded tao v0.35.3
linux-packages	Verify packaged notices	2026-09-22T20:00:00.8136653Z   Downloaded windows_i686_msvc v0.42.2
linux-packages	Verify packaged notices	2026-09-22T20:00:00.8137044Z   Downloaded windows_i686_gnullvm v0.52.6
linux-packages	Verify packaged notices	2026-09-22T20:00:00.8137402Z   Downloaded jiff v0.2.35
linux-packages	Verify packaged notices	2026-09-22T20:00:00.8137737Z   Downloaded windows-sys v0.59.0
linux-packages	Verify packaged notices	2026-09-22T20:00:00.8138082Z   Downloaded windows-sys v0.60.2
linux-packages	Verify packaged notices	2026-09-22T20:00:00.8138445Z   Downloaded icu_normalizer v2.3.0
linux-packages	Verify packaged notices	2026-09-22T20:00:00.8138822Z   Downloaded windows_aarch64_msvc v0.42.2
linux-packages	Verify packaged notices	2026-09-22T20:00:00.8139187Z   Downloaded windows_i686_gnu v0.52.6
linux-packages	Verify packaged notices	2026-09-22T20:00:00.8139582Z   Downloaded windows_aarch64_gnullvm v0.53.1
linux-packages	Verify packaged notices	2026-09-22T20:00:00.8140108Z   Downloaded windows_aarch64_msvc v0.52.6
linux-packages	Verify packaged notices	2026-09-22T20:00:00.8140482Z   Downloaded windows_i686_gnu v0.48.5
linux-packages	Verify packaged notices	2026-09-22T20:00:00.8140869Z   Downloaded windows_x86_64_msvc v0.52.6
linux-packages	Verify packaged notices	2026-09-22T20:00:00.8141250Z   Downloaded windows_x86_64_gnu v0.48.5
linux-packages	Verify packaged notices	2026-09-22T20:00:00.8141715Z   Downloaded windows_x86_64_msvc v0.53.1
linux-packages	Verify packaged notices	2026-09-22T20:00:00.8142085Z   Downloaded windows_i686_gnu v0.53.1
linux-packages	Verify packaged notices	2026-09-22T20:00:00.8142461Z   Downloaded windows_x86_64_gnu v0.42.2
linux-packages	Verify packaged notices	2026-09-22T20:00:00.8142840Z   Downloaded windows_aarch64_msvc v0.53.1
linux-packages	Verify packaged notices	2026-09-22T20:00:00.8143247Z   Downloaded libc v0.2.189
linux-packages	Verify packaged notices	2026-09-22T20:00:00.8143769Z   Downloaded tokio v1.53.1
linux-packages	Verify packaged notices	2026-09-22T20:00:00.8144424Z   Downloaded windows_i686_gnullvm v0.53.1
linux-packages	Verify packaged notices	2026-09-22T20:00:00.8144855Z   Downloaded windows_x86_64_gnu v0.52.6
linux-packages	Verify packaged notices	2026-09-22T20:00:00.8145499Z   Downloaded libdbus-sys v0.2.7
linux-packages	Verify packaged notices	2026-09-22T20:00:00.8146037Z   Downloaded webview2-com-sys v0.38.2
linux-packages	Verify packaged notices	2026-09-22T20:00:00.8146381Z   Downloaded winapi v0.3.9
linux-packages	Verify packaged notices	2026-09-22T20:00:00.8146713Z   Downloaded windows v0.61.3
linux-packages	Verify packaged notices	2026-09-22T20:00:00.8147063Z   Downloaded window-vibrancy v0.6.0
linux-packages	Verify packaged notices	2026-09-22T20:00:00.8147423Z   Downloaded windows-sys v0.61.2
linux-packages	Verify packaged notices	2026-09-22T20:00:00.8147770Z   Downloaded windows-sys v0.48.0
linux-packages	Verify packaged notices	2026-09-22T20:00:00.8148195Z   Downloaded winapi-x86_64-pc-windows-gnu v0.4.0
linux-packages	Verify packaged notices	2026-09-22T20:00:00.8148588Z   Downloaded windows-sys v0.52.0
linux-packages	Verify packaged notices	2026-09-22T20:00:00.8148984Z   Downloaded windows-sys v0.45.0
linux-packages	Verify packaged notices	2026-09-22T20:00:00.8149487Z   Downloaded linux-raw-sys v0.12.1
linux-packages	Verify packaged notices	2026-09-22T20:00:00.8149903Z   Downloaded winapi-i686-pc-windows-gnu v0.4.0
linux-packages	Verify packaged notices	2026-09-22T20:00:00.8150281Z   Downloaded windows v0.57.0
linux-packages	Verify packaged notices	2026-09-22T20:00:01.4861406Z Verified full notices for 470 dependency packages
linux-packages	Verify packaged notices	2026-09-22T20:00:13.3910741Z Included 1656 system-package and common-license records
linux-packages	Prepare temporary unsigned bundle configuration	2026-09-22T20:00:13.3987548Z ##[group]Run node scripts/development-package-guard.mjs --prepare
linux-packages	Prepare temporary unsigned bundle configuration	2026-09-22T20:00:13.3988017Z node scripts/development-package-guard.mjs --prepare
linux-packages	Prepare temporary unsigned bundle configuration	2026-09-22T20:00:13.4026707Z shell: /usr/bin/bash -e {0}
linux-packages	Prepare temporary unsigned bundle configuration	2026-09-22T20:00:13.4027026Z env:
linux-packages	Prepare temporary unsigned bundle configuration	2026-09-22T20:00:13.4027283Z   PNPM_HOME: /home/runner/setup-pnpm/node_modules/.bin
linux-packages	Prepare temporary unsigned bundle configuration	2026-09-22T20:00:13.4027595Z   CARGO_HOME: /home/runner/.cargo
linux-packages	Prepare temporary unsigned bundle configuration	2026-09-22T20:00:13.4027909Z   CARGO_INCREMENTAL: 0
linux-packages	Prepare temporary unsigned bundle configuration	2026-09-22T20:00:13.4028245Z   CARGO_TERM_COLOR: always
linux-packages	Prepare temporary unsigned bundle configuration	2026-09-22T20:00:13.4028473Z   CACHE_ON_FAILURE: false
linux-packages	Prepare temporary unsigned bundle configuration	2026-09-22T20:00:13.4028688Z ##[endgroup]
linux-packages	Prepare temporary unsigned bundle configuration	2026-09-22T20:00:13.4429854Z /home/runner/work/_temp/execs-development-package-config.json
linux-packages	Build optimized AppImage and Debian packages without updater signatures	2026-09-22T20:00:13.4483405Z ##[group]Run pnpm --filter @execs/desktop tauri build --ci --bundles appimage,deb --config "$RUNNER_TEMP/execs-development-package-config.json" -- --locked
linux-packages	Build optimized AppImage and Debian packages without updater signatures	2026-09-22T20:00:13.4484328Z pnpm --filter @execs/desktop tauri build --ci --bundles appimage,deb --config "$RUNNER_TEMP/execs-development-package-config.json" -- --locked
linux-packages	Build optimized AppImage and Debian packages without updater signatures	2026-09-22T20:00:13.4523075Z shell: /usr/bin/bash -e {0}
linux-packages	Build optimized AppImage and Debian packages without updater signatures	2026-09-22T20:00:13.4523355Z env:
linux-packages	Build optimized AppImage and Debian packages without updater signatures	2026-09-22T20:00:13.4523622Z   PNPM_HOME: /home/runner/setup-pnpm/node_modules/.bin
linux-packages	Build optimized AppImage and Debian packages without updater signatures	2026-09-22T20:00:13.4523969Z   CARGO_HOME: /home/runner/.cargo
linux-packages	Build optimized AppImage and Debian packages without updater signatures	2026-09-22T20:00:13.4524232Z   CARGO_INCREMENTAL: 0
linux-packages	Build optimized AppImage and Debian packages without updater signatures	2026-09-22T20:00:13.4524447Z   CARGO_TERM_COLOR: always
linux-packages	Build optimized AppImage and Debian packages without updater signatures	2026-09-22T20:00:13.4524684Z   CACHE_ON_FAILURE: false
linux-packages	Build optimized AppImage and Debian packages without updater signatures	2026-09-22T20:00:13.4524895Z ##[endgroup]
linux-packages	Build optimized AppImage and Debian packages without updater signatures	2026-09-22T20:00:13.8308712Z 
linux-packages	Build optimized AppImage and Debian packages without updater signatures	2026-09-22T20:00:13.8309804Z > @execs/desktop@0.2.0 tauri /home/runner/work/execs/execs/apps/desktop
linux-packages	Build optimized AppImage and Debian packages without updater signatures	2026-09-22T20:00:13.8311196Z > tauri build --ci --bundles appimage\,deb --config /home/runner/work/_temp/execs-development-package-config.json -- --locked
linux-packages	Build optimized AppImage and Debian packages without updater signatures	2026-09-22T20:00:13.8312079Z 
linux-packages	Build optimized AppImage and Debian packages without updater signatures	2026-09-22T20:00:13.9481001Z         Info Looking up installed tauri packages to check mismatched versions...
linux-packages	Build optimized AppImage and Debian packages without updater signatures	2026-09-22T20:00:14.3725236Z      Running beforeBuildCommand `pnpm build`
linux-packages	Build optimized AppImage and Debian packages without updater signatures	2026-09-22T20:00:14.7577928Z 
linux-packages	Build optimized AppImage and Debian packages without updater signatures	2026-09-22T20:00:14.7578833Z > @execs/desktop@0.2.0 build /home/runner/work/execs/execs/apps/desktop
linux-packages	Build optimized AppImage and Debian packages without updater signatures	2026-09-22T20:00:14.7579464Z > tsc && vite build
linux-packages	Build optimized AppImage and Debian packages without updater signatures	2026-09-22T20:00:14.7579656Z 
linux-packages	Build optimized AppImage and Debian packages without updater signatures	2026-09-22T20:00:22.5012464Z vite v7.3.6 building client environment for production...
linux-packages	Build optimized AppImage and Debian packages without updater signatures	2026-09-22T20:00:22.5661610Z transforming...
linux-packages	Build optimized AppImage and Debian packages without updater signatures	2026-09-22T20:00:27.7845898Z ✓ 4751 modules transformed.
linux-packages	Build optimized AppImage and Debian packages without updater signatures	2026-09-22T20:00:27.9753887Z rendering chunks...
linux-packages	Build optimized AppImage and Debian packages without updater signatures	2026-09-22T20:00:28.2295126Z computing gzip size...
linux-packages	Build optimized AppImage and Debian packages without updater signatures	2026-09-22T20:00:28.2624581Z dist/index.html                                        0.39 kB │ gzip:   0.26 kB
linux-packages	Build optimized AppImage and Debian packages without updater signatures	2026-09-22T20:00:28.2626034Z dist/assets/inter-latin-400-normal-C38fXH4l.woff2     23.66 kB
linux-packages	Build optimized AppImage and Debian packages without updater signatures	2026-09-22T20:00:28.2627241Z dist/assets/inter-latin-500-normal-Cerq10X2.woff2     24.27 kB
linux-packages	Build optimized AppImage and Debian packages without updater signatures	2026-09-22T20:00:28.2628406Z dist/assets/inter-latin-700-normal-Yt3aPRUw.woff2     24.36 kB
linux-packages	Build optimized AppImage and Debian packages without updater signatures	2026-09-22T20:00:28.2629620Z dist/assets/inter-latin-600-normal-LgqL8muc.woff2     24.45 kB
linux-packages	Build optimized AppImage and Debian packages without updater signatures	2026-09-22T20:00:28.2630697Z dist/assets/inter-latin-400-normal-CyCys3Eg.woff      30.70 kB
linux-packages	Build optimized AppImage and Debian packages without updater signatures	2026-09-22T20:00:28.2631477Z dist/assets/inter-latin-600-normal-CiBQ2DWP.woff      31.26 kB
linux-packages	Build optimized AppImage and Debian packages without updater signatures	2026-09-22T20:00:28.2632377Z dist/assets/inter-latin-500-normal-BL9OpVg8.woff      31.28 kB
linux-packages	Build optimized AppImage and Debian packages without updater signatures	2026-09-22T20:00:28.2633782Z dist/assets/inter-latin-700-normal-BLAVimhd.woff      31.32 kB
linux-packages	Build optimized AppImage and Debian packages without updater signatures	2026-09-22T20:00:28.2634523Z dist/assets/very_low-uTYOSTdI.webp                    38.46 kB
linux-packages	Build optimized AppImage and Debian packages without updater signatures	2026-09-22T20:00:28.2635325Z dist/assets/medium_low-BpJHFU3T.webp                  43.20 kB
linux-packages	Build optimized AppImage and Debian packages without updater signatures	2026-09-22T20:00:28.2636133Z dist/assets/low-D68DeXjp.webp                         45.02 kB
linux-packages	Build optimized AppImage and Debian packages without updater signatures	2026-09-22T20:00:28.2636786Z dist/assets/medium-CyWgjLdG.webp                      46.74 kB
linux-packages	Build optimized AppImage and Debian packages without updater signatures	2026-09-22T20:00:28.2637432Z dist/assets/ultra-CpNpA4fP.webp                       46.94 kB
linux-packages	Build optimized AppImage and Debian packages without updater signatures	2026-09-22T20:00:28.2638100Z dist/assets/high-zOr4FdbZ.webp                        48.10 kB
linux-packages	Build optimized AppImage and Debian packages without updater signatures	2026-09-22T20:00:28.2638747Z dist/assets/medium_high-Bs1iKRhU.webp                 48.63 kB
linux-packages	Build optimized AppImage and Debian packages without updater signatures	2026-09-22T20:00:28.2639838Z dist/assets/files-analysis.worker-DYiVjpKz.js        760.60 kB
linux-packages	Build optimized AppImage and Debian packages without updater signatures	2026-09-22T20:00:28.2640610Z dist/assets/index-PuMSYho8.css                        58.43 kB │ gzip:  11.53 kB
linux-packages	Build optimized AppImage and Debian packages without updater signatures	2026-09-22T20:00:28.2641370Z dist/assets/app-C0Jz1Epk.js                            0.25 kB │ gzip:   0.21 kB
linux-packages	Build optimized AppImage and Debian packages without updater signatures	2026-09-22T20:00:28.2642129Z dist/assets/index-DFWxqlXY.js                          0.33 kB │ gzip:   0.22 kB
linux-packages	Build optimized AppImage and Debian packages without updater signatures	2026-09-22T20:00:28.2642894Z dist/assets/index-D_LpPDj-.js                          1.08 kB │ gzip:   0.51 kB
linux-packages	Build optimized AppImage and Debian packages without updater signatures	2026-09-22T20:00:28.2643637Z dist/assets/window-CunuGPMm.js                        13.98 kB │ gzip:   3.45 kB
linux-packages	Build optimized AppImage and Debian packages without updater signatures	2026-09-22T20:00:28.2644376Z dist/assets/FilesPane-D3qtmyRO.js                    415.12 kB │ gzip: 133.05 kB
linux-packages	Build optimized AppImage and Debian packages without updater signatures	2026-09-22T20:00:28.2645119Z dist/assets/index-BCvC4gf9.js                      1,454.81 kB │ gzip: 313.69 kB
linux-packages	Build optimized AppImage and Debian packages without updater signatures	2026-09-22T20:00:28.2645801Z ✓ built in 5.74s
linux-packages	Build optimized AppImage and Debian packages without updater signatures	2026-09-22T20:00:28.2656053Z 
linux-packages	Build optimized AppImage and Debian packages without updater signatures	2026-09-22T20:00:28.2666715Z (!) Some chunks are larger than 500 kB after minification. Consider:
linux-packages	Build optimized AppImage and Debian packages without updater signatures	2026-09-22T20:00:28.2667748Z - Using dynamic import() to code-split the application
linux-packages	Build optimized AppImage and Debian packages without updater signatures	2026-09-22T20:00:28.2668876Z - Use build.rollupOptions.output.manualChunks to improve chunking: https://rollupjs.org/configuration-options/#output-manualchunks
linux-packages	Build optimized AppImage and Debian packages without updater signatures	2026-09-22T20:00:28.2670131Z - Adjust chunk size limit for this warning via build.chunkSizeWarningLimit.
linux-packages	Build optimized AppImage and Debian packages without updater signatures	2026-09-22T20:00:28.8240679Z    Compiling quote v1.0.47
linux-packages	Build optimized AppImage and Debian packages without updater signatures	2026-09-22T20:00:28.8241348Z    Compiling proc-macro2 v1.0.107
linux-packages	Build optimized AppImage and Debian packages without updater signatures	2026-09-22T20:00:28.8241884Z    Compiling unicode-ident v1.0.24
linux-packages	Build optimized AppImage and Debian packages without updater signatures	2026-09-22T20:00:28.8242455Z    Compiling serde_core v1.0.229
linux-packages	Build optimized AppImage and Debian packages without updater signatures	2026-09-22T20:00:30.5393804Z    Compiling serde v1.0.229
linux-packages	Build optimized AppImage and Debian packages without updater signatures	2026-09-22T20:00:38.6977654Z    Compiling libc v0.2.189
linux-packages	Build optimized AppImage and Debian packages without updater signatures	2026-09-22T20:00:38.7046593Z    Compiling hashbrown v0.17.1
linux-packages	Build optimized AppImage and Debian packages without updater signatures	2026-09-22T20:00:38.8936988Z    Compiling equivalent v1.0.2
linux-packages	Build optimized AppImage and Debian packages without updater signatures	2026-09-22T20:00:38.9264656Z    Compiling smallvec v1.15.2
linux-packages	Build optimized AppImage and Debian packages without updater signatures	2026-09-22T20:00:39.4187799Z    Compiling syn v3.0.4
linux-packages	Build optimized AppImage and Debian packages without updater signatures	2026-09-22T20:00:39.4256967Z    Compiling syn v2.0.119
linux-packages	Build optimized AppImage and Debian packages without updater signatures	2026-09-22T20:00:39.9711498Z    Compiling indexmap v2.14.1
linux-packages	Build optimized AppImage and Debian packages without updater signatures	2026-09-22T20:00:40.5857018Z    Compiling pkg-config v0.3.34
linux-packages	Build optimized AppImage and Debian packages without updater signatures	2026-09-22T20:00:40.7108638Z    Compiling heck v0.5.0
linux-packages	Build optimized AppImage and Debian packages without updater signatures	2026-09-22T20:00:40.8427347Z    Compiling winnow v0.5.40
linux-packages	Build optimized AppImage and Debian packages without updater signatures	2026-09-22T20:00:40.9976916Z    Compiling target-lexicon v0.12.16
linux-packages	Build optimized AppImage and Debian packages without updater signatures	2026-09-22T20:00:41.5116707Z    Compiling cfg-expr v0.15.8
linux-packages	Build optimized AppImage and Debian packages without updater signatures	2026-09-22T20:00:41.9363781Z    Compiling version-compare v0.2.1
linux-packages	Build optimized AppImage and Debian packages without updater signatures	2026-09-22T20:00:42.3516904Z    Compiling version_check v0.9.5
linux-packages	Build optimized AppImage and Debian packages without updater signatures	2026-09-22T20:00:42.5605306Z    Compiling pin-project-lite v0.2.17
linux-packages	Build optimized AppImage and Debian packages without updater signatures	2026-09-22T20:00:42.5976859Z    Compiling thiserror v1.0.69
linux-packages	Build optimized AppImage and Debian packages without updater signatures	2026-09-22T20:00:42.7447178Z    Compiling synstructure v0.13.2
linux-packages	Build optimized AppImage and Debian packages without updater signatures	2026-09-22T20:00:43.2046974Z    Compiling memchr v2.8.3
linux-packages	Build optimized AppImage and Debian packages without updater signatures	2026-09-22T20:00:44.0557258Z    Compiling futures-core v0.3.34
linux-packages	Build optimized AppImage and Debian packages without updater signatures	2026-09-22T20:00:44.0687871Z    Compiling serde_derive v1.0.229
linux-packages	Build optimized AppImage and Debian packages without updater signatures	2026-09-22T20:00:44.1347105Z    Compiling zerovec-derive v0.11.6
linux-packages	Build optimized AppImage and Debian packages without updater signatures	2026-09-22T20:00:44.1567775Z    Compiling zerofrom-derive v0.1.7
linux-packages	Build optimized AppImage and Debian packages without updater signatures	2026-09-22T20:00:44.6036926Z    Compiling yoke-derive v0.8.2
linux-packages	Build optimized AppImage and Debian packages without updater signatures	2026-09-22T20:00:45.0269003Z    Compiling displaydoc v0.2.7
linux-packages	Build optimized AppImage and Debian packages without updater signatures	2026-09-22T20:00:45.1757009Z    Compiling thiserror-impl v1.0.69
linux-packages	Build optimized AppImage and Debian packages without updater signatures	2026-09-22T20:00:45.4297004Z    Compiling icu_properties_data v2.3.0
linux-packages	Build optimized AppImage and Debian packages without updater signatures	2026-09-22T20:00:45.5257027Z    Compiling icu_normalizer_data v2.3.0
linux-packages	Build optimized AppImage and Debian packages without updater signatures	2026-09-22T20:00:45.5507125Z    Compiling siphasher v1.0.3
linux-packages	Build optimized AppImage and Debian packages without updater signatures	2026-09-22T20:00:45.6067130Z    Compiling cfg-if v1.0.4
linux-packages	Build optimized AppImage and Debian packages without updater signatures	2026-09-22T20:00:45.6396391Z    Compiling autocfg v1.5.1
linux-packages	Build optimized AppImage and Debian packages without updater signatures	2026-09-22T20:00:45.6837225Z    Compiling phf_shared v0.13.1
linux-packages	Build optimized AppImage and Debian packages without updater signatures	2026-09-22T20:00:45.8697110Z    Compiling zmij v1.0.23
linux-packages	Build optimized AppImage and Debian packages without updater signatures	2026-09-22T20:00:45.9437206Z    Compiling fastrand v2.5.0
linux-packages	Build optimized AppImage and Debian packages without updater signatures	2026-09-22T20:00:45.9977105Z    Compiling stable_deref_trait v1.2.1
linux-packages	Build optimized AppImage and Debian packages without updater signatures	2026-09-22T20:00:46.0324129Z    Compiling phf_generator v0.13.1
linux-packages	Build optimized AppImage and Debian packages without updater signatures	2026-09-22T20:00:46.0780787Z    Compiling futures-io v0.3.34
linux-packages	Build optimized AppImage and Debian packages without updater signatures	2026-09-22T20:00:46.1170338Z    Compiling once_cell v1.21.4
linux-packages	Build optimized AppImage and Debian packages without updater signatures	2026-09-22T20:00:46.1549704Z    Compiling winnow v1.0.4
linux-packages	Build optimized AppImage and Debian packages without updater signatures	2026-09-22T20:00:46.1887104Z    Compiling zerofrom v0.1.8
linux-packages	Build optimized AppImage and Debian packages without updater signatures	2026-09-22T20:00:46.2862265Z    Compiling yoke v0.8.3
linux-packages	Build optimized AppImage and Debian packages without updater signatures	2026-09-22T20:00:46.4186864Z    Compiling semver v1.0.28
linux-packages	Build optimized AppImage and Debian packages without updater signatures	2026-09-22T20:00:47.0136884Z    Compiling bitflags v2.13.1
linux-packages	Build optimized AppImage and Debian packages without updater signatures	2026-09-22T20:00:47.1577094Z    Compiling slab v0.4.12
linux-packages	Build optimized AppImage and Debian packages without updater signatures	2026-09-22T20:00:47.2635616Z    Compiling toml_datetime v0.6.3
linux-packages	Build optimized AppImage and Debian packages without updater signatures	2026-09-22T20:00:47.2667769Z    Compiling serde_spanned v0.6.9
linux-packages	Build optimized AppImage and Debian packages without updater signatures	2026-09-22T20:00:47.2724272Z    Compiling toml_parser v1.1.3+spec-1.1.0
linux-packages	Build optimized AppImage and Debian packages without updater signatures	2026-09-22T20:00:47.3024678Z    Compiling parking_lot_core v0.9.12
linux-packages	Build optimized AppImage and Debian packages without updater signatures	2026-09-22T20:00:47.3967007Z    Compiling toml_edit v0.20.2
linux-packages	Build optimized AppImage and Debian packages without updater signatures	2026-09-22T20:00:47.8465740Z    Compiling zerovec v0.11.8
linux-packages	Build optimized AppImage and Debian packages without updater signatures	2026-09-22T20:00:47.8997181Z    Compiling toml_datetime v1.1.1+spec-1.1.0
linux-packages	Build optimized AppImage and Debian packages without updater signatures	2026-09-22T20:00:48.0018206Z    Compiling thiserror v2.0.20
linux-packages	Build optimized AppImage and Debian packages without updater signatures	2026-09-22T20:00:48.1037057Z    Compiling phf_macros v0.13.1
linux-packages	Build optimized AppImage and Debian packages without updater signatures	2026-09-22T20:00:48.1797017Z    Compiling futures-sink v0.3.34
linux-packages	Build optimized AppImage and Debian packages without updater signatures	2026-09-22T20:00:48.2306783Z    Compiling typeid v1.0.3
linux-packages	Build optimized AppImage and Debian packages without updater signatures	2026-09-22T20:00:48.3505886Z    Compiling thiserror-impl v2.0.20
linux-packages	Build optimized AppImage and Debian packages without updater signatures	2026-09-22T20:00:48.3616903Z    Compiling num-conv v0.2.2
linux-packages	Build optimized AppImage and Debian packages without updater signatures	2026-09-22T20:00:48.4576987Z    Compiling anyhow v1.0.104
linux-packages	Build optimized AppImage and Debian packages without updater signatures	2026-09-22T20:00:48.6107201Z    Compiling time-core v0.1.9
linux-packages	Build optimized AppImage and Debian packages without updater signatures	2026-09-22T20:00:48.6466836Z    Compiling tinystr v0.8.4
linux-packages	Build optimized AppImage and Debian packages without updater signatures	2026-09-22T20:00:48.7457595Z    Compiling phf_codegen v0.13.1
linux-packages	Build optimized AppImage and Debian packages without updater signatures	2026-09-22T20:00:48.7837058Z    Compiling ident_case v1.0.1
linux-packages	Build optimized AppImage and Debian packages without updater signatures	2026-09-22T20:00:48.8187593Z    Compiling itoa v1.0.18
linux-packages	Build optimized AppImage and Debian packages without updater signatures	2026-09-22T20:00:48.8445589Z    Compiling writeable v0.6.4
linux-packages	Build optimized AppImage and Debian packages without updater signatures	2026-09-22T20:00:48.9306953Z    Compiling erased-serde v0.4.10
linux-packages	Build optimized AppImage and Debian packages without updater signatures	2026-09-22T20:00:49.0197034Z    Compiling toml v0.8.2
linux-packages	Build optimized AppImage and Debian packages without updater signatures	2026-09-22T20:00:49.0607214Z    Compiling litemap v0.8.3
linux-packages	Build optimized AppImage and Debian packages without updater signatures	2026-09-22T20:00:49.2032535Z    Compiling strsim v0.11.1
linux-packages	Build optimized AppImage and Debian packages without updater signatures	2026-09-22T20:00:49.3706961Z    Compiling system-deps v6.2.2
linux-packages	Build optimized AppImage and Debian packages without updater signatures	2026-09-22T20:00:49.4338222Z    Compiling darling_core v0.23.0
linux-packages	Build optimized AppImage and Debian packages without updater signatures	2026-09-22T20:00:49.4465713Z    Compiling icu_locale_core v2.3.0
linux-packages	Build optimized AppImage and Debian packages without updater signatures	2026-09-22T20:00:50.0104533Z    Compiling potential_utf v0.1.6
linux-packages	Build optimized AppImage and Debian packages without updater signatures	2026-09-22T20:00:50.0997490Z    Compiling glib-sys v0.18.1
linux-packages	Build optimized AppImage and Debian packages without updater signatures	2026-09-22T20:00:50.1076636Z    Compiling gobject-sys v0.18.0
linux-packages	Build optimized AppImage and Debian packages without updater signatures	2026-09-22T20:00:50.2447255Z    Compiling gio-sys v0.18.1
linux-packages	Build optimized AppImage and Debian packages without updater signatures	2026-09-22T20:00:50.4026987Z    Compiling zerotrie v0.2.5
linux-packages	Build optimized AppImage and Debian packages without updater signatures	2026-09-22T20:00:50.4427007Z    Compiling futures-macro v0.3.34
linux-packages	Build optimized AppImage and Debian packages without updater signatures	2026-09-22T20:00:50.6386828Z    Compiling futures-task v0.3.34
linux-packages	Build optimized AppImage and Debian packages without updater signatures	2026-09-22T20:00:50.7296711Z    Compiling utf8_iter v1.0.4
linux-packages	Build optimized AppImage and Debian packages without updater signatures	2026-09-22T20:00:50.8015035Z    Compiling icu_collections v2.3.0
linux-packages	Build optimized AppImage and Debian packages without updater signatures	2026-09-22T20:00:50.9927123Z    Compiling futures-util v0.3.34
linux-packages	Build optimized AppImage and Debian packages without updater signatures	2026-09-22T20:00:51.1876929Z    Compiling icu_provider v2.3.1
linux-packages	Build optimized AppImage and Debian packages without updater signatures	2026-09-22T20:00:51.4567039Z    Compiling new_debug_unreachable v1.0.6
linux-packages	Build optimized AppImage and Debian packages without updater signatures	2026-09-22T20:00:51.4799331Z    Compiling scopeguard v1.2.0
linux-packages	Build optimized AppImage and Debian packages without updater signatures	2026-09-22T20:00:51.5202280Z    Compiling lock_api v0.4.14
linux-packages	Build optimized AppImage and Debian packages without updater signatures	2026-09-22T20:00:51.9255840Z    Compiling darling_macro v0.23.0
linux-packages	Build optimized AppImage and Debian packages without updater signatures	2026-09-22T20:00:52.0146974Z    Compiling phf v0.13.1
linux-packages	Build optimized AppImage and Debian packages without updater signatures	2026-09-22T20:00:52.1157012Z    Compiling darling v0.23.0
linux-packages	Build optimized AppImage and Debian packages without updater signatures	2026-09-22T20:00:52.1347373Z    Compiling string_cache_codegen v0.6.1
linux-packages	Build optimized AppImage and Debian packages without updater signatures	2026-09-22T20:00:52.1677093Z    Compiling find-msvc-tools v0.1.11
linux-packages	Build optimized AppImage and Debian packages without updater signatures	2026-09-22T20:00:52.3487416Z    Compiling serde_json v1.0.151
linux-packages	Build optimized AppImage and Debian packages without updater signatures	2026-09-22T20:00:52.4417367Z    Compiling precomputed-hash v0.1.1
linux-packages	Build optimized AppImage and Debian packages without updater signatures	2026-09-22T20:00:52.4542366Z    Compiling shlex v2.0.1
linux-packages	Build optimized AppImage and Debian packages without updater signatures	2026-09-22T20:00:52.4843761Z    Compiling web_atoms v0.2.6
linux-packages	Build optimized AppImage and Debian packages without updater signatures	2026-09-22T20:00:52.5807148Z    Compiling cc v1.4.4
linux-packages	Build optimized AppImage and Debian packages without updater signatures	2026-09-22T20:00:52.6846999Z    Compiling serde_with_macros v3.22.0
linux-packages	Build optimized AppImage and Debian packages without updater signatures	2026-09-22T20:00:52.8096643Z    Compiling parking_lot v0.12.5
linux-packages	Build optimized AppImage and Debian packages without updater signatures	2026-09-22T20:00:53.0837144Z    Compiling icu_normalizer v2.3.0
linux-packages	Build optimized AppImage and Debian packages without updater signatures	2026-09-22T20:00:53.4496872Z    Compiling icu_properties v2.3.0
linux-packages	Build optimized AppImage and Debian packages without updater signatures	2026-09-22T20:00:53.5226602Z    Compiling gdk-sys v0.18.2
linux-packages	Build optimized AppImage and Debian packages without updater signatures	2026-09-22T20:00:53.6467663Z    Compiling futures-channel v0.3.34
linux-packages	Build optimized AppImage and Debian packages without updater signatures	2026-09-22T20:00:53.8406141Z    Compiling proc-macro-error-attr v1.0.4
linux-packages	Build optimized AppImage and Debian packages without updater signatures	2026-09-22T20:00:53.8478736Z    Compiling serde_spanned v1.1.1
linux-packages	Build optimized AppImage and Debian packages without updater signatures	2026-09-22T20:00:53.8669849Z    Compiling ctor-proc-macro v0.0.7
linux-packages	Build optimized AppImage and Debian packages without updater signatures	2026-09-22T20:00:53.9187251Z    Compiling toml_writer v1.1.2+spec-1.1.0
linux-packages	Build optimized AppImage and Debian packages without updater signatures	2026-09-22T20:00:53.9226335Z    Compiling syn v1.0.109
linux-packages	Build optimized AppImage and Debian packages without updater signatures	2026-09-22T20:00:54.0544067Z    Compiling string_cache v0.9.0
linux-packages	Build optimized AppImage and Debian packages without updater signatures	2026-09-22T20:00:54.2336856Z    Compiling getrandom v0.2.17
linux-packages	Build optimized AppImage and Debian packages without updater signatures	2026-09-22T20:00:54.2587009Z    Compiling rustc_version v0.4.1
linux-packages	Build optimized AppImage and Debian packages without updater signatures	2026-09-22T20:00:54.4197024Z    Compiling proc-macro-error v1.0.4
linux-packages	Build optimized AppImage and Debian packages without updater signatures	2026-09-22T20:00:54.4731615Z    Compiling idna_adapter v1.2.2
linux-packages	Build optimized AppImage and Debian packages without updater signatures	2026-09-22T20:00:54.5020072Z    Compiling dtoa v1.0.11
linux-packages	Build optimized AppImage and Debian packages without updater signatures	2026-09-22T20:00:54.5414900Z    Compiling log v0.4.34
linux-packages	Build optimized AppImage and Debian packages without updater signatures	2026-09-22T20:00:54.5897001Z    Compiling crossbeam-utils v0.8.22
linux-packages	Build optimized AppImage and Debian packages without updater signatures	2026-09-22T20:00:54.6297099Z    Compiling percent-encoding v2.3.2
linux-packages	Build optimized AppImage and Debian packages without updater signatures	2026-09-22T20:00:54.6582365Z    Compiling dtoa-short v0.3.5
linux-packages	Build optimized AppImage and Debian packages without updater signatures	2026-09-22T20:00:54.7198703Z    Compiling form_urlencoded v1.2.2
linux-packages	Build optimized AppImage and Debian packages without updater signatures	2026-09-22T20:00:54.7287941Z    Compiling idna v1.1.0
linux-packages	Build optimized AppImage and Debian packages without updater signatures	2026-09-22T20:00:54.8216927Z    Compiling uuid v1.11.1
linux-packages	Build optimized AppImage and Debian packages without updater signatures	2026-09-22T20:00:55.3027586Z    Compiling tendril v0.5.1
linux-packages	Build optimized AppImage and Debian packages without updater signatures	2026-09-22T20:00:55.4499473Z    Compiling selectors v0.36.1
linux-packages	Build optimized AppImage and Debian packages without updater signatures	2026-09-22T20:00:55.5127318Z    Compiling aho-corasick v1.1.5
linux-packages	Build optimized AppImage and Debian packages without updater signatures	2026-09-22T20:00:55.5158367Z    Compiling indexmap v1.9.3
linux-packages	Build optimized AppImage and Debian packages without updater signatures	2026-09-22T20:00:55.5330005Z    Compiling derive_more-impl v2.1.1
linux-packages	Build optimized AppImage and Debian packages without updater signatures	2026-09-22T20:00:55.5985564Z    Compiling cssparser-macros v0.6.1
linux-packages	Build optimized AppImage and Debian packages without updater signatures	2026-09-22T20:00:55.7037062Z    Compiling unic-common v0.9.0
linux-packages	Build optimized AppImage and Debian packages without updater signatures	2026-09-22T20:00:55.7540353Z    Compiling regex-syntax v0.8.11
linux-packages	Build optimized AppImage and Debian packages without updater signatures	2026-09-22T20:00:55.9747015Z    Compiling byteorder v1.5.0
linux-packages	Build optimized AppImage and Debian packages without updater signatures	2026-09-22T20:00:56.1487418Z    Compiling camino v1.2.5
linux-packages	Build optimized AppImage and Debian packages without updater signatures	2026-09-22T20:00:56.2759105Z    Compiling unic-char-range v0.9.0
linux-packages	Build optimized AppImage and Debian packages without updater signatures	2026-09-22T20:00:56.2997257Z    Compiling alloc-no-stdlib v2.0.4
linux-packages	Build optimized AppImage and Debian packages without updater signatures	2026-09-22T20:00:56.3357078Z    Compiling unic-char-property v0.9.0
linux-packages	Build optimized AppImage and Debian packages without updater signatures	2026-09-22T20:00:56.3554393Z    Compiling alloc-stdlib v0.2.4
linux-packages	Build optimized AppImage and Debian packages without updater signatures	2026-09-22T20:00:56.4093431Z    Compiling derive_more v2.1.1
linux-packages	Build optimized AppImage and Debian packages without updater signatures	2026-09-22T20:00:56.4156745Z    Compiling cssparser v0.36.0
linux-packages	Build optimized AppImage and Debian packages without updater signatures	2026-09-22T20:00:56.4676837Z    Compiling unic-ucd-version v0.9.0
linux-packages	Build optimized AppImage and Debian packages without updater signatures	2026-09-22T20:00:56.5966859Z    Compiling markup5ever v0.38.0
linux-packages	Build optimized AppImage and Debian packages without updater signatures	2026-09-22T20:00:56.9776858Z    Compiling url v2.5.8
linux-packages	Build optimized AppImage and Debian packages without updater signatures	2026-09-22T20:00:57.1071630Z    Compiling toml v1.1.4+spec-1.1.0
linux-packages	Build optimized AppImage and Debian packages without updater signatures	2026-09-22T20:00:57.5777139Z    Compiling regex-automata v0.4.18
linux-packages	Build optimized AppImage and Debian packages without updater signatures	2026-09-22T20:00:57.7266879Z    Compiling servo_arc v0.4.3
linux-packages	Build optimized AppImage and Debian packages without updater signatures	2026-09-22T20:00:57.8771779Z    Compiling serde_derive_internals v0.29.1
linux-packages	Build optimized AppImage and Debian packages without updater signatures	2026-09-22T20:00:57.9677137Z    Compiling bytes v1.12.1
linux-packages	Build optimized AppImage and Debian packages without updater signatures	2026-09-22T20:00:58.3036980Z    Compiling hashbrown v0.12.3
linux-packages	Build optimized AppImage and Debian packages without updater signatures	2026-09-22T20:00:58.6357090Z    Compiling bit-vec v0.8.0
linux-packages	Build optimized AppImage and Debian packages without updater signatures	2026-09-22T20:00:58.6698933Z    Compiling schemars v0.8.22
linux-packages	Build optimized AppImage and Debian packages without updater signatures	2026-09-22T20:00:58.7425048Z    Compiling rustc-hash v2.1.3
linux-packages	Build optimized AppImage and Debian packages without updater signatures	2026-09-22T20:00:58.7685781Z    Compiling powerfmt v0.2.0
linux-packages	Build optimized AppImage and Debian packages without updater signatures	2026-09-22T20:00:58.8016509Z    Compiling deranged v0.5.8
linux-packages	Build optimized AppImage and Debian packages without updater signatures	2026-09-22T20:00:58.8976817Z    Compiling fnv v1.0.7
linux-packages	Build optimized AppImage and Debian packages without updater signatures	2026-09-22T20:00:58.9348196Z    Compiling cfb v0.7.3
linux-packages	Build optimized AppImage and Debian packages without updater signatures	2026-09-22T20:00:59.5517063Z    Compiling regex v1.13.1
linux-packages	Build optimized AppImage and Debian packages without updater signatures	2026-09-22T20:00:59.7466949Z    Compiling time v0.3.55
linux-packages	Build optimized AppImage and Debian packages without updater signatures	2026-09-22T20:00:59.8596945Z    Compiling bit-set v0.8.0
linux-packages	Build optimized AppImage and Debian packages without updater signatures	2026-09-22T20:00:59.9686999Z    Compiling schemars_derive v0.8.22
linux-packages	Build optimized AppImage and Debian packages without updater signatures	2026-09-22T20:01:00.6176813Z    Compiling html5ever v0.38.0
linux-packages	Build optimized AppImage and Debian packages without updater signatures	2026-09-22T20:01:00.7667023Z    Compiling unic-ucd-ident v0.9.0
linux-packages	Build optimized AppImage and Debian packages without updater signatures	2026-09-22T20:01:00.9366150Z    Compiling brotli-decompressor v5.0.3
linux-packages	Build optimized AppImage and Debian packages without updater signatures	2026-09-22T20:01:01.4016894Z    Compiling jsonptr v0.6.3
linux-packages	Build optimized AppImage and Debian packages without updater signatures	2026-09-22T20:01:01.7616817Z    Compiling gdk-pixbuf-sys v0.18.0
linux-packages	Build optimized AppImage and Debian packages without updater signatures	2026-09-22T20:01:01.8038723Z    Compiling atk-sys v0.18.2
linux-packages	Build optimized AppImage and Debian packages without updater signatures	2026-09-22T20:01:01.8376900Z    Compiling cairo-sys-rs v0.18.2
linux-packages	Build optimized AppImage and Debian packages without updater signatures	2026-09-22T20:01:01.8426913Z    Compiling pango-sys v0.18.0
linux-packages	Build optimized AppImage and Debian packages without updater signatures	2026-09-22T20:01:01.8721501Z    Compiling proc-macro-crate v2.0.2
linux-packages	Build optimized AppImage and Debian packages without updater signatures	2026-09-22T20:01:01.9219067Z    Compiling quick-xml v0.41.0
linux-packages	Build optimized AppImage and Debian packages without updater signatures	2026-09-22T20:01:01.9469108Z    Compiling cargo-platform v0.1.9
linux-packages	Build optimized AppImage and Debian packages without updater signatures	2026-09-22T20:01:01.9529732Z    Compiling base64 v0.22.1
linux-packages	Build optimized AppImage and Debian packages without updater signatures	2026-09-22T20:01:02.1156992Z    Compiling foldhash v0.2.0
linux-packages	Build optimized AppImage and Debian packages without updater signatures	2026-09-22T20:01:02.1977224Z    Compiling same-file v1.0.6
linux-packages	Build optimized AppImage and Debian packages without updater signatures	2026-09-22T20:01:02.2663157Z    Compiling dunce v1.0.5
linux-packages	Build optimized AppImage and Debian packages without updater signatures	2026-09-22T20:01:02.2733804Z    Compiling heck v0.4.1
linux-packages	Build optimized AppImage and Debian packages without updater signatures	2026-09-22T20:01:02.3035836Z    Compiling dyn-clone v1.0.20
linux-packages	Build optimized AppImage and Debian packages without updater signatures	2026-09-22T20:01:02.3956984Z    Compiling glib-macros v0.18.5
linux-packages	Build optimized AppImage and Debian packages without updater signatures	2026-09-22T20:01:02.7816967Z    Compiling http v1.5.0
linux-packages	Build optimized AppImage and Debian packages without updater signatures	2026-09-22T20:01:02.8336831Z    Compiling plist v1.10.0
linux-packages	Build optimized AppImage and Debian packages without updater signatures	2026-09-22T20:01:03.6197099Z    Compiling walkdir v2.5.0
linux-packages	Build optimized AppImage and Debian packages without updater signatures	2026-09-22T20:01:03.6389263Z    Compiling dom_query v0.27.0
linux-packages	Build optimized AppImage and Debian packages without updater signatures	2026-09-22T20:01:03.6780123Z    Compiling cargo_metadata v0.19.2
linux-packages	Build optimized AppImage and Debian packages without updater signatures	2026-09-22T20:01:03.9011937Z    Compiling json-patch v3.0.1
linux-packages	Build optimized AppImage and Debian packages without updater signatures	2026-09-22T20:01:04.2636849Z    Compiling brotli v8.0.4
linux-packages	Build optimized AppImage and Debian packages without updater signatures	2026-09-22T20:01:04.9826625Z    Compiling urlpattern v0.3.0
linux-packages	Build optimized AppImage and Debian packages without updater signatures	2026-09-22T20:01:05.0287970Z    Compiling serde-untagged v0.1.9
linux-packages	Build optimized AppImage and Debian packages without updater signatures	2026-09-22T20:01:05.0316401Z    Compiling infer v0.19.0
linux-packages	Build optimized AppImage and Debian packages without updater signatures	2026-09-22T20:01:05.2186980Z    Compiling ctor v0.8.0
linux-packages	Build optimized AppImage and Debian packages without updater signatures	2026-09-22T20:01:05.2587193Z    Compiling futures-executor v0.3.34
linux-packages	Build optimized AppImage and Debian packages without updater signatures	2026-09-22T20:01:05.3626414Z    Compiling serde_with v3.22.0
linux-packages	Build optimized AppImage and Debian packages without updater signatures	2026-09-22T20:01:05.5266829Z    Compiling glob v0.3.4
linux-packages	Build optimized AppImage and Debian packages without updater signatures	2026-09-22T20:01:05.7757066Z    Compiling glib v0.18.5
linux-packages	Build optimized AppImage and Debian packages without updater signatures	2026-09-22T20:01:06.5757027Z    Compiling crc32fast v1.5.1
linux-packages	Build optimized AppImage and Debian packages without updater signatures	2026-09-22T20:01:06.8487127Z    Compiling gtk-sys v0.18.2
linux-packages	Build optimized AppImage and Debian packages without updater signatures	2026-09-22T20:01:06.9564296Z    Compiling generic-array v0.14.7
linux-packages	Build optimized AppImage and Debian packages without updater signatures	2026-09-22T20:01:07.0957212Z    Compiling tauri-utils v2.9.3
linux-packages	Build optimized AppImage and Debian packages without updater signatures	2026-09-22T20:01:07.9657031Z    Compiling gio v0.18.4
linux-packages	Build optimized AppImage and Debian packages without updater signatures	2026-09-22T20:01:11.4516982Z    Compiling toml_datetime v0.7.5+spec-1.1.0
linux-packages	Build optimized AppImage and Debian packages without updater signatures	2026-09-22T20:01:11.5867042Z    Compiling winnow v0.7.15
linux-packages	Build optimized AppImage and Debian packages without updater signatures	2026-09-22T20:01:11.6497034Z    Compiling option-ext v0.2.0
linux-packages	Build optimized AppImage and Debian packages without updater signatures	2026-09-22T20:01:11.6856852Z    Compiling dirs-sys v0.5.0
linux-packages	Build optimized AppImage and Debian packages without updater signatures	2026-09-22T20:01:13.9046952Z    Compiling toml v0.9.12+spec-1.1.0
linux-packages	Build optimized AppImage and Debian packages without updater signatures	2026-09-22T20:01:15.3347329Z    Compiling embed-resource v3.0.11
linux-packages	Build optimized AppImage and Debian packages without updater signatures	2026-09-22T20:01:15.5467156Z    Compiling memoffset v0.9.1
linux-packages	Build optimized AppImage and Debian packages without updater signatures	2026-09-22T20:01:15.6326869Z    Compiling mio v1.2.2
linux-packages	Build optimized AppImage and Debian packages without updater signatures	2026-09-22T20:01:16.0566975Z    Compiling socket2 v0.6.5
linux-packages	Build optimized AppImage and Debian packages without updater signatures	2026-09-22T20:01:16.1317119Z    Compiling tauri-winres v0.3.6
linux-packages	Build optimized AppImage and Debian packages without updater signatures	2026-09-22T20:01:16.3931172Z    Compiling tokio v1.53.1
linux-packages	Build optimized AppImage and Debian packages without updater signatures	2026-09-22T20:01:16.6487175Z    Compiling cargo_toml v0.22.3
linux-packages	Build optimized AppImage and Debian packages without updater signatures	2026-09-22T20:01:19.5166888Z    Compiling cairo-rs v0.18.5
linux-packages	Build optimized AppImage and Debian packages without updater signatures	2026-09-22T20:01:21.1137036Z    Compiling dirs v6.0.0
linux-packages	Build optimized AppImage and Debian packages without updater signatures	2026-09-22T20:01:22.0787135Z    Compiling field-offset v0.3.6
linux-packages	Build optimized AppImage and Debian packages without updater signatures	2026-09-22T20:01:22.1797154Z    Compiling toml_edit v0.19.15
linux-packages	Build optimized AppImage and Debian packages without updater signatures	2026-09-22T20:01:24.8606890Z    Compiling proc-macro-crate v1.3.1
linux-packages	Build optimized AppImage and Debian packages without updater signatures	2026-09-22T20:01:25.1319833Z    Compiling tauri-build v2.6.3
linux-packages	Build optimized AppImage and Debian packages without updater signatures	2026-09-22T20:01:25.5217009Z    Compiling soup3-sys v0.5.0
linux-packages	Build optimized AppImage and Debian packages without updater signatures	2026-09-22T20:01:25.6397093Z    Compiling javascriptcore-rs-sys v1.1.1
linux-packages	Build optimized AppImage and Debian packages without updater signatures	2026-09-22T20:01:25.7956823Z    Compiling gtk v0.18.2
linux-packages	Build optimized AppImage and Debian packages without updater signatures	2026-09-22T20:01:25.8936997Z    Compiling simd-adler32 v0.3.10
linux-packages	Build optimized AppImage and Debian packages without updater signatures	2026-09-22T20:01:26.0307015Z    Compiling parking v2.2.1
linux-packages	Build optimized AppImage and Debian packages without updater signatures	2026-09-22T20:01:26.1327138Z    Compiling bitflags v1.3.2
linux-packages	Build optimized AppImage and Debian packages without updater signatures	2026-09-22T20:01:26.2297235Z    Compiling gtk3-macros v0.18.2
linux-packages	Build optimized AppImage and Debian packages without updater signatures	2026-09-22T20:01:26.2720885Z    Compiling tauri-plugin v2.6.3
linux-packages	Build optimized AppImage and Debian packages without updater signatures	2026-09-22T20:01:26.5496702Z    Compiling gdk-pixbuf v0.18.5
linux-packages	Build optimized AppImage and Debian packages without updater signatures	2026-09-22T20:01:26.5562108Z    Compiling pango v0.18.3
linux-packages	Build optimized AppImage and Debian packages without updater signatures	2026-09-22T20:01:26.7696936Z    Compiling atk v0.18.2
linux-packages	Build optimized AppImage and Debian packages without updater signatures	2026-09-22T20:01:27.9517111Z    Compiling webkit2gtk-sys v2.0.2
linux-packages	Build optimized AppImage and Debian packages without updater signatures	2026-09-22T20:01:28.0787038Z    Compiling time-macros v0.2.32
linux-packages	Build optimized AppImage and Debian packages without updater signatures	2026-09-22T20:01:29.2617903Z    Compiling gdk v0.18.2
linux-packages	Build optimized AppImage and Debian packages without updater signatures	2026-09-22T20:01:29.2726764Z    Compiling x11 v2.21.0
linux-packages	Build optimized AppImage and Debian packages without updater signatures	2026-09-22T20:01:29.4057018Z    Compiling adler2 v2.0.1
linux-packages	Build optimized AppImage and Debian packages without updater signatures	2026-09-22T20:01:30.3656695Z    Compiling typenum v1.20.1
linux-packages	Build optimized AppImage and Debian packages without updater signatures	2026-09-22T20:01:30.6156754Z    Compiling rustix v1.1.4
linux-packages	Build optimized AppImage and Debian packages without updater signatures	2026-09-22T20:01:31.8356948Z    Compiling tauri v2.11.5
linux-packages	Build optimized AppImage and Debian packages without updater signatures	2026-09-22T20:01:31.8573023Z    Compiling gdkx11-sys v0.18.2
linux-packages	Build optimized AppImage and Debian packages without updater signatures	2026-09-22T20:01:33.8617271Z    Compiling linux-raw-sys v0.12.1
linux-packages	Build optimized AppImage and Debian packages without updater signatures	2026-09-22T20:01:38.3557306Z    Compiling miniz_oxide v0.9.1
linux-packages	Build optimized AppImage and Debian packages without updater signatures	2026-09-22T20:01:38.8946936Z    Compiling ring v0.17.14
linux-packages	Build optimized AppImage and Debian packages without updater signatures	2026-09-22T20:01:39.2406871Z    Compiling dpi v0.1.2
linux-packages	Build optimized AppImage and Debian packages without updater signatures	2026-09-22T20:01:39.5757972Z    Compiling cookie v0.18.2
linux-packages	Build optimized AppImage and Debian packages without updater signatures	2026-09-22T20:01:39.6646951Z    Compiling x11-dl v2.21.0
linux-packages	Build optimized AppImage and Debian packages without updater signatures	2026-09-22T20:01:39.7847113Z    Compiling libdbus-sys v0.2.7
linux-packages	Build optimized AppImage and Debian packages without updater signatures	2026-09-22T20:01:40.2977088Z    Compiling zeroize v1.9.0
linux-packages	Build optimized AppImage and Debian packages without updater signatures	2026-09-22T20:01:40.4277199Z    Compiling atomic-waker v1.1.2
linux-packages	Build optimized AppImage and Debian packages without updater signatures	2026-09-22T20:01:40.5725952Z    Compiling raw-window-handle v0.6.2
linux-packages	Build optimized AppImage and Debian packages without updater signatures	2026-09-22T20:01:40.6257102Z    Compiling rustls-pki-types v1.15.1
linux-packages	Build optimized AppImage and Debian packages without updater signatures	2026-09-22T20:01:42.3987163Z    Compiling flate2 v1.1.10
linux-packages	Build optimized AppImage and Debian packages without updater signatures	2026-09-22T20:01:43.6147127Z    Compiling javascriptcore-rs v1.1.2
linux-packages	Build optimized AppImage and Debian packages without updater signatures	2026-09-22T20:01:44.8642212Z    Compiling soup3 v0.5.0
linux-packages	Build optimized AppImage and Debian packages without updater signatures	2026-09-22T20:01:45.0526791Z    Compiling block-buffer v0.10.4
linux-packages	Build optimized AppImage and Debian packages without updater signatures	2026-09-22T20:01:45.1244257Z    Compiling crypto-common v0.1.7
linux-packages	Build optimized AppImage and Debian packages without updater signatures	2026-09-22T20:01:45.1906986Z    Compiling miniz_oxide v0.8.9
linux-packages	Build optimized AppImage and Debian packages without updater signatures	2026-09-22T20:01:45.6967003Z    Compiling fdeflate v0.3.7
linux-packages	Build optimized AppImage and Debian packages without updater signatures	2026-09-22T20:01:47.6816942Z    Compiling toml_edit v0.25.13+spec-1.1.0
linux-packages	Build optimized AppImage and Debian packages without updater signatures	2026-09-22T20:01:48.6396796Z    Compiling enumflags2_derive v0.7.12
linux-packages	Build optimized AppImage and Debian packages without updater signatures	2026-09-22T20:01:50.3216213Z    Compiling png v0.17.16
linux-packages	Build optimized AppImage and Debian packages without updater signatures	2026-09-22T20:01:51.2767098Z    Compiling proc-macro-crate v3.5.0
linux-packages	Build optimized AppImage and Debian packages without updater signatures	2026-09-22T20:01:51.8550719Z    Compiling digest v0.10.7
linux-packages	Build optimized AppImage and Debian packages without updater signatures	2026-09-22T20:01:55.6086869Z    Compiling webkit2gtk v2.0.2
linux-packages	Build optimized AppImage and Debian packages without updater signatures	2026-09-22T20:01:56.2613778Z    Compiling event-listener v5.4.2
linux-packages	Build optimized AppImage and Debian packages without updater signatures	2026-09-22T20:01:56.4977113Z    Compiling concurrent-queue v2.5.0
linux-packages	Build optimized AppImage and Debian packages without updater signatures	2026-09-22T20:01:56.6566554Z    Compiling crossbeam-channel v0.5.16
linux-packages	Build optimized AppImage and Debian packages without updater signatures	2026-09-22T20:01:59.3832400Z    Compiling zvariant_utils v4.2.0
linux-packages	Build optimized AppImage and Debian packages without updater signatures	2026-09-22T20:01:59.4126735Z    Compiling tracing-core v0.1.36
linux-packages	Build optimized AppImage and Debian packages without updater signatures	2026-09-22T20:02:00.3097156Z    Compiling tracing-attributes v0.1.31
linux-packages	Build optimized AppImage and Debian packages without updater signatures	2026-09-22T20:02:00.4495411Z    Compiling dlopen2_derive v0.4.3
linux-packages	Build optimized AppImage and Debian packages without updater signatures	2026-09-22T20:02:00.7927084Z    Compiling untrusted v0.9.0
linux-packages	Build optimized AppImage and Debian packages without updater signatures	2026-09-22T20:02:00.9156887Z    Compiling tauri-runtime v2.11.3
linux-packages	Build optimized AppImage and Debian packages without updater signatures	2026-09-22T20:02:01.2937106Z    Compiling cpufeatures v0.2.17
linux-packages	Build optimized AppImage and Debian packages without updater signatures	2026-09-22T20:02:01.3273825Z    Compiling wry v0.55.1
linux-packages	Build optimized AppImage and Debian packages without updater signatures	2026-09-22T20:02:01.5074076Z    Compiling sha2 v0.10.9
linux-packages	Build optimized AppImage and Debian packages without updater signatures	2026-09-22T20:02:01.6346918Z    Compiling tracing v0.1.44
linux-packages	Build optimized AppImage and Debian packages without updater signatures	2026-09-22T20:02:03.2253954Z    Compiling dlopen2 v0.8.2
linux-packages	Build optimized AppImage and Debian packages without updater signatures	2026-09-22T20:02:03.3960323Z    Compiling zvariant_derive v5.15.0
linux-packages	Build optimized AppImage and Debian packages without updater signatures	2026-09-22T20:02:03.8386881Z    Compiling event-listener-strategy v0.5.4
linux-packages	Build optimized AppImage and Debian packages without updater signatures	2026-09-22T20:02:03.9166558Z    Compiling dbus v0.9.12
linux-packages	Build optimized AppImage and Debian packages without updater signatures	2026-09-22T20:02:05.6247130Z    Compiling ico v0.5.0
linux-packages	Build optimized AppImage and Debian packages without updater signatures	2026-09-22T20:02:06.0576797Z    Compiling gdkx11 v0.18.2
linux-packages	Build optimized AppImage and Debian packages without updater signatures	2026-09-22T20:02:07.1529809Z    Compiling futures-lite v2.6.1
linux-packages	Build optimized AppImage and Debian packages without updater signatures	2026-09-22T20:02:07.9905983Z    Compiling http-body v1.1.0
linux-packages	Build optimized AppImage and Debian packages without updater signatures	2026-09-22T20:02:08.0806958Z    Compiling gdkwayland-sys v0.18.2
linux-packages	Build optimized AppImage and Debian packages without updater signatures	2026-09-22T20:02:08.1646857Z    Compiling tauri-runtime-wry v2.11.4
linux-packages	Build optimized AppImage and Debian packages without updater signatures	2026-09-22T20:02:08.2473127Z    Compiling unicode-segmentation v1.13.3
linux-packages	Build optimized AppImage and Debian packages without updater signatures	2026-09-22T20:02:08.7132101Z    Compiling httparse v1.10.1
linux-packages	Build optimized AppImage and Debian packages without updater signatures	2026-09-22T20:02:08.9026863Z    Compiling getrandom v0.3.4
linux-packages	Build optimized AppImage and Debian packages without updater signatures	2026-09-22T20:02:09.0666945Z    Compiling rustls v0.23.43
linux-packages	Build optimized AppImage and Debian packages without updater signatures	2026-09-22T20:02:09.2189425Z    Compiling crossbeam-epoch v0.9.20
linux-packages	Build optimized AppImage and Debian packages without updater signatures	2026-09-22T20:02:09.3347607Z    Compiling keyboard-types v0.7.0
linux-packages	Build optimized AppImage and Debian packages without updater signatures	2026-09-22T20:02:09.7296962Z    Compiling tao v0.35.3
linux-packages	Build optimized AppImage and Debian packages without updater signatures	2026-09-22T20:02:11.9548196Z    Compiling tauri-codegen v2.6.3
linux-packages	Build optimized AppImage and Debian packages without updater signatures	2026-09-22T20:02:12.6124353Z    Compiling rustls-webpki v0.103.15
linux-packages	Build optimized AppImage and Debian packages without updater signatures	2026-09-22T20:02:13.4247085Z    Compiling async-io v2.6.0
linux-packages	Build optimized AppImage and Debian packages without updater signatures	2026-09-22T20:02:13.5108290Z    Compiling serialize-to-javascript-impl v0.1.2
linux-packages	Build optimized AppImage and Debian packages without updater signatures	2026-09-22T20:02:13.7276839Z    Compiling serde_repr v0.1.21
linux-packages	Build optimized AppImage and Debian packages without updater signatures	2026-09-22T20:02:14.0066969Z    Compiling subtle v2.6.1
linux-packages	Build optimized AppImage and Debian packages without updater signatures	2026-09-22T20:02:14.1097144Z    Compiling tower-service v0.3.3
linux-packages	Build optimized AppImage and Debian packages without updater signatures	2026-09-22T20:02:14.1517087Z    Compiling crossbeam-deque v0.8.7
linux-packages	Build optimized AppImage and Debian packages without updater signatures	2026-09-22T20:02:14.2717083Z    Compiling try-lock v0.2.5
linux-packages	Build optimized AppImage and Debian packages without updater signatures	2026-09-22T20:02:14.3256852Z    Compiling want v0.3.1
linux-packages	Build optimized AppImage and Debian packages without updater signatures	2026-09-22T20:02:14.4527428Z    Compiling serialize-to-javascript v0.1.2
linux-packages	Build optimized AppImage and Debian packages without updater signatures	2026-09-22T20:02:14.5896928Z    Compiling tauri-macros v2.6.3
linux-packages	Build optimized AppImage and Debian packages without updater signatures	2026-09-22T20:02:15.6126996Z    Compiling muda v0.19.3
linux-packages	Build optimized AppImage and Debian packages without updater signatures	2026-09-22T20:02:20.2707095Z    Compiling enumflags2 v0.7.12
linux-packages	Build optimized AppImage and Debian packages without updater signatures	2026-09-22T20:02:20.4077030Z    Compiling polling v3.11.0
linux-packages	Build optimized AppImage and Debian packages without updater signatures	2026-09-22T20:02:20.6746766Z    Compiling zcheapstr v1.1.0
linux-packages	Build optimized AppImage and Debian packages without updater signatures	2026-09-22T20:02:20.7766883Z    Compiling errno v0.3.14
linux-packages	Build optimized AppImage and Debian packages without updater signatures	2026-09-22T20:02:20.8787147Z    Compiling async-task v4.7.1
linux-packages	Build optimized AppImage and Debian packages without updater signatures	2026-09-22T20:02:21.0717179Z    Compiling mime v0.3.17
linux-packages	Build optimized AppImage and Debian packages without updater signatures	2026-09-22T20:02:22.7396928Z    Compiling rayon-core v1.13.0
linux-packages	Build optimized AppImage and Debian packages without updater signatures	2026-09-22T20:02:22.8116888Z    Compiling endi v1.1.1
linux-packages	Build optimized AppImage and Debian packages without updater signatures	2026-09-22T20:02:22.9092213Z    Compiling zvariant v5.15.0
linux-packages	Build optimized AppImage and Debian packages without updater signatures	2026-09-22T20:02:26.4457051Z    Compiling signal-hook-registry v1.4.8
linux-packages	Build optimized AppImage and Debian packages without updater signatures	2026-09-22T20:02:29.2284459Z    Compiling hyper v1.11.1
linux-packages	Build optimized AppImage and Debian packages without updater signatures	2026-09-22T20:02:30.9577684Z    Compiling async-channel v2.5.0
linux-packages	Build optimized AppImage and Debian packages without updater signatures	2026-09-22T20:02:31.1967617Z    Compiling tauri-plugin-fs v2.5.1
linux-packages	Build optimized AppImage and Debian packages without updater signatures	2026-09-22T20:02:31.3844686Z    Compiling sync_wrapper v1.0.2
linux-packages	Build optimized AppImage and Debian packages without updater signatures	2026-09-22T20:02:31.5487274Z    Compiling ipnet v2.12.1
linux-packages	Build optimized AppImage and Debian packages without updater signatures	2026-09-22T20:02:31.7994403Z    Compiling tower-layer v0.3.3
linux-packages	Build optimized AppImage and Debian packages without updater signatures	2026-09-22T20:02:31.9587159Z    Compiling tower v0.5.3
linux-packages	Build optimized AppImage and Debian packages without updater signatures	2026-09-22T20:02:32.2651718Z    Compiling hyper-util v0.1.20
linux-packages	Build optimized AppImage and Debian packages without updater signatures	2026-09-22T20:02:34.1017156Z    Compiling async-signal v0.2.14
linux-packages	Build optimized AppImage and Debian packages without updater signatures	2026-09-22T20:02:34.2597068Z    Compiling zbus_names v4.3.4
linux-packages	Build optimized AppImage and Debian packages without updater signatures	2026-09-22T20:02:34.3055974Z    Compiling tokio-rustls v0.26.4
linux-packages	Build optimized AppImage and Debian packages without updater signatures	2026-09-22T20:02:34.5501830Z    Compiling async-lock v3.4.2
linux-packages	Build optimized AppImage and Debian packages without updater signatures	2026-09-22T20:02:34.8327180Z    Compiling webpki-roots v1.0.9
linux-packages	Build optimized AppImage and Debian packages without updater signatures	2026-09-22T20:02:34.8971473Z    Compiling piper v0.2.5
linux-packages	Build optimized AppImage and Debian packages without updater signatures	2026-09-22T20:02:35.0786983Z    Compiling either v1.18.0
linux-packages	Build optimized AppImage and Debian packages without updater signatures	2026-09-22T20:02:35.2557044Z    Compiling openssl-probe v0.2.1
linux-packages	Build optimized AppImage and Debian packages without updater signatures	2026-09-22T20:02:35.3637060Z    Compiling getrandom v0.4.3
linux-packages	Build optimized AppImage and Debian packages without updater signatures	2026-09-22T20:02:35.4001857Z    Compiling itertools v0.14.0
linux-packages	Build optimized AppImage and Debian packages without updater signatures	2026-09-22T20:02:35.4796930Z    Compiling rustls-native-certs v0.8.4
linux-packages	Build optimized AppImage and Debian packages without updater signatures	2026-09-22T20:02:35.8849221Z    Compiling rayon v1.12.0
linux-packages	Build optimized AppImage and Debian packages without updater signatures	2026-09-22T20:02:35.9646844Z    Compiling async-process v2.5.0
linux-packages	Build optimized AppImage and Debian packages without updater signatures	2026-09-22T20:02:36.8517290Z    Compiling blocking v1.7.0
linux-packages	Build optimized AppImage and Debian packages without updater signatures	2026-09-22T20:02:37.1713707Z    Compiling hyper-rustls v0.27.9
linux-packages	Build optimized AppImage and Debian packages without updater signatures	2026-09-22T20:02:37.5526845Z    Compiling zbus_macros v5.19.0
linux-packages	Build optimized AppImage and Debian packages without updater signatures	2026-09-22T20:02:37.9847064Z    Compiling tower-http v0.6.11
linux-packages	Build optimized AppImage and Debian packages without updater signatures	2026-09-22T20:02:38.5066721Z    Compiling async-executor v1.14.0
linux-packages	Build optimized AppImage and Debian packages without updater signatures	2026-09-22T20:02:38.5268578Z    Compiling http-body-util v0.1.5
linux-packages	Build optimized AppImage and Debian packages without updater signatures	2026-09-22T20:02:38.7863940Z    Compiling async-broadcast v0.7.2
linux-packages	Build optimized AppImage and Debian packages without updater signatures	2026-09-22T20:02:38.8991018Z    Compiling tauri-plugin-dialog v2.7.2
linux-packages	Build optimized AppImage and Debian packages without updater signatures	2026-09-22T20:02:38.9877028Z    Compiling tauri-plugin-opener v2.5.4
linux-packages	Build optimized AppImage and Debian packages without updater signatures	2026-09-22T20:02:39.2207195Z    Compiling tauri-plugin-updater v2.10.1
linux-packages	Build optimized AppImage and Debian packages without updater signatures	2026-09-22T20:02:39.3127173Z    Compiling is-docker v0.2.0
linux-packages	Build optimized AppImage and Debian packages without updater signatures	2026-09-22T20:02:39.3966702Z    Compiling async-recursion v1.1.1
linux-packages	Build optimized AppImage and Debian packages without updater signatures	2026-09-22T20:02:39.4686969Z    Compiling ordered-stream v0.2.0
linux-packages	Build optimized AppImage and Debian packages without updater signatures	2026-09-22T20:02:39.5473903Z    Compiling async-trait v0.1.92
linux-packages	Build optimized AppImage and Debian packages without updater signatures	2026-09-22T20:02:39.7587040Z    Compiling bumpalo v3.20.3
linux-packages	Build optimized AppImage and Debian packages without updater signatures	2026-09-22T20:02:39.7796955Z    Compiling hex v0.4.3
linux-packages	Build optimized AppImage and Debian packages without updater signatures	2026-09-22T20:02:39.9846667Z    Compiling zip v2.4.2
linux-packages	Build optimized AppImage and Debian packages without updater signatures	2026-09-22T20:02:39.9905790Z    Compiling rfd v0.16.0
linux-packages	Build optimized AppImage and Debian packages without updater signatures	2026-09-22T20:02:40.0032342Z    Compiling zopfli v0.8.3
linux-packages	Build optimized AppImage and Debian packages without updater signatures	2026-09-22T20:02:40.0854279Z    Compiling is-wsl v0.4.0
linux-packages	Build optimized AppImage and Debian packages without updater signatures	2026-09-22T20:02:40.2374330Z    Compiling zbus v5.19.0
linux-packages	Build optimized AppImage and Debian packages without updater signatures	2026-09-22T20:02:40.2487286Z    Compiling sysinfo v0.33.1
linux-packages	Build optimized AppImage and Debian packages without updater signatures	2026-09-22T20:02:40.2526883Z    Compiling prost-derive v0.13.5
linux-packages	Build optimized AppImage and Debian packages without updater signatures	2026-09-22T20:02:41.0917171Z    Compiling rustls-platform-verifier v0.7.0
linux-packages	Build optimized AppImage and Debian packages without updater signatures	2026-09-22T20:02:42.1737469Z    Compiling xattr v1.6.1
linux-packages	Build optimized AppImage and Debian packages without updater signatures	2026-09-22T20:02:42.5637055Z    Compiling tokio-util v0.7.19
linux-packages	Build optimized AppImage and Debian packages without updater signatures	2026-09-22T20:02:42.5660413Z    Compiling filetime v0.2.29
linux-packages	Build optimized AppImage and Debian packages without updater signatures	2026-09-22T20:02:42.7406918Z    Compiling ryu v1.0.23
linux-packages	Build optimized AppImage and Debian packages without updater signatures	2026-09-22T20:02:42.9078484Z    Compiling lzma-rust2 v0.20.1
linux-packages	Build optimized AppImage and Debian packages without updater signatures	2026-09-22T20:02:43.1316918Z    Compiling reqwest v0.13.4
linux-packages	Build optimized AppImage and Debian packages without updater signatures	2026-09-22T20:02:44.1357243Z    Compiling serde_urlencoded v0.7.1
linux-packages	Build optimized AppImage and Debian packages without updater signatures	2026-09-22T20:02:45.1762834Z    Compiling tar v0.4.46
linux-packages	Build optimized AppImage and Debian packages without updater signatures	2026-09-22T20:02:45.2756928Z    Compiling sevenz-rust2 v0.22.2
linux-packages	Build optimized AppImage and Debian packages without updater signatures	2026-09-22T20:02:47.0936593Z    Compiling prost v0.13.5
linux-packages	Build optimized AppImage and Debian packages without updater signatures	2026-09-22T20:02:47.5346839Z    Compiling tempfile v3.27.0
linux-packages	Build optimized AppImage and Debian packages without updater signatures	2026-09-22T20:02:48.1177041Z    Compiling open v5.4.2
linux-packages	Build optimized AppImage and Debian packages without updater signatures	2026-09-22T20:02:49.4623901Z    Compiling execs v0.2.0 (/home/runner/work/execs/execs/apps/desktop/src-tauri)
linux-packages	Build optimized AppImage and Debian packages without updater signatures	2026-09-22T20:02:49.8372764Z    Compiling libloading v0.8.9
linux-packages	Build optimized AppImage and Debian packages without updater signatures	2026-09-22T20:02:49.9796947Z    Compiling minisign-verify v0.2.5
linux-packages	Build optimized AppImage and Debian packages without updater signatures	2026-09-22T20:02:51.2446353Z    Compiling execs-inventory-probe v0.1.0 (/home/runner/work/execs/execs/tools/inventory-probe)
linux-packages	Build optimized AppImage and Debian packages without updater signatures	2026-09-22T20:02:51.6887213Z    Compiling execs-core v0.2.0 (/home/runner/work/execs/execs/apps/desktop/src-tauri/core)
linux-packages	Build optimized AppImage and Debian packages without updater signatures	2026-09-22T20:02:53.5027602Z    Compiling tauri-plugin-single-instance v2.4.4
linux-packages	Build optimized AppImage and Debian packages without updater signatures	2026-09-22T20:02:53.9707067Z    Compiling reqwest v0.12.28
linux-packages	Build optimized AppImage and Debian packages without updater signatures	2026-09-22T20:07:09.0244764Z     Finished `release` profile [optimized] target(s) in 6m 40s
linux-packages	Build optimized AppImage and Debian packages without updater signatures	2026-09-22T20:07:09.0574998Z        Built application at: /home/runner/work/execs/execs/apps/desktop/src-tauri/target/release/execs
linux-packages	Build optimized AppImage and Debian packages without updater signatures	2026-09-22T20:07:09.0576538Z      Running beforeBundleCommand `node ../../scripts/appimage-host-libraries.mjs --prepare`
linux-packages	Build optimized AppImage and Debian packages without updater signatures	2026-09-22T20:07:09.9090055Z         Info Patching /home/runner/work/execs/execs/apps/desktop/src-tauri/target/release/execs with bundle type information: appimage
linux-packages	Build optimized AppImage and Debian packages without updater signatures	2026-09-22T20:07:10.0271133Z  Downloading https://github.com/tauri-apps/binary-releases/releases/download/apprun-old/AppRun-x86_64
linux-packages	Build optimized AppImage and Debian packages without updater signatures	2026-09-22T20:07:10.2490390Z  Downloading https://github.com/tauri-apps/binary-releases/releases/download/linuxdeploy/linuxdeploy-x86_64.AppImage
linux-packages	Build optimized AppImage and Debian packages without updater signatures	2026-09-22T20:07:10.5950990Z  Downloading https://raw.githubusercontent.com/tauri-apps/linuxdeploy-plugin-gtk/master/linuxdeploy-plugin-gtk.sh
linux-packages	Build optimized AppImage and Debian packages without updater signatures	2026-09-22T20:07:10.7351618Z  Downloading https://raw.githubusercontent.com/tauri-apps/linuxdeploy-plugin-gstreamer/master/linuxdeploy-plugin-gstreamer.sh
linux-packages	Build optimized AppImage and Debian packages without updater signatures	2026-09-22T20:07:10.8173678Z     Bundling execs_0.2.0_amd64.AppImage (/home/runner/work/execs/execs/apps/desktop/src-tauri/target/release/bundle/appimage/execs_0.2.0_amd64.AppImage)
linux-packages	Build optimized AppImage and Debian packages without updater signatures	2026-09-22T20:09:43.3214842Z         Info Patching /home/runner/work/execs/execs/apps/desktop/src-tauri/target/release/execs with bundle type information: deb
linux-packages	Build optimized AppImage and Debian packages without updater signatures	2026-09-22T20:09:43.3996483Z     Bundling execs_0.2.0_amd64.deb (/home/runner/work/execs/execs/apps/desktop/src-tauri/target/release/bundle/deb/execs_0.2.0_amd64.deb)
linux-packages	Build optimized AppImage and Debian packages without updater signatures	2026-09-22T20:09:44.3126530Z     Finished 2 bundles at:
linux-packages	Build optimized AppImage and Debian packages without updater signatures	2026-09-22T20:09:44.3127220Z         /home/runner/work/execs/execs/apps/desktop/src-tauri/target/release/bundle/appimage/execs_0.2.0_amd64.AppImage
linux-packages	Build optimized AppImage and Debian packages without updater signatures	2026-09-22T20:09:44.3127929Z         /home/runner/work/execs/execs/apps/desktop/src-tauri/target/release/bundle/deb/execs_0.2.0_amd64.deb
linux-packages	Build optimized AppImage and Debian packages without updater signatures	2026-09-22T20:09:44.3128324Z 
linux-packages	Install pinned external native driver	2026-09-22T20:09:44.3310774Z ##[group]Run cargo install tauri-driver --version 2.0.6 --locked
linux-packages	Install pinned external native driver	2026-09-22T20:09:44.3311238Z cargo install tauri-driver --version 2.0.6 --locked
linux-packages	Install pinned external native driver	2026-09-22T20:09:44.3350831Z shell: /usr/bin/bash -e {0}
linux-packages	Install pinned external native driver	2026-09-22T20:09:44.3351110Z env:
linux-packages	Install pinned external native driver	2026-09-22T20:09:44.3351371Z   PNPM_HOME: /home/runner/setup-pnpm/node_modules/.bin
linux-packages	Install pinned external native driver	2026-09-22T20:09:44.3351690Z   CARGO_HOME: /home/runner/.cargo
linux-packages	Install pinned external native driver	2026-09-22T20:09:44.3351936Z   CARGO_INCREMENTAL: 0
linux-packages	Install pinned external native driver	2026-09-22T20:09:44.3352171Z   CARGO_TERM_COLOR: always
linux-packages	Install pinned external native driver	2026-09-22T20:09:44.3352392Z   CACHE_ON_FAILURE: false
linux-packages	Install pinned external native driver	2026-09-22T20:09:44.3352613Z ##[endgroup]
linux-packages	Install pinned external native driver	2026-09-22T20:09:44.3633289Z     Updating crates.io index
linux-packages	Install pinned external native driver	2026-09-22T20:09:44.4916508Z  Downloading crates ...
linux-packages	Install pinned external native driver	2026-09-22T20:09:44.6348543Z   Downloaded tauri-driver v2.0.6
linux-packages	Install pinned external native driver	2026-09-22T20:09:44.7230839Z   Installing tauri-driver v2.0.6
linux-packages	Install pinned external native driver	2026-09-22T20:09:44.7246442Z     Updating crates.io index
linux-packages	Install pinned external native driver	2026-09-22T20:09:45.1528266Z     Updating crates.io index
linux-packages	Install pinned external native driver	2026-09-22T20:09:45.3358632Z  Downloading crates ...
linux-packages	Install pinned external native driver	2026-09-22T20:09:45.4108336Z   Downloaded anyhow v1.0.95
linux-packages	Install pinned external native driver	2026-09-22T20:09:45.4467602Z   Downloaded bytes v1.11.1
linux-packages	Install pinned external native driver	2026-09-22T20:09:45.4533177Z   Downloaded env_home v0.1.0
linux-packages	Install pinned external native driver	2026-09-22T20:09:45.4540206Z   Downloaded errno v0.3.10
linux-packages	Install pinned external native driver	2026-09-22T20:09:45.4583995Z   Downloaded tokio-macros v2.5.0
linux-packages	Install pinned external native driver	2026-09-22T20:09:45.4601838Z   Downloaded futures-macro v0.3.31
linux-packages	Install pinned external native driver	2026-09-22T20:09:45.4726713Z   Downloaded pin-utils v0.1.0
linux-packages	Install pinned external native driver	2026-09-22T20:09:45.4739108Z   Downloaded autocfg v1.4.0
linux-packages	Install pinned external native driver	2026-09-22T20:09:45.4750843Z   Downloaded httpdate v1.0.3
linux-packages	Install pinned external native driver	2026-09-22T20:09:45.4888616Z   Downloaded futures-core v0.3.31
linux-packages	Install pinned external native driver	2026-09-22T20:09:45.4916111Z   Downloaded http-body v1.0.1
linux-packages	Install pinned external native driver	2026-09-22T20:09:45.4924043Z   Downloaded signal-hook-tokio v0.4.0
linux-packages	Install pinned external native driver	2026-09-22T20:09:45.5048369Z   Downloaded http-body-util v0.1.2
linux-packages	Install pinned external native driver	2026-09-22T20:09:45.5065852Z   Downloaded futures-sink v0.3.31
linux-packages	Install pinned external native driver	2026-09-22T20:09:45.5075320Z   Downloaded futures-task v0.3.31
linux-packages	Install pinned external native driver	2026-09-22T20:09:45.5105653Z   Downloaded futures-io v0.3.31
linux-packages	Install pinned external native driver	2026-09-22T20:09:45.5129787Z   Downloaded pico-args v0.5.0
linux-packages	Install pinned external native driver	2026-09-22T20:09:45.5138665Z   Downloaded itoa v1.0.14
linux-packages	Install pinned external native driver	2026-09-22T20:09:45.5151540Z   Downloaded slab v0.4.9
linux-packages	Install pinned external native driver	2026-09-22T20:09:45.5160662Z   Downloaded httparse v1.9.5
linux-packages	Install pinned external native driver	2026-09-22T20:09:45.5175614Z   Downloaded signal-hook-registry v1.4.2
linux-packages	Install pinned external native driver	2026-09-22T20:09:45.5183302Z   Downloaded quote v1.0.38
linux-packages	Install pinned external native driver	2026-09-22T20:09:45.5224007Z   Downloaded futures-executor v0.3.31
linux-packages	Install pinned external native driver	2026-09-22T20:09:45.5238372Z   Downloaded futures-channel v0.3.31
linux-packages	Install pinned external native driver	2026-09-22T20:09:45.5366261Z   Downloaded which v8.0.0
linux-packages	Install pinned external native driver	2026-09-22T20:09:45.5378156Z   Downloaded pin-project-lite v0.2.16
linux-packages	Install pinned external native driver	2026-09-22T20:09:45.5410374Z   Downloaded smallvec v1.13.2
linux-packages	Install pinned external native driver	2026-09-22T20:09:45.5424624Z   Downloaded bitflags v2.7.0
linux-packages	Install pinned external native driver	2026-09-22T20:09:45.5448041Z   Downloaded unicode-ident v1.0.14
linux-packages	Install pinned external native driver	2026-09-22T20:09:45.5466618Z   Downloaded tracing-core v0.1.33
linux-packages	Install pinned external native driver	2026-09-22T20:09:45.5488351Z   Downloaded proc-macro2 v1.0.106
linux-packages	Install pinned external native driver	2026-09-22T20:09:45.5508011Z   Downloaded socket2 v0.5.8
linux-packages	Install pinned external native driver	2026-09-22T20:09:45.5522288Z   Downloaded ryu v1.0.18
linux-packages	Install pinned external native driver	2026-09-22T20:09:45.5542400Z   Downloaded serde_core v1.0.228
linux-packages	Install pinned external native driver	2026-09-22T20:09:45.5562793Z   Downloaded serde_derive v1.0.228
linux-packages	Install pinned external native driver	2026-09-22T20:09:45.5582490Z   Downloaded signal-hook v0.4.1
linux-packages	Install pinned external native driver	2026-09-22T20:09:45.5600032Z   Downloaded futures v0.3.31
linux-packages	Install pinned external native driver	2026-09-22T20:09:45.5626004Z   Downloaded socket2 v0.6.1
linux-packages	Install pinned external native driver	2026-09-22T20:09:45.5638996Z   Downloaded tracing v0.1.41
linux-packages	Install pinned external native driver	2026-09-22T20:09:45.5665931Z   Downloaded memchr v2.7.4
linux-packages	Install pinned external native driver	2026-09-22T20:09:45.5699493Z   Downloaded serde v1.0.228
linux-packages	Install pinned external native driver	2026-09-22T20:09:45.5726057Z   Downloaded mio v1.0.3
linux-packages	Install pinned external native driver	2026-09-22T20:09:45.5765541Z   Downloaded http v1.3.1
linux-packages	Install pinned external native driver	2026-09-22T20:09:45.5793630Z   Downloaded hyper-util v0.1.19
linux-packages	Install pinned external native driver	2026-09-22T20:09:45.5836920Z   Downloaded serde_json v1.0.145
linux-packages	Install pinned external native driver	2026-09-22T20:09:45.5896045Z   Downloaded hyper v1.8.1
linux-packages	Install pinned external native driver	2026-09-22T20:09:45.5938997Z   Downloaded futures-util v0.3.31
linux-packages	Install pinned external native driver	2026-09-22T20:09:45.6007484Z   Downloaded syn v2.0.117
linux-packages	Install pinned external native driver	2026-09-22T20:09:45.6103238Z   Downloaded rustix v1.0.7
linux-packages	Install pinned external native driver	2026-09-22T20:09:45.6255366Z   Downloaded libc v0.2.178
linux-packages	Install pinned external native driver	2026-09-22T20:09:45.6463891Z   Downloaded tokio v1.45.1
linux-packages	Install pinned external native driver	2026-09-22T20:09:45.6694922Z   Downloaded linux-raw-sys v0.9.4
linux-packages	Install pinned external native driver	2026-09-22T20:09:45.7325978Z    Compiling proc-macro2 v1.0.106
linux-packages	Install pinned external native driver	2026-09-22T20:09:45.7326813Z    Compiling unicode-ident v1.0.14
linux-packages	Install pinned external native driver	2026-09-22T20:09:45.7327465Z    Compiling libc v0.2.178
linux-packages	Install pinned external native driver	2026-09-22T20:09:45.7328067Z    Compiling pin-project-lite v0.2.16
linux-packages	Install pinned external native driver	2026-09-22T20:09:45.7743341Z    Compiling autocfg v1.4.0
linux-packages	Install pinned external native driver	2026-09-22T20:09:45.7853726Z    Compiling futures-core v0.3.31
linux-packages	Install pinned external native driver	2026-09-22T20:09:45.8707038Z    Compiling futures-sink v0.3.31
linux-packages	Install pinned external native driver	2026-09-22T20:09:45.9217513Z    Compiling futures-channel v0.3.31
linux-packages	Install pinned external native driver	2026-09-22T20:09:46.0646024Z    Compiling slab v0.4.9
linux-packages	Install pinned external native driver	2026-09-22T20:09:46.1116919Z    Compiling pin-utils v0.1.0
linux-packages	Install pinned external native driver	2026-09-22T20:09:46.1347590Z    Compiling memchr v2.7.4
linux-packages	Install pinned external native driver	2026-09-22T20:09:46.1887939Z    Compiling itoa v1.0.14
linux-packages	Install pinned external native driver	2026-09-22T20:09:46.4027082Z    Compiling quote v1.0.38
linux-packages	Install pinned external native driver	2026-09-22T20:09:46.5290211Z    Compiling futures-task v0.3.31
linux-packages	Install pinned external native driver	2026-09-22T20:09:46.6047534Z    Compiling syn v2.0.117
linux-packages	Install pinned external native driver	2026-09-22T20:09:46.6386956Z    Compiling bytes v1.11.1
linux-packages	Install pinned external native driver	2026-09-22T20:09:46.8481934Z    Compiling futures-io v0.3.31
linux-packages	Install pinned external native driver	2026-09-22T20:09:46.9668765Z    Compiling fnv v1.0.7
linux-packages	Install pinned external native driver	2026-09-22T20:09:47.0156992Z    Compiling socket2 v0.5.8
linux-packages	Install pinned external native driver	2026-09-22T20:09:47.4233663Z    Compiling http v1.3.1
linux-packages	Install pinned external native driver	2026-09-22T20:09:47.5696813Z    Compiling mio v1.0.3
linux-packages	Install pinned external native driver	2026-09-22T20:09:47.9956695Z    Compiling serde_core v1.0.228
linux-packages	Install pinned external native driver	2026-09-22T20:09:48.1537151Z    Compiling httparse v1.9.5
linux-packages	Install pinned external native driver	2026-09-22T20:09:48.2346226Z    Compiling try-lock v0.2.5
linux-packages	Install pinned external native driver	2026-09-22T20:09:48.2874396Z    Compiling http-body v1.0.1
linux-packages	Install pinned external native driver	2026-09-22T20:09:48.3419674Z    Compiling rustix v1.0.7
linux-packages	Install pinned external native driver	2026-09-22T20:09:48.3722626Z    Compiling signal-hook v0.4.1
linux-packages	Install pinned external native driver	2026-09-22T20:09:48.4494192Z    Compiling once_cell v1.21.4
linux-packages	Install pinned external native driver	2026-09-22T20:09:48.6418321Z    Compiling tracing-core v0.1.33
linux-packages	Install pinned external native driver	2026-09-22T20:09:49.0466942Z    Compiling want v0.3.1
linux-packages	Install pinned external native driver	2026-09-22T20:09:49.5496894Z    Compiling signal-hook-registry v1.4.2
linux-packages	Install pinned external native driver	2026-09-22T20:09:49.6162129Z    Compiling atomic-waker v1.1.2
linux-packages	Install pinned external native driver	2026-09-22T20:09:49.6844402Z    Compiling anyhow v1.0.95
linux-packages	Install pinned external native driver	2026-09-22T20:09:49.8467457Z    Compiling serde v1.0.228
linux-packages	Install pinned external native driver	2026-09-22T20:09:49.9947063Z    Compiling serde_json v1.0.145
linux-packages	Install pinned external native driver	2026-09-22T20:09:50.0730302Z    Compiling smallvec v1.13.2
linux-packages	Install pinned external native driver	2026-09-22T20:09:50.1617105Z    Compiling futures-macro v0.3.31
linux-packages	Install pinned external native driver	2026-09-22T20:09:50.2186844Z    Compiling tokio-macros v2.5.0
linux-packages	Install pinned external native driver	2026-09-22T20:09:50.2728195Z    Compiling bitflags v2.7.0
linux-packages	Install pinned external native driver	2026-09-22T20:09:50.6312429Z    Compiling httpdate v1.0.3
linux-packages	Install pinned external native driver	2026-09-22T20:09:50.6613875Z    Compiling tokio v1.45.1
linux-packages	Install pinned external native driver	2026-09-22T20:09:50.7512818Z    Compiling futures-util v0.3.31
linux-packages	Install pinned external native driver	2026-09-22T20:09:50.9873300Z    Compiling linux-raw-sys v0.9.4
linux-packages	Install pinned external native driver	2026-09-22T20:09:51.6266812Z    Compiling serde_derive v1.0.228
linux-packages	Install pinned external native driver	2026-09-22T20:09:53.8697184Z    Compiling hyper v1.8.1
linux-packages	Install pinned external native driver	2026-09-22T20:09:54.3620694Z    Compiling futures-executor v0.3.31
linux-packages	Install pinned external native driver	2026-09-22T20:09:54.8310859Z    Compiling tracing v0.1.41
linux-packages	Install pinned external native driver	2026-09-22T20:09:55.1377196Z    Compiling socket2 v0.6.1
linux-packages	Install pinned external native driver	2026-09-22T20:09:55.8046895Z    Compiling env_home v0.1.0
linux-packages	Install pinned external native driver	2026-09-22T20:09:55.8631400Z    Compiling tower-service v0.3.3
linux-packages	Install pinned external native driver	2026-09-22T20:09:55.9017086Z    Compiling ryu v1.0.18
linux-packages	Install pinned external native driver	2026-09-22T20:09:56.1791883Z    Compiling hyper-util v0.1.19
linux-packages	Install pinned external native driver	2026-09-22T20:09:58.3543061Z    Compiling which v8.0.0
linux-packages	Install pinned external native driver	2026-09-22T20:09:58.6108026Z    Compiling signal-hook-tokio v0.4.0
linux-packages	Install pinned external native driver	2026-09-22T20:09:58.7887026Z    Compiling futures v0.3.31
linux-packages	Install pinned external native driver	2026-09-22T20:09:58.8217072Z    Compiling http-body-util v0.1.2
linux-packages	Install pinned external native driver	2026-09-22T20:09:59.0587054Z    Compiling pico-args v0.5.0
linux-packages	Install pinned external native driver	2026-09-22T20:09:59.4002710Z    Compiling tauri-driver v2.0.6
linux-packages	Install pinned external native driver	2026-09-22T20:10:03.1260700Z     Finished `release` profile [optimized] target(s) in 18.77s
linux-packages	Install pinned external native driver	2026-09-22T20:10:03.1301535Z   Installing /home/runner/.cargo/bin/tauri-driver
linux-packages	Install pinned external native driver	2026-09-22T20:10:03.1302504Z    Installed package `tauri-driver v2.0.6` (executable `tauri-driver`)
linux-packages	Previous-public package upgrades, native round trip and Debian first install	2026-09-22T20:10:03.1674610Z ##[group]Run xvfb-run -a -s '-screen 0 1600x1200x24' dbus-run-session -- node scripts/development-package-smoke.mjs
linux-packages	Previous-public package upgrades, native round trip and Debian first install	2026-09-22T20:10:03.1675595Z xvfb-run -a -s '-screen 0 1600x1200x24' dbus-run-session -- node scripts/development-package-smoke.mjs
linux-packages	Previous-public package upgrades, native round trip and Debian first install	2026-09-22T20:10:03.1716274Z shell: /usr/bin/bash -e {0}
linux-packages	Previous-public package upgrades, native round trip and Debian first install	2026-09-22T20:10:03.1716563Z env:
linux-packages	Previous-public package upgrades, native round trip and Debian first install	2026-09-22T20:10:03.1716838Z   PNPM_HOME: /home/runner/setup-pnpm/node_modules/.bin
linux-packages	Previous-public package upgrades, native round trip and Debian first install	2026-09-22T20:10:03.1717159Z   CARGO_HOME: /home/runner/.cargo
linux-packages	Previous-public package upgrades, native round trip and Debian first install	2026-09-22T20:10:03.1717415Z   CARGO_INCREMENTAL: 0
linux-packages	Previous-public package upgrades, native round trip and Debian first install	2026-09-22T20:10:03.1717667Z   CARGO_TERM_COLOR: always
linux-packages	Previous-public package upgrades, native round trip and Debian first install	2026-09-22T20:10:03.1717905Z   CACHE_ON_FAILURE: false
linux-packages	Previous-public package upgrades, native round trip and Debian first install	2026-09-22T20:10:03.1720439Z   GH_TOKEN: ***
linux-packages	Previous-public package upgrades, native round trip and Debian first install	2026-09-22T20:10:03.1720654Z ##[endgroup]
linux-packages	Previous-public package upgrades, native round trip and Debian first install	2026-09-22T20:10:11.8022488Z dbus-daemon[20009]: [session uid=1001 pid=20009] Activating service name='org.freedesktop.portal.Desktop' requested by ':1.0' (uid=1001 pid=20074 comm="dbus-send --session --dest=org.freedesktop.portal." label="unconfined")
linux-packages	Previous-public package upgrades, native round trip and Debian first install	2026-09-22T20:10:11.8217907Z dbus-daemon[20009]: [session uid=1001 pid=20009] Activating service name='org.freedesktop.portal.Documents' requested by ':1.1' (uid=1001 pid=20080 comm="/usr/libexec/xdg-desktop-portal " label="unconfined")
linux-packages	Previous-public package upgrades, native round trip and Debian first install	2026-09-22T20:10:11.8272097Z dbus-daemon[20009]: [session uid=1001 pid=20009] Activating service name='org.freedesktop.impl.portal.PermissionStore' requested by ':1.2' (uid=1001 pid=20085 comm="/usr/libexec/xdg-document-portal " label="unconfined")
linux-packages	Previous-public package upgrades, native round trip and Debian first install	2026-09-22T20:10:11.8305437Z dbus-daemon[20009]: [session uid=1001 pid=20009] Successfully activated service 'org.freedesktop.impl.portal.PermissionStore'
linux-packages	Previous-public package upgrades, native round trip and Debian first install	2026-09-22T20:10:11.8321926Z dbus-daemon[20009]: [session uid=1001 pid=20009] Successfully activated service 'org.freedesktop.portal.Documents'
linux-packages	Previous-public package upgrades, native round trip and Debian first install	2026-09-22T20:10:11.8370244Z dbus-daemon[20009]: [session uid=1001 pid=20009] Activating service name='org.freedesktop.impl.portal.desktop.gtk' requested by ':1.1' (uid=1001 pid=20080 comm="/usr/libexec/xdg-desktop-portal " label="unconfined")
linux-packages	Previous-public package upgrades, native round trip and Debian first install	2026-09-22T20:10:11.8863151Z 
linux-packages	Previous-public package upgrades, native round trip and Debian first install	2026-09-22T20:10:11.8865582Z (xdg-desktop-portal-gtk:20099): dbind-WARNING **: 20:10:11.886: AT-SPI: Error retrieving accessibility bus address: org.freedesktop.DBus.Error.ServiceUnknown: The name org.a11y.Bus was not provided by any .service files
linux-packages	Previous-public package upgrades, native round trip and Debian first install	2026-09-22T20:10:11.9128145Z dbus-daemon[20009]: [session uid=1001 pid=20009] Successfully activated service 'org.freedesktop.impl.portal.desktop.gtk'
linux-packages	Previous-public package upgrades, native round trip and Debian first install	2026-09-22T20:10:11.9404617Z 
linux-packages	Previous-public package upgrades, native round trip and Debian first install	2026-09-22T20:10:11.9406176Z ** (/usr/libexec/xdg-desktop-portal:20080): WARNING **: 20:10:11.940: Failed connect to PipeWire: Couldn't connect to PipeWire
linux-packages	Previous-public package upgrades, native round trip and Debian first install	2026-09-22T20:10:11.9426586Z dbus-daemon[20009]: [session uid=1001 pid=20009] Successfully activated service 'org.freedesktop.portal.Desktop'
linux-packages	Previous-public package upgrades, native round trip and Debian first install	2026-09-22T20:10:15.7827184Z dbus-daemon[20009]: [session uid=1001 pid=20009] Activating service name='ca.desrt.dconf' requested by ':1.8' (uid=1001 pid=20064 comm="execs " label="unconfined")
linux-packages	Previous-public package upgrades, native round trip and Debian first install	2026-09-22T20:10:15.8013319Z dbus-daemon[20009]: [session uid=1001 pid=20009] Successfully activated service 'ca.desrt.dconf'
linux-packages	Previous-public package upgrades, native round trip and Debian first install	2026-09-22T20:10:32.1580934Z Development Linux packages failed; fixture-only evidence: /home/runner/work/_temp/execs-development-packages-9gYHhQ/evidence
linux-packages	Previous-public package upgrades, native round trip and Debian first install	2026-09-22T20:10:32.1590788Z node:internal/modules/run_main:107
linux-packages	Previous-public package upgrades, native round trip and Debian first install	2026-09-22T20:10:32.1591199Z     triggerUncaughtException(
linux-packages	Previous-public package upgrades, native round trip and Debian first install	2026-09-22T20:10:32.1591457Z     ^
linux-packages	Previous-public package upgrades, native round trip and Debian first install	2026-09-22T20:10:32.1591561Z 
linux-packages	Previous-public package upgrades, native round trip and Debian first install	2026-09-22T20:10:32.1591864Z AggregateError: Package case failed; original and finalization errors retained
linux-packages	Previous-public package upgrades, native round trip and Debian first install	2026-09-22T20:10:32.1592503Z     at finishPackageCase (file:///home/runner/work/execs/execs/scripts/development-package-smoke.mjs:97:12)
linux-packages	Previous-public package upgrades, native round trip and Debian first install	2026-09-22T20:10:32.1593120Z     at process.processTicksAndRejections (node:internal/process/task_queues:104:5)
linux-packages	Previous-public package upgrades, native round trip and Debian first install	2026-09-22T20:10:32.1593706Z     at async main (file:///home/runner/work/execs/execs/scripts/development-package-smoke.mjs:490:21)
linux-packages	Previous-public package upgrades, native round trip and Debian first install	2026-09-22T20:10:32.1594306Z     at async file:///home/runner/work/execs/execs/scripts/development-package-smoke.mjs:513:3 {
linux-packages	Previous-public package upgrades, native round trip and Debian first install	2026-09-22T20:10:32.1594817Z   [cause]: Error: Timed out: file dialog accepts the exact owned path
linux-packages	Previous-public package upgrades, native round trip and Debian first install	2026-09-22T20:10:32.1595822Z       at waitUntil (file:///home/runner/work/execs/execs/scripts/linux-native-webdriver.mjs:18:9)
linux-packages	Previous-public package upgrades, native round trip and Debian first install	2026-09-22T20:10:32.1596557Z       at async DevelopmentPackageSession.chooseFile (file:///home/runner/work/execs/execs/scripts/development-package-native.mjs:317:5)
linux-packages	Previous-public package upgrades, native round trip and Debian first install	2026-09-22T20:10:32.1597430Z       at async DevelopmentPackageSession.exportPrevious (file:///home/runner/work/execs/execs/scripts/development-package-native.mjs:334:5)
linux-packages	Previous-public package upgrades, native round trip and Debian first install	2026-09-22T20:10:32.1598412Z       at async main (file:///home/runner/work/execs/execs/scripts/development-package-smoke.mjs:396:11)
linux-packages	Previous-public package upgrades, native round trip and Debian first install	2026-09-22T20:10:32.1599185Z       at async file:///home/runner/work/execs/execs/scripts/development-package-smoke.mjs:513:3 {
linux-packages	Previous-public package upgrades, native round trip and Debian first install	2026-09-22T20:10:32.1599707Z     [cause]: undefined
linux-packages	Previous-public package upgrades, native round trip and Debian first install	2026-09-22T20:10:32.1600063Z   },
linux-packages	Previous-public package upgrades, native round trip and Debian first install	2026-09-22T20:10:32.1600439Z   [errors]: [
linux-packages	Previous-public package upgrades, native round trip and Debian first install	2026-09-22T20:10:32.1600932Z     Error: Timed out: file dialog accepts the exact owned path
linux-packages	Previous-public package upgrades, native round trip and Debian first install	2026-09-22T20:10:32.1601618Z         at waitUntil (file:///home/runner/work/execs/execs/scripts/linux-native-webdriver.mjs:18:9)
linux-packages	Previous-public package upgrades, native round trip and Debian first install	2026-09-22T20:10:32.1602508Z         at async DevelopmentPackageSession.chooseFile (file:///home/runner/work/execs/execs/scripts/development-package-native.mjs:317:5)
linux-packages	Previous-public package upgrades, native round trip and Debian first install	2026-09-22T20:10:32.1603705Z         at async DevelopmentPackageSession.exportPrevious (file:///home/runner/work/execs/execs/scripts/development-package-native.mjs:334:5)
linux-packages	Previous-public package upgrades, native round trip and Debian first install	2026-09-22T20:10:32.1604684Z         at async main (file:///home/runner/work/execs/execs/scripts/development-package-smoke.mjs:396:11)
linux-packages	Previous-public package upgrades, native round trip and Debian first install	2026-09-22T20:10:32.1605538Z         at async file:///home/runner/work/execs/execs/scripts/development-package-smoke.mjs:513:3 {
linux-packages	Previous-public package upgrades, native round trip and Debian first install	2026-09-22T20:10:32.1606083Z       [cause]: undefined
linux-packages	Previous-public package upgrades, native round trip and Debian first install	2026-09-22T20:10:32.1606468Z     },
linux-packages	Previous-public package upgrades, native round trip and Debian first install	2026-09-22T20:10:32.1607074Z     AssertionError [ERR_ASSERTION]: Unexpected export before native Save
linux-packages	Previous-public package upgrades, native round trip and Debian first install	2026-09-22T20:10:32.1607546Z     + actual - expected
linux-packages	Previous-public package upgrades, native round trip and Debian first install	2026-09-22T20:10:32.1607881Z     
linux-packages	Previous-public package upgrades, native round trip and Debian first install	2026-09-22T20:10:32.1608192Z       {
linux-packages	Previous-public package upgrades, native round trip and Debian first install	2026-09-22T20:10:32.1608542Z         directories: [],
linux-packages	Previous-public package upgrades, native round trip and Debian first install	2026-09-22T20:10:32.1608890Z     +   files: {
linux-packages	Previous-public package upgrades, native round trip and Debian first install	2026-09-22T20:10:32.1609612Z     +     'previous-ui-export.zip': '6f93d339d2c9cfdafaad7f3c754fbbe74b87a1023cd832a70802b429bc261bd2'
linux-packages	Previous-public package upgrades, native round trip and Debian first install	2026-09-22T20:10:32.1610133Z     +   }
linux-packages	Previous-public package upgrades, native round trip and Debian first install	2026-09-22T20:10:32.1610465Z     -   files: {}
linux-packages	Previous-public package upgrades, native round trip and Debian first install	2026-09-22T20:10:32.1610797Z       }
linux-packages	Previous-public package upgrades, native round trip and Debian first install	2026-09-22T20:10:32.1611220Z     
linux-packages	Previous-public package upgrades, native round trip and Debian first install	2026-09-22T20:10:32.1611841Z         at assertArchiveProof (file:///home/runner/work/execs/execs/scripts/development-package-fixture.mjs:183:12)
linux-packages	Previous-public package upgrades, native round trip and Debian first install	2026-09-22T20:10:32.1612898Z         at assertDevelopmentPackagePreserved (file:///home/runner/work/execs/execs/scripts/development-package-fixture.mjs:230:3)
linux-packages	Previous-public package upgrades, native round trip and Debian first install	2026-09-22T20:10:32.1613869Z         at assertDevelopmentPackageCheckpoint (file:///home/runner/work/execs/execs/scripts/development-package-fixture.mjs:507:9)
linux-packages	Previous-public package upgrades, native round trip and Debian first install	2026-09-22T20:10:32.1614737Z         at preserve (file:///home/runner/work/execs/execs/scripts/development-package-smoke.mjs:326:22)
linux-packages	Previous-public package upgrades, native round trip and Debian first install	2026-09-22T20:10:32.1617980Z         at compare (file:///home/runner/work/execs/execs/scripts/development-package-smoke.mjs:493:26)
linux-packages	Previous-public package upgrades, native round trip and Debian first install	2026-09-22T20:10:32.1620005Z         at finishPackageCase (file:///home/runner/work/execs/execs/scripts/development-package-smoke.mjs:75:13)
linux-packages	Previous-public package upgrades, native round trip and Debian first install	2026-09-22T20:10:32.1620923Z         at process.processTicksAndRejections (node:internal/process/task_queues:104:5)
linux-packages	Previous-public package upgrades, native round trip and Debian first install	2026-09-22T20:10:32.1621595Z         at async main (file:///home/runner/work/execs/execs/scripts/development-package-smoke.mjs:490:21)
linux-packages	Previous-public package upgrades, native round trip and Debian first install	2026-09-22T20:10:32.1622195Z         at async file:///home/runner/work/execs/execs/scripts/development-package-smoke.mjs:513:3 {
linux-packages	Previous-public package upgrades, native round trip and Debian first install	2026-09-22T20:10:32.1622618Z       generatedMessage: false,
linux-packages	Previous-public package upgrades, native round trip and Debian first install	2026-09-22T20:10:32.1622868Z       code: 'ERR_ASSERTION',
linux-packages	Previous-public package upgrades, native round trip and Debian first install	2026-09-22T20:10:32.1623106Z       actual: {
linux-packages	Previous-public package upgrades, native round trip and Debian first install	2026-09-22T20:10:32.1623301Z         files: {
linux-packages	Previous-public package upgrades, native round trip and Debian first install	2026-09-22T20:10:32.1623719Z           'previous-ui-export.zip': '6f93d339d2c9cfdafaad7f3c754fbbe74b87a1023cd832a70802b429bc261bd2'
linux-packages	Previous-public package upgrades, native round trip and Debian first install	2026-09-22T20:10:32.1624131Z         },
linux-packages	Previous-public package upgrades, native round trip and Debian first install	2026-09-22T20:10:32.1624532Z         directories: []
linux-packages	Previous-public package upgrades, native round trip and Debian first install	2026-09-22T20:10:32.1624747Z       },
linux-packages	Previous-public package upgrades, native round trip and Debian first install	2026-09-22T20:10:32.1624988Z       expected: { files: {}, directories: [] },
linux-packages	Previous-public package upgrades, native round trip and Debian first install	2026-09-22T20:10:32.1625608Z       operator: 'deepStrictEqual',
linux-packages	Previous-public package upgrades, native round trip and Debian first install	2026-09-22T20:10:32.1625877Z       diff: 'simple'
linux-packages	Previous-public package upgrades, native round trip and Debian first install	2026-09-22T20:10:32.1626099Z     }
linux-packages	Previous-public package upgrades, native round trip and Debian first install	2026-09-22T20:10:32.1626303Z   ]
linux-packages	Previous-public package upgrades, native round trip and Debian first install	2026-09-22T20:10:32.1626493Z }
linux-packages	Previous-public package upgrades, native round trip and Debian first install	2026-09-22T20:10:32.1626603Z 
linux-packages	Previous-public package upgrades, native round trip and Debian first install	2026-09-22T20:10:32.1626693Z Node.js v24.20.0
linux-packages	Previous-public package upgrades, native round trip and Debian first install	2026-09-22T20:10:32.1767491Z ##[error]Process completed with exit code 1.
linux-packages	Retain fixture-only qualification evidence	2026-09-22T20:10:32.1835539Z Node 20 is being deprecated. This workflow is running with Node 24 by default. If you need to temporarily use Node 20, you can set the ACTIONS_ALLOW_USE_UNSECURE_NODE_VERSION=true environment variable. For more information see: https://github.blog/changelog/2025-09-19-deprecation-of-node-20-on-github-actions-runners/
linux-packages	Retain fixture-only qualification evidence	2026-09-22T20:10:32.1836736Z ##[group]Run actions/upload-artifact@v4
linux-packages	Retain fixture-only qualification evidence	2026-09-22T20:10:32.1837004Z with:
linux-packages	Retain fixture-only qualification evidence	2026-09-22T20:10:32.1837334Z   name: development-linux-packages-30624b62b2af65d6fd48ecae1d62618ad2cbc1fa
linux-packages	Retain fixture-only qualification evidence	2026-09-22T20:10:32.1837838Z   path: /home/runner/work/_temp/execs-development-packages-*/evidence/
linux-packages	Retain fixture-only qualification evidence	2026-09-22T20:10:32.1838195Z   if-no-files-found: warn
linux-packages	Retain fixture-only qualification evidence	2026-09-22T20:10:32.1838429Z   retention-days: 7
linux-packages	Retain fixture-only qualification evidence	2026-09-22T20:10:32.1838766Z   compression-level: 6
linux-packages	Retain fixture-only qualification evidence	2026-09-22T20:10:32.1838986Z   overwrite: false
linux-packages	Retain fixture-only qualification evidence	2026-09-22T20:10:32.1839198Z   include-hidden-files: false
linux-packages	Retain fixture-only qualification evidence	2026-09-22T20:10:32.1839429Z env:
linux-packages	Retain fixture-only qualification evidence	2026-09-22T20:10:32.1839657Z   PNPM_HOME: /home/runner/setup-pnpm/node_modules/.bin
linux-packages	Retain fixture-only qualification evidence	2026-09-22T20:10:32.1839993Z   CARGO_HOME: /home/runner/.cargo
linux-packages	Retain fixture-only qualification evidence	2026-09-22T20:10:32.1840229Z   CARGO_INCREMENTAL: 0
linux-packages	Retain fixture-only qualification evidence	2026-09-22T20:10:32.1840438Z   CARGO_TERM_COLOR: always
linux-packages	Retain fixture-only qualification evidence	2026-09-22T20:10:32.1840667Z   CACHE_ON_FAILURE: false
linux-packages	Retain fixture-only qualification evidence	2026-09-22T20:10:32.1840877Z ##[endgroup]
linux-packages	Retain fixture-only qualification evidence	2026-09-22T20:10:32.3482461Z (node:20445) [DEP0040] DeprecationWarning: The `punycode` module is deprecated. Please use a userland alternative instead.
linux-packages	Retain fixture-only qualification evidence	2026-09-22T20:10:32.3483694Z (Use `node --trace-deprecation ...` to show where the warning was created)
linux-packages	Retain fixture-only qualification evidence	2026-09-22T20:10:32.3574862Z With the provided path, there will be 7 files uploaded
linux-packages	Retain fixture-only qualification evidence	2026-09-22T20:10:32.3575732Z Artifact name is valid!
linux-packages	Retain fixture-only qualification evidence	2026-09-22T20:10:32.3576486Z Root directory input is valid!
linux-packages	Retain fixture-only qualification evidence	2026-09-22T20:10:32.6346249Z Beginning upload of artifact content to blob storage
linux-packages	Retain fixture-only qualification evidence	2026-09-22T20:10:32.6678884Z (node:20445) [DEP0169] DeprecationWarning: `url.parse()` behavior is not standardized and prone to errors that have security implications. Use the WHATWG URL API instead. CVEs are not issued for `url.parse()` vulnerabilities.
linux-packages	Retain fixture-only qualification evidence	2026-09-22T20:10:32.9627124Z Uploaded bytes 153673
linux-packages	Retain fixture-only qualification evidence	2026-09-22T20:10:33.0230223Z Finished uploading artifact content to blob storage!
linux-packages	Retain fixture-only qualification evidence	2026-09-22T20:10:33.0231604Z SHA256 digest of uploaded artifact zip is 638db48e9007a6c81daa3ab88aa90602b3c7ed7f93c85bb96f7411da01ef4f99
linux-packages	Retain fixture-only qualification evidence	2026-09-22T20:10:33.0232261Z Finalizing artifact upload
linux-packages	Retain fixture-only qualification evidence	2026-09-22T20:10:33.4539472Z Artifact development-linux-packages-30624b62b2af65d6fd48ecae1d62618ad2cbc1fa.zip successfully finalized. Artifact ID 10716766911
linux-packages	Retain fixture-only qualification evidence	2026-09-22T20:10:33.4540910Z Artifact development-linux-packages-30624b62b2af65d6fd48ecae1d62618ad2cbc1fa has been successfully uploaded! Final size is 153673 bytes. Artifact ID is 10716766911
linux-packages	Retain fixture-only qualification evidence	2026-09-22T20:10:33.4546154Z Artifact download URL: https://github.com/rndaom/execs/actions/runs/35777278336/artifacts/10716766911
linux-packages	Post Run pnpm/action-setup@v4	2026-09-22T20:10:33.4692361Z Node 20 is being deprecated. This workflow is running with Node 24 by default. If you need to temporarily use Node 20, you can set the ACTIONS_ALLOW_USE_UNSECURE_NODE_VERSION=true environment variable. For more information see: https://github.blog/changelog/2025-09-19-deprecation-of-node-20-on-github-actions-runners/
linux-packages	Post Run pnpm/action-setup@v4	2026-09-22T20:10:33.4693514Z Post job cleanup.
linux-packages	Post Run pnpm/action-setup@v4	2026-09-22T20:10:33.6062045Z Pruning is unnecessary.
linux-packages	Post Run actions/checkout@v4	2026-09-22T20:10:33.6402132Z Node 20 is being deprecated. This workflow is running with Node 24 by default. If you need to temporarily use Node 20, you can set the ACTIONS_ALLOW_USE_UNSECURE_NODE_VERSION=true environment variable. For more information see: https://github.blog/changelog/2025-09-19-deprecation-of-node-20-on-github-actions-runners/
linux-packages	Post Run actions/checkout@v4	2026-09-22T20:10:33.6403200Z Post job cleanup.
linux-packages	Post Run actions/checkout@v4	2026-09-22T20:10:33.7233846Z [command]/usr/bin/git version
linux-packages	Post Run actions/checkout@v4	2026-09-22T20:10:33.7271546Z git version 2.55.0
linux-packages	Post Run actions/checkout@v4	2026-09-22T20:10:33.7304153Z Temporarily overriding HOME='/home/runner/work/_temp/cfeac1af-8b03-47b9-ac52-1622aa7c6a4c' before making global git config changes
linux-packages	Post Run actions/checkout@v4	2026-09-22T20:10:33.7305615Z Adding repository directory to the temporary git global config as a safe directory
linux-packages	Post Run actions/checkout@v4	2026-09-22T20:10:33.7308644Z [command]/usr/bin/git config --global --add safe.directory /home/runner/work/execs/execs
linux-packages	Post Run actions/checkout@v4	2026-09-22T20:10:33.7345646Z [command]/usr/bin/git config --local --name-only --get-regexp core\.sshCommand
linux-packages	Post Run actions/checkout@v4	2026-09-22T20:10:33.7377193Z [command]/usr/bin/git submodule foreach --recursive sh -c "git config --local --name-only --get-regexp 'core\.sshCommand' && git config --local --unset-all 'core.sshCommand' || :"
linux-packages	Post Run actions/checkout@v4	2026-09-22T20:10:33.7588911Z [command]/usr/bin/git config --local --name-only --get-regexp http\.https\:\/\/github\.com\/\.extraheader
linux-packages	Post Run actions/checkout@v4	2026-09-22T20:10:33.7621205Z [command]/usr/bin/git submodule foreach --recursive sh -c "git config --local --name-only --get-regexp 'http\.https\:\/\/github\.com\/\.extraheader' && git config --local --unset-all 'http.https://github.com/.extraheader' || :"
linux-packages	Post Run actions/checkout@v4	2026-09-22T20:10:33.7911733Z [command]/usr/bin/git config --local --name-only --get-regexp ^includeIf\.gitdir:
linux-packages	Post Run actions/checkout@v4	2026-09-22T20:10:33.7954089Z [command]/usr/bin/git submodule foreach --recursive git config --local --show-origin --name-only --get-regexp remote.origin.url
linux-packages	Complete job	2026-09-22T20:10:33.8387125Z Cleaning up orphan processes
linux-packages	Complete job	2026-09-22T20:10:33.8650417Z ##[warning]Node.js 20 is deprecated. The following actions target Node.js 20 but are being forced to run on Node.js 24: actions/checkout@v4, actions/setup-node@v4, actions/upload-artifact@v4, pnpm/action-setup@v4. For more information see: https://github.blog/changelog/2025-09-19-deprecation-of-node-20-on-github-actions-runners/
